ID,Cost
1,718.9158000000011
2,506.08199600000006
3,448.17648199999974
4,465.7304540000002
5,748.0991999999985
6,559.3050909999994
7,468.32035
8,511.7497470000001
9,601.1262630000002
10,673.230704000001
11,605.2255369999991
12,642.0870999999987
13,637.6358470000009
14,441.4810360000002
15,669.902331999999
16,603.0022640000002
17,480.01463000000064
18,326.0104810000004
19,553.3486439999994
20,565.8525280000008
21,759.6051999999996
22,435.72071399999965
23,581.1183749999999
24,524.4021630000008
25,544.8279279999997
26,473.21249199999954
27,473.7333999999994
28,598.0159819999999
29,382.05150000000066
30,596.8920549999999
31,512.0771450000002
32,333.6216999999999
33,325.45453200000003
34,452.96559299999944
35,461.0480350000003
36,642.0870999999987
37,430.9540919999997
38,447.88674000000066
39,370.0978120000003
40,665.4024400000008
41,603.5744259999996
42,380.4181710000002
43,488.4867070000005
44,616.7974350000006
45,390.9424999999994
46,339.54676699999976
47,456.09261000000004
48,391.83683
49,544.367165
50,365.36361600000004
51,636.5908929999997
52,715.150200000002
53,648.0477310000006
54,598.9929460000001
55,292.67079999999993
56,630.0628069999993
57,415.2358500000001
58,634.5757740000006
59,413.6229180000005
60,568.820553
61,340.7789550000003
62,541.6569789999998
63,732.3087839999994
64,417.8220850000001
65,557.757011
66,458.0067900000006
67,604.7684350000003
68,480.5836539999995
69,518.0111030000006
70,655.2729760000001
71,432.0921400000006
72,594.5380319999995
73,489.4024800000008
74,396.22480000000064
75,734.8071550000008
76,567.2829329999994
77,448.2894499999999
78,352.0312999999996
79,578.6843330000007
80,497.4022879999996
81,329.6050600000003
82,769.7644750000009
83,566.7029260000008
84,585.9864590000001
85,399.82304
86,669.7093450000009
87,545.8174439999998
88,426.0880999999996
89,566.0277329999996
90,452.6554540000007
91,554.5473599999999
92,494.1403370000004
93,548.7948829999996
94,458.10929799999997
95,621.1383350000008
96,382.05150000000066
97,456.5120560000008
98,337.76385999999997
99,718.9158000000011
100,325.6898819999996
101,312.4150960000003
102,656.8628959999999
103,655.8869780000007
104,520.4085350000008
105,677.3226560000003
106,374.8309620000002
107,642.0870999999987
108,579.3359909999998
109,567.4738280000001
110,298.7213869999995
111,460.00987999999984
112,477.75945400000023
113,674.521991
114,352.0312999999996
115,327.5266579999996
116,445.6221499999999
117,722.681400000001
118,609.3917550000001
119,632.5946499999995
120,519.8274819999997
121,454.7029989999997
122,571.5291699999995
123,377.1269320000003
124,548.686099000001
125,716.194631
126,576.4145129999995
127,586.4210719999995
128,406.43951300000015
129,341.567116
130,351.7174999999995
131,335.7492639999998
132,565.331097000001
133,445.60070700000034
134,386.03048399999983
135,610.8687069999996
136,483.1552450000004
137,456.86351199999933
138,460.8780600000006
139,596.402527000001
140,556.5755540000008
141,607.1355330000005
142,556.9039979999999
143,305.3237389999997
144,700.5046310000002
145,586.8525469999995
146,545.5392080000007
147,453.0283529999997
148,454.044019
149,740.8572189999992
150,315.76648000000023
151,449.0755190000007
152,419.684488
153,661.7728200000008
154,477.99166600000075
155,569.8508629999998
156,646.5849000000012
157,707.4432719999999
158,548.6981280000003
159,423.0505160000003
160,510.06098000000014
161,384.86053300000015
162,664.9238950000009
163,725.9762999999999
164,752.4882159999993
165,369.08528399999994
166,453.6549070000008
167,473.70725000000004
168,547.9716809999998
169,477.09576700000025
170,480.12236800000056
171,532.4092929999994
172,351.2666739999997
173,551.3769340000003
174,406.5906599999999
175,773.110106000001
176,427.03577600000017
177,439.90053000000063
178,529.0631389999998
179,578.5290019999998
180,296.9510320000004
181,699.0914850000012
182,418.6128610000002
183,354.36754099999956
184,664.4683619999992
185,436.34935999999993
186,549.1468620000009
187,658.9151479999994
188,524.2159749999996
189,350.8283999999999
190,613.6819240000005
191,398.003523
192,539.4201079999993
193,559.7355199999997
194,403.483517
195,661.7168590000002
196,531.0458320000001
197,386.314473
198,307.22588999999977
199,348.18411199999986
200,604.5927069999993
201,554.0086700000004
202,532.2790660000009
203,602.5828180000001
204,504.89217100000036
205,442.34555499999954
206,543.6862189999999
207,494.10791100000074
208,552.7477169999996
209,699.8602950000007
210,336.84338
211,474.2323420000001
212,352.68138900000025
213,527.6635910000001
214,646.8071749999998
215,640.0008529999998
216,428.9122999999997
217,405.68116300000054
218,448.8344159999997
219,548.9815939999997
220,396.22480000000064
221,638.1808129999995
222,278.70669999999967
223,477.0382369999994
224,552.7592230000002
225,396.22480000000064
226,421.2874830000003
227,408.55452500000064
228,399.701181
229,520.3850000000006
230,354.6102130000005
231,587.1422889999996
232,539.7244939999998
233,434.54187199999996
234,571.8189120000008
235,531.6645410000007
236,652.2306850000001
237,712.5733790000003
238,444.4046060000005
239,456.7777399999996
240,398.54848899999956
241,500.10253700000084
242,647.1811200000006
243,571.1039710000002
244,320.17850799999997
245,494.59168600000083
246,449.4515560000008
247,551.5076840000008
248,529.0532020000004
249,495.6083980000003
250,364.01375300000063
251,646.0509169999997
252,472.83488599999976
253,631.110899
254,487.7356790000007
255,426.2601669999997
256,551.4689820000002
257,642.010742
258,765.5313129999998
259,467.253953
260,725.9762999999999
261,422.85229900000013
262,678.4858079999999
263,560.7203289999999
264,668.707277000001
265,417.22952599999996
266,424.5044560000001
267,585.7615689999999
268,601.4369250000003
269,449.59747300000083
270,527.7896340000008
271,366.49381900000014
272,354.67872600000015
273,612.2912669999996
274,440.0652749999998
275,489.26493100000044
276,481.96280500000074
277,484.57780500000064
278,603.860507
279,462.7101289999999
280,342.5106080000003
281,676.2363849999992
282,377.05632699999967
283,372.9513000000002
284,444.71579099999997
285,447.66289600000016
286,537.6466150000003
287,715.2166210000001
288,477.69303300000036
289,710.2339999999984
290,384.36054499999983
291,524.4392960000002
292,593.5919250000007
293,546.0449490000009
294,642.4552920000006
295,411.0596950000001
296,609.4764810000004
297,576.0321999999995
298,708.3485849999994
299,473.6512890000007
300,692.3181120000007
301,484.2749880000008
302,492.62677500000063
303,449.15239999999926
304,568.7054929999997
305,409.83064499999995
306,539.4410279999997
307,594.0322909999994
308,710.2339999999984
309,339.35325700000067
310,493.33334800000085
311,385.7647999999995
312,412.5423999999998
313,531.8407919999997
314,427.02113200000014
315,453.8567850000002
316,549.8246700000009
317,451.93894399999937
318,568.2954610000006
319,603.090650999999
320,558.9546810000004
321,611.2055190000011
322,440.0762579999996
323,289.64158400000025
324,527.2326390000009
325,620.2037340000005
326,306.031358
327,569.7650910000004
328,646.3422279999994
329,382.05150000000066
330,392.34623200000016
331,465.48150599999923
332,545.0643239999995
333,643.4798489999993
334,557.4327509999996
335,527.2399609999998
336,580.7554130000001
337,618.4433160000001
338,492.95364999999947
339,449.15239999999926
340,718.9158000000011
341,452.9206149999994
342,391.0690659999998
343,605.9692429999998
344,640.9391150000006
345,433.4948260000003
346,378.66873600000014
347,567.0020820000004
348,589.7965139999995
349,443.1494059999995
350,388.97340500000035
351,486.71844400000026
352,337.76385999999997
353,326.9958130000004
354,653.9377570000003
355,615.3937030000001
356,404.1571410000004
357,454.418487
358,412.29292899999996
359,570.4873540000007
360,683.616960999999
361,347.46655599999974
362,357.76913300000035
363,659.8983879999997
364,281.4785999999996
365,506.60342699999995
366,631.7845230000012
367,499.2348800000003
368,352.84351899999945
369,459.4753739999993
370,442.90882600000043
371,749.8125480000003
372,442.559462
373,616.6384430000005
374,635.032876
375,653.1543030000003
376,490.5107170000008
377,501.11977200000075
378,356.5066110000004
379,573.884239
380,676.3823020000007
381,693.8787439999999
382,635.6447859999998
383,543.1574659999993
384,397.96691300000026
385,471.9123140000006
386,657.2875719999994
387,635.0548419999992
388,406.4755999999996
389,477.12348599999956
390,497.36672400000066
391,391.69666599999977
392,490.106961000001
393,466.75762599999985
394,573.118044
395,331.91881200000023
396,446.86793600000004
397,647.7490979999995
398,561.3761710000006
399,719.6202810000001
400,463.1039479999996
401,421.1337210000002
402,569.5208499999994
403,330.9957170000006
404,475.8013419999998
405,590.3195139999996
406,458.5648310000002
407,460.45495299999993
408,437.5370930000003
409,398.17402100000004
410,326.8964429999997
411,531.745083
412,518.1988600000001
413,386.56865099999993
414,593.4737269999997
415,752.0792299999993
416,380.50864999999993
417,341.0650359999999
418,498.4645010000003
419,462.884288
420,428.0483039999997
421,437.6751650000004
422,590.2598919999998
423,606.3714299999997
424,566.6202919999995
425,692.5958250000012
426,506.06159899999983
427,530.3779610000007
428,346.48959200000013
429,572.7702489999997
430,614.1677910000008
431,343.50639999999925
432,532.5133700000005
433,335.0024199999999
434,449.15239999999926
435,558.4855499999993
436,464.8988839999997
437,642.0870999999987
438,722.681400000001
439,562.1679930000003
440,663.3653550000004
441,382.08444899999995
442,546.3435819999994
443,474.22868100000045
444,385.488656
445,433.77201599999967
446,504.9047230000008
447,404.38360000000046
448,513.6121499999995
449,278.70669999999967
450,716.4964020000001
451,453.6705970000003
452,717.2557980000003
453,510.69119499999977
454,561.8552390000003
455,522.9560680000005
456,569.4967920000008
457,343.28674
458,390.901183
459,475.1941389999998
460,710.2339999999984
461,538.5650029999996
462,396.22480000000064
463,748.0991999999985
464,376.25927500000006
465,559.1722489999992
466,388.55761999999993
467,586.6543300000004
468,539.4661320000001
469,571.6567820000008
470,653.942464000001
471,622.0059920000004
472,607.3609459999991
473,670.5623580000001
474,650.2103359999995
475,673.5052789999992
476,368.8541180000003
477,470.8401640000003
478,609.1543129999991
479,396.48682300000013
480,321.8908100000004
481,603.4342620000003
482,565.4121619999994
483,383.37835100000035
484,462.86912099999955
485,600.5018009999991
486,640.7691399999994
487,604.6722030000004
488,575.2346249999996
489,616.9600879999995
490,281.4785999999996
491,551.1504749999999
492,347.63809999999995
493,326.25785999999977
494,441.28124999999994
495,564.7353999999999
496,460.2075739999997
497,608.959234
498,642.0870999999987
499,678.6191730000005
500,336.3831399999999
501,534.6796360000001
502,428.1905600000001
503,382.41864600000014
504,449.15239999999926
505,574.6755380000004
506,463.6619890000005
507,458.6673389999993
508,676.3566750000005
509,409.4247970000004
510,771.7607660000009
511,467.8825989999995
512,505.15314800000056
513,505.9695510000003
514,343.11519600000014
515,413.06539999999995
516,536.8296889999999
517,287.00357199999945
518,414.558042
519,699.2802880000006
520,357.2335809999997
521,552.612782999999
522,645.5749870000013
523,718.9158000000011
524,482.9769020000008
525,651.2704569999994
526,655.4434739999996
527,327.1783399999998
528,461.5835869999992
529,464.97105800000065
530,484.42770400000046
531,530.710065999999
532,651.0460900000007
533,656.5234689999997
534,561.3092269999999
535,555.2094780000002
536,339.0044160000001
537,461.54593100000005
538,650.8436889999995
539,458.07477999999975
540,557.2936329999994
541,684.293722999999
542,417.2572449999999
543,580.6366919999996
544,457.4100470000002
545,666.2225040000003
546,645.6330399999993
547,425.9364300000002
548,519.8426489999997
549,525.1850939999989
550,397.8722499999999
551,279.0952889999996
552,410.0843000000001
553,706.8397300000001
554,715.150200000002
555,488.8083520000005
556,319.15133600000047
557,718.9158000000011
558,515.6042570000009
559,345.1956900000003
560,468.46678999999943
561,318.07657099999943
562,472.33751300000057
563,576.2685959999998
564,611.9539319999993
565,725.9762999999999
566,469.6362180000006
567,653.9612919999998
568,557.0724040000005
569,476.37454999999966
570,453.6810570000003
571,460.42566499999987
572,427.95625600000017
573,636.481063000001
574,565.8640339999997
575,501.0292929999998
576,309.8461200000002
577,380.308864
578,450.2015379999999
579,439.0171830000002
580,686.9625920000003
581,696.0669760000005
582,545.887526
583,313.894663
584,497.4744619999996
585,351.3268190000004
586,482.6505500000006
587,468.45789900000005
588,353.3126499999997
589,694.1015419999998
590,449.15239999999926
591,622.7151799999999
592,601.3956079999998
593,496.7558600000001
594,613.8879860000005
595,577.9819440000001
596,598.6807150000005
597,436.812215
598,653.1767919999995
599,348.31904599999945
600,570.3142409999999
601,722.6814000000012
602,360.167088
603,444.44539999999995
604,315.65717299999943
605,554.117454
606,519.3426609999995
607,481.68195399999985
608,625.5540239999993
609,451.2951310000002
610,580.581254
611,539.7987599999996
612,516.3118760000001
613,569.9450029999994
614,583.3186359999996
615,429.70046100000036
616,526.3994999999994
617,542.4885490000008
618,393.37340399999994
619,278.70669999999967
620,382.05150000000066
621,365.90648999999945
622,671.6512440000002
623,722.6814000000012
624,370.09362799999957
625,460.81530000000004
626,669.2308000000008
627,356.82459500000033
628,449.40187099999923
629,425.2664669999998
630,532.2440249999999
631,542.6559089999996
632,496.22240000000005
633,725.9762999999999
634,343.3766959999999
635,564.514694
636,292.67079999999993
637,691.1267179999994
638,527.7033390000007
639,382.05150000000066
640,468.50967599999973
641,558.2894249999999
642,536.2057500000001
643,668.6670059999991
644,341.90602
645,343.8275220000006
646,494.2883460000005
647,443.0714789999995
648,423.65196599999996
649,354.6123050000003
650,545.8200589999997
651,561.0017029999997
652,383.1571220000003
653,319.28626999999943
654,435.792888
655,493.55719200000067
656,422.2817060000001
657,514.1042929999988
658,672.6276849999991
659,441.7765309999996
660,619.6137900000007
661,418.27500300000014
662,307.22588999999977
663,709.4432239999993
664,613.7399769999994
665,643.0258849999998
666,573.0777729999993
667,643.7350729999998
668,504.0647850000002
669,468.8600860000001
670,657.2671750000009
671,564.7913609999997
672,473.5425050000007
673,579.2319139999998
674,445.5787409999996
675,476.71816100000024
676,413.0810900000002
677,468.5703440000005
678,485.8147000000006
679,473.5592409999996
680,478.1349680000006
681,575.7476880000004
682,393.3639899999998
683,619.1624409999997
684,421.7471999999998
685,406.55404999999985
686,608.8776460000001
687,565.8844309999998
688,579.8982159999995
689,534.5823580000007
690,540.3667379999993
691,506.34820299999984
692,618.0625720000011
693,424.6535110000004
694,406.55404999999985
695,722.9429000000007
696,620.6409620000001
697,556.480891
698,508.1332019999994
699,556.8386230000006
700,676.2515520000002
701,469.9589090000002
702,519.5759189999998
703,673.1088450000003
704,453.07489999999996
705,418.3236420000002
706,530.4485659999999
707,652.8310889999996
708,452.68526499999984
709,570.2959359999993
710,456.84311500000064
711,739.469700000001
712,540.3248979999996
713,594.0600100000006
714,319.28626999999943
715,439.82051100000035
716,638.9187660000008
717,683.4229280000005
718,563.2589709999994
719,650.7333359999998
720,608.193562
721,707.1415009999998
722,450.4578080000005
723,692.595825000001
724,474.60262600000067
725,757.0215799999992
726,561.7265810000001
727,470.60899800000016
728,477.159573
729,482.2379029999998
730,545.2170399999991
731,475.10993600000023
732,578.8977170000004
733,466.4631769999993
734,652.0031800000008
735,355.5772399999995
736,748.0991999999985
737,706.2361880000003
738,303.16008800000054
739,289.04379499999953
740,612.8404170000003
741,725.9762999999999
742,725.2880319999992
743,528.1803150000007
744,493.6319810000005
745,688.1414340000001
746,466.7408900000001
747,417.40629999999976
748,648.6533650000007
749,537.7726579999992
750,459.7102010000003
751,598.9793480000003
752,426.231925
753,557.8637029999994
754,589.7426450000002
755,738.8881239999994
756,466.5484259999997
757,448.37836000000067
758,360.533711
759,383.7789690000001
760,661.0955350000008
761,494.49650000000037
762,404.7496999999996
763,558.8840760000008
764,552.2179179999991
765,466.0892319999998
766,349.47487600000017
767,340.552496
768,532.1938169999999
769,459.04232999999994
770,535.500746
771,497.4001959999998
772,718.9158000000011
773,538.3866599999997
774,557.0823409999992
775,440.62383900000015
776,479.21862400000055
777,543.672098000001
778,500.4953100000003
779,538.8897859999993
780,686.4270400000004
781,469.84489500000086
782,469.17493199999916
783,663.9668050000009
784,398.58039200000013
785,421.74719999999985
786,367.0142039999999
787,500.69875700000057
788,527.1484360000004
789,588.0041930000008
790,458.26672100000053
791,589.3320899999994
792,520.9718060000005
793,486.6996160000006
794,642.0870999999987
795,521.2772380000006
796,472.41805500000066
797,458.33052700000053
798,616.5082160000006
799,526.724805999999
800,338.0677230000004
801,575.9343990000012
802,350.40215500000056
803,559.2308250000001
804,709.5551459999999
805,474.87301699999944
806,457.72436999999996
807,368.9451200000001
808,423.64569000000085
809,683.3622599999998
810,493.613676
811,671.6130649999991
812,612.9131140000003
813,350.6239069999998
814,531.3162230000002
815,567.1113889999993
816,472.2020559999998
817,307.4089399999999
818,456.34051200000084
819,461.89581799999957
820,468.02537800000044
821,440.9935999999998
822,450.70884799999953
823,426.3851640000002
824,669.596899999999
825,636.0731229999998
826,459.872330999999
827,740.3132989999993
828,613.3435430000004
829,483.4329580000008
830,559.7872969999995
831,389.1904499999999
832,709.253898
833,772.6299920000009
834,512.4955450000001
835,447.4646789999998
836,459.9779770000001
837,586.8002470000013
838,615.9752790000006
839,541.1946469999999
840,469.96936899999963
841,544.8420489999992
842,731.0865329999995
843,447.18905799999925
844,590.8791239999998
845,511.9118770000005
846,449.15239999999926
847,666.9986360000001
848,630.4482579999998
849,598.7366760000001
850,577.5353020000002
851,606.6548959999999
852,401.463168
853,499.24011000000013
854,438.9188589999999
855,477.5669899999998
856,729.7602050000007
857,387.6371399999999
858,722.9429000000007
859,569.3106040000008
860,446.98351900000074
861,562.2746850000009
862,455.37610000000086
863,577.5609289999999
864,292.67079999999993
865,442.20486800000015
866,365.21717600000034
867,535.3129890000001
868,569.7446940000009
869,594.266595
870,716.4964019999996
871,328.96386199999944
872,269.1880999999996
873,722.6814000000012
874,359.74293500000056
875,464.33718199999987
876,451.5733669999998
877,441.3429639999997
878,709.6105840000004
879,363.776834
880,690.1759040000004
881,536.5760340000008
882,412.4608120000001
883,548.1850650000003
884,461.57469600000064
885,609.8614090000005
886,462.56002799999993
887,481.395873
888,411.346299
889,566.0727109999997
890,445.35228199999955
891,549.6206999999999
892,560.5864409999999
893,462.85866100000027
894,516.8301689999998
895,598.3967259999994
896,556.5310990000004
897,725.9762999999999
898,671.1449800000009
899,326.12187999999963
900,361.92750600000016
901,550.5908650000008
902,583.3479240000003
903,674.7327600000006
904,465.4794140000002
905,327.63857999999976
906,593.878529
907,563.4686939999996
908,352.3895550000003
909,555.6064349999996
910,420.276524
911,595.5641579999999
912,505.95124600000076
913,456.09993199999997
914,537.1105400000001
915,578.0562100000001
916,358.3130529999998
917,607.396509999999
918,676.2897310000006
919,534.9495039999997
920,590.0998539999996
921,464.01292200000006
922,689.3663000000009
923,398.9172039999999
924,382.07817300000016
925,417.643742
926,455.1920040000008
927,557.560886
928,392.40271599999966
929,607.1590680000002
930,562.1402740000001
931,396.22480000000064
932,335.60020900000063
933,350.623384
934,409.6711299999999
935,349.603011
936,326.61977600000023
937,769.7513999999996
938,461.6442550000007
939,481.7902150000004
940,682.1426240000004
941,547.6693869999996
942,618.1274240000006
943,598.5761149999989
944,431.65752699999996
945,608.7369590000008
946,333.6651090000001
947,739.8478290000011
948,587.8635059999995
949,734.0692019999994
950,557.030564
951,311.0610489999999
952,494.071301
953,701.4224960000006
954,488.42133200000063
955,725.3617749999996
956,527.3053360000002
957,645.0770909999999
958,295.1022269999999
959,777.2826000000001
960,549.0950850000004
961,644.5561830000007
962,485.8581090000009
963,503.2426289999996
964,598.718371
965,458.52142199999986
966,345.58793999999995
967,517.6345430000002
968,449.15239999999926
969,451.7857050000003
970,535.2852700000008
971,565.8331769999993
972,564.2113539999996
973,638.7372849999999
974,720.7546679999994
975,403.80463900000024
976,611.1181780000003
977,675.3823259999997
978,681.0432779999991
979,732.2836800000009
980,533.6048710000002
981,442.41929799999974
982,503.3681490000007
983,677.9805900000007
984,395.3618500000002
985,338.22409999999996
986,562.8091909999998
987,504.5757560000009
988,522.8744799999996
989,527.3994760000005
990,421.74720000000013
991,315.79263000000043
992,495.94102600000014
993,269.1880999999996
994,383.85009700000023
995,725.9762999999999
996,444.2775170000002
997,442.3915790000005
998,532.4207989999999
999,380.5870999999995
1000,475.2150589999996
1001,488.62425599999995
1002,460.1197099999994
1003,646.5849000000012
1004,538.0268360000002
1005,416.00047600000005
1006,342.0566440000005
1007,556.905566999999
1008,678.8356950000002
1009,358.4275900000004
1010,313.98827999999975
1011,460.7577700000007
1012,342.59428799999995
1013,537.4191099999997
1014,710.2339999999984
1015,642.0870999999987
1016,464.7357080000002
1017,343.50639999999925
1018,439.8429999999999
1019,577.4652199999992
1020,558.0797020000002
1021,580.1168299999996
1022,584.5618069999995
1023,398.9867630000006
1024,340.98554
1025,548.038102
1026,528.3921300000003
1027,608.5220060000006
1028,599.1017300000003
1029,457.2290889999999
1030,557.5535639999994
1031,587.1611169999995
1032,588.9602370000002
1033,582.9781630000002
1034,536.3799090000007
1035,368.9629020000006
1036,426.99341300000015
1037,462.7938089999996
1038,455.91217499999965
1039,269.1880999999996
1040,777.2826000000001
1041,624.3720440000002
1042,655.7206640000004
1043,751.3606280000002
1044,520.9095689999996
1045,325.33476499999944
1046,697.3075319999994
1047,336.8611620000005
1048,484.9140939999997
1049,626.6068229999996
1050,607.5351049999997
1051,611.6014300000004
1052,630.0298579999998
1053,689.2297970000009
1054,564.9116510000008
1055,444.2529359999999
1056,560.467720000001
1057,346.0711919999992
1058,489.7732869999998
1059,573.1368719999996
1060,374.8942450000002
1061,688.2836899999992
1062,397.87225
1063,537.7627209999995
1064,352.0312999999996
1065,551.519713
1066,427.041528999999
1067,682.5061090000002
1068,556.4500340000008
1069,676.3483070000003
1070,593.7477789999998
1071,597.931256
1072,556.7068269999996
1073,367.695673
1074,725.9762999999999
1075,331.6698640000005
1076,644.6586910000004
1077,360.9746000000003
1078,389.60989599999994
1079,684.389431999999
1080,529.9417790000002
1081,542.9608179999996
1082,536.9771749999999
1083,458.15741400000064
1084,602.7920180000003
1085,391.36089999999984
1086,504.3571420000008
1087,509.6624539999999
1088,589.0067839999994
1089,353.22007900000017
1090,417.0689650000006
1091,292.67079999999993
1092,292.67079999999993
1093,460.4214810000005
1094,590.2865650000006
1095,622.556711
1096,557.9756250000003
1097,483.76401700000054
1098,418.14948300000003
1099,457.30596999999995
1100,581.7151180000008
1101,460.55693799999926
1102,401.33137200000004
1103,661.2299459999991
1104,327.6385799999999
1105,434.7699
1106,479.6249950000008
1107,537.4991290000004
1108,497.88658600000076
1109,334.47889700000036
1110,507.1374099999997
1111,712.5733789999999
1112,682.694911999999
1113,396.22480000000064
1114,395.8294120000004
1115,484.693911
1116,467.3648289999999
1117,440.2770899999996
1118,566.37239
1119,518.6198750000004
1120,499.3755670000005
1121,653.9916259999994
1122,470.3454060000007
1123,647.1910569999995
1124,307.1892799999995
1125,450.28417200000035
1126,571.8482000000002
1127,556.5169779999995
1128,596.4867300000006
1129,606.5361750000004
1130,589.8461989999995
1131,491.61372400000005
1132,705.029104
1133,487.02858300000094
1134,538.8662509999997
1135,678.9293120000002
1136,448.59017500000067
1137,391.9644420000002
1138,330.8602599999999
1139,513.1288979999999
1140,374.9585739999997
1141,559.214088999999
1142,460.8921810000003
1143,333.4668920000002
1144,282.88808499999965
1145,532.5824060000006
1146,596.4574419999999
1147,446.4286159999995
1148,407.29932500000024
1149,530.6922840000003
1150,462.44862900000027
1151,646.5849000000012
1152,449.15239999999926
1153,591.2049529999997
1154,573.9663499999997
1155,436.7013390000004
1156,474.6632939999995
1157,396.0532560000001
1158,559.5890800000002
1159,501.33524800000066
1160,404.3836
1161,540.5853519999998
1162,403.13519900000045
1163,384.9238160000004
1164,710.2339999999983
1165,568.3786180000002
1166,642.0870999999987
1167,550.7770530000003
1168,725.9762999999999
1169,709.5556690000001
1170,663.5588649999997
1171,512.3119720000003
1172,314.44747399999943
1173,637.4292619999987
1174,682.1515150000009
1175,446.831849
1176,500.5042009999998
1177,455.9906249999996
1178,581.055092000001
1179,576.1964220000004
1180,376.9956590000002
1181,641.9746549999995
1182,703.0291520000006
1183,321.38454600000057
1184,610.5198660000005
1185,738.8447150000006
1186,447.8762799999999
1187,393.38281800000004
1188,278.70669999999967
1189,713.5288999999995
1190,558.0457069999998
1191,451.8840289999996
1192,522.8300250000009
1193,679.6045050000008
1194,667.6304199999996
1195,589.0977859999996
1196,664.9892700000005
1197,506.3712150000008
1198,643.6874799999994
1199,535.8443569999996
1200,498.77934699999975
1201,689.3663000000009
1202,734.3024600000006
1203,646.0509169999996
1204,436.9403500000002
1205,752.9610080000014
1206,499.92157900000007
1207,343.50639999999925
1208,525.3341490000001
1209,512.9264970000003
1210,531.014452000001
1211,467.8517420000002
1212,562.4525049999995
1213,600.7355820000005
1214,456.5256540000005
1215,653.4388150000009
1216,513.2716769999997
1217,359.04368400000016
1218,545.1851370000009
1219,446.6911620000005
1220,626.2914540000003
1221,588.4236389999996
1222,435.1924839999997
1223,343.17481800000036
1224,427.76170000000013
1225,541.6935889999992
1226,506.66566400000085
1227,485.9114550000005
1228,705.0291040000002
1229,535.2423840000001
1230,365.0539999999995
1231,702.3393150000014
1232,464.90882100000005
1233,424.61951600000015
1234,525.0742180000005
1235,504.45860400000026
1236,474.75115800000066
1237,585.0413979999994
1238,667.8704770000011
1239,315.0478779999996
1240,758.1721799999999
1241,624.276858
1242,462.71849700000035
1243,542.8368670000011
1244,638.4940899999997
1245,492.59068800000057
1246,553.86223
1247,547.6756629999996
1248,351.94814299999945
1249,317.66706199999965
1250,526.1327700000008
1251,502.33888500000046
1252,535.2627810000001
1253,510.8036400000001
1254,336.4903550000002
1255,443.70273999999966
1256,375.9177559999997
1257,600.4882029999994
1258,551.6222209999992
1259,473.1214900000002
1260,439.72114100000016
1261,369.85723199999995
1262,673.8677180000008
1263,525.8430280000009
1264,639.0955399999999
1265,629.1135619999995
1266,677.7290270000005
1267,561.1800459999996
1268,443.0641569999997
1269,568.0580189999996
1270,278.70669999999967
1271,529.8424090000009
1272,618.0270079999999
1273,470.1524190000002
1274,343.50639999999925
1275,573.1347799999994
1276,427.77582100000006
1277,536.7507160000007
1278,645.0017789999998
1279,582.1125979999996
1280,452.3097509999999
1281,503.2687790000008
1282,721.0156450000004
1283,382.05150000000066
1284,455.1030939999997
1285,641.7026949999995
1286,564.2354120000002
1287,377.77545200000054
1288,467.2241419999997
1289,488.6509290000005
1290,358.5426500000004
1291,637.3037419999996
1292,527.734719000001
1293,593.5835569999996
1294,696.6025280000008
1295,510.68857999999994
1296,400.53275099999996
1297,710.2339999999984
1298,556.8501289999998
1299,718.9158000000011
1300,442.5652150000006
1301,505.1902810000008
1302,446.7596749999998
1303,573.0610369999997
1304,642.0870999999987
1305,715.150200000002
1306,642.0870999999987
1307,541.3353339999998
1308,457.4445650000008
1309,722.2300510000001
1310,769.7513999999996
1311,304.6919549999999
1312,464.61071099999987
1313,759.6051999999996
1314,626.5351720000002
1315,624.2004999999994
1316,308.39897899999943
1317,358.05469100000005
1318,542.8101940000009
1319,480.86973500000056
1320,509.5479169999997
1321,336.38313999999997
1322,398.1813430000004
1323,631.9126579999993
1324,623.496019
1325,517.3228350000002
1326,474.2333880000003
1327,420.3931530000002
1328,574.6588019999997
1329,555.5557040000008
1330,566.5805440000005
1331,458.25260000000003
1332,445.16975500000024
1333,551.2043439999999
1334,576.2685960000001
1335,560.8887349999999
1336,592.5940410000004
1337,431.3515720000001
1338,687.8229270000002
1339,376.7624009999997
1340,691.1193959999997
1341,370.34885200000014
1342,561.1402979999995
1343,560.6544310000005
1344,687.4981440000005
1345,650.9665939999996
1346,527.5385939999996
1347,777.2826000000001
1348,536.9740370000006
1349,671.4849300000006
1350,292.67079999999993
1351,595.7252420000001
1352,579.9881720000002
1353,529.6081049999993
1354,401.0991600000002
1355,590.4115619999997
1356,715.150200000002
1357,419.4915009999997
1358,437.2954669999999
1359,550.9512119999998
1360,467.3041609999993
1361,362.899763
1362,525.024533
1363,330.5150800000005
1364,353.8403569999997
1365,540.1099449999997
1366,434.7699
1367,559.3192119999995
1368,493.9766379999999
1369,425.11532000000034
1370,334.54217999999986
1371,694.4749639999998
1372,360.7131000000006
1373,438.7096589999996
1374,757.39814
1375,396.22480000000064
1376,541.617754
1377,502.46754300000083
1378,579.1644469999999
1379,457.0481309999998
1380,459.9941899999998
1381,636.7321030000006
1382,512.2267230000003
1383,337.3036199999999
1384,484.1144270000005
1385,445.62947200000036
1386,503.93037400000026
1387,603.9300659999994
1388,505.25251799999967
1389,695.5314240000006
1390,462.0474880000001
1391,531.4422660000007
1392,446.682270999999
1393,537.1696390000002
1394,468.80255600000027
1395,690.9970140000001
1396,693.8185989999995
1397,597.766511000001
1398,612.2975429999999
1399,332.8623040000007
1400,748.0991999999985
1401,573.7665639999992
1402,580.2120160000002
1403,535.1409219999995
1404,626.0524429999994
1405,526.0548430000005
1406,729.7602050000007
1407,599.2607220000002
1408,436.94034999999974
1409,399.57199999999955
1410,416.09618499999976
1411,689.3663000000009
1412,650.2103359999996
1413,458.68198300000006
1414,493.2407770000004
1415,345.58794
1416,537.5258020000001
1417,525.3608220000003
1418,418.6348270000002
1419,472.2883509999998
1420,466.69382000000047
1421,345.98751199999987
1422,463.0071929999991
1423,437.4868850000005
1424,577.4955539999994
1425,486.24303699999984
1426,460.7373730000001
1427,330.0145690000004
1428,281.98643299999964
1429,553.258688000001
1430,500.283495
1431,549.460662
1432,581.6654330000005
1433,420.4234870000005
1434,467.7858440000007
1435,461.26717199999985
1436,555.5133409999997
1437,506.75352800000064
1438,611.2991360000003
1439,453.7124370000009
1440,558.3495700000008
1441,662.3795000000008
1442,670.9462400000004
1443,325.8556730000004
1444,586.3536050000004
1445,637.1039560000003
1446,370.50993600000066
1447,435.4158049999998
1448,675.4518850000009
1449,689.1048000000005
1450,609.6872499999989
1451,376.010327
1452,748.0991999999985
1453,722.6814000000012
1454,468.3752650000003
1455,648.2208439999993
1456,483.0731340000009
1457,609.566436999999
1458,327.0188250000005
1459,692.9938280000002
1460,459.04076099999975
1461,522.7520980000003
1462,404.38360000000006
1463,457.84832100000085
1464,560.4096669999993
1465,449.0226959999995
1466,534.3051680000007
1467,325.08843200000024
1468,461.78807999999924
1469,462.58147100000053
1470,389.1737139999999
1471,705.1645609999989
1472,688.5692480000004
1473,685.6190049999996
1474,576.4913940000001
1475,441.54745700000035
1476,541.6533179999997
1477,463.6515290000003
1478,582.4206450000006
1479,515.1623220000005
1480,489.26493100000096
1481,648.2208439999994
1482,681.0715200000003
1483,519.9399270000005
1484,294.6074689999999
1485,483.72793000000047
1486,511.9694070000002
1487,494.7726439999996
1488,662.1268909999994
1489,471.6675500000003
1490,548.3037860000001
1491,424.58604400000047
1492,391.36090000000013
1493,423.1226900000002
1494,725.9762999999999
1495,611.592538999999
1496,701.3053439999993
1497,560.4875940000003
1498,473.70724999999953
1499,633.4717209999995
1500,452.1335000000001
1501,301.3238350000005
1502,430.19992600000035
1503,396.22480000000064
1504,419.99305800000025
1505,594.7153290000001
1506,546.8807029999995
1507,464.79794499999946
1508,637.2775919999999
1509,577.7335189999999
1510,397.8178579999999
1511,605.6047119999997
1512,509.5787740000006
1513,347.42890000000006
1514,694.9958720000006
1515,666.8490580000002
1516,365.31550000000016
1517,420.5788180000003
1518,566.4409029999994
1519,545.4231020000002
1520,359.93121499999984
1521,592.866001
1522,744.9010550000004
1523,725.9762999999999
1524,626.844265000001
1525,643.0258849999998
1526,570.5406999999993
1527,665.402440000001
1528,522.1600619999997
1529,361.66286800000046
1530,536.0242690000007
1531,514.7135879999996
1532,362.8354339999995
1533,510.6289579999995
1534,392.9293770000006
1535,663.1268669999997
1536,676.7871040000002
1537,692.8437270000005
1538,752.3177179999993
1539,456.86664999999994
1540,526.6756439999997
1541,501.9623249999997
1542,455.28248299999973
1543,501.4419399999995
1544,434.7699
1545,715.150200000002
1546,536.3940300000007
1547,702.6212119999993
1548,477.7333039999999
1549,777.2826000000001
1550,777.2826000000001
1551,532.4940189999991
1552,439.4329679999996
1553,572.9836329999998
1554,566.3875569999991
1555,773.6540260000008
1556,629.3358370000002
1557,537.1565639999997
1558,442.80527199999983
1559,681.6070720000004
1560,584.9420280000008
1561,382.10484599999984
1562,365.64969700000006
1563,656.777647
1564,615.9208870000007
1565,401.0322160000001
1566,292.67289199999954
1567,467.0128500000001
1568,449.40187099999923
1569,543.4064139999998
1570,473.02735000000075
1571,352.0312999999996
1572,320.2747399999998
1573,310.8827060000004
1574,586.8394720000007
1575,589.9460919999996
1576,634.6850809999997
1577,394.81479200000007
1578,413.46706400000005
1579,715.150200000002
1580,466.31516799999986
1581,574.852312
1582,344.8714299999999
1583,413.0653999999998
1584,439.0904029999998
1585,284.64222699999965
1586,643.7434410000006
1587,406.8249640000004
1588,419.74777100000006
1589,563.4728779999997
1590,632.9194329999997
1591,562.9660910000011
1592,584.4211199999997
1593,458.27927300000084
1594,331.09456399999965
1595,417.46696799999984
1596,365.2537859999999
1597,490.2361420000008
1598,607.3630380000003
1599,384.5367960000006
1600,455.77148800000083
1601,642.0870999999987
1602,404.29469000000006
1603,592.1955149999999
1604,377.06364900000017
1605,307.65631899999994
1606,569.3126960000006
1607,378.1514890000002
1608,624.2004999999994
1609,338.22409999999996
1610,421.7477229999999
1611,421.98830300000003
1612,549.3571080000003
1613,478.0131090000003
1614,352.0312999999996
1615,546.0888809999998
1616,670.8876639999994
1617,347.84416199999924
1618,575.9406750000002
1619,469.17702399999973
1620,770.6216719999992
1621,566.8718549999994
1622,414.63073899999995
1623,697.4675700000013
1624,496.0979259999998
1625,398.1018470000004
1626,737.3306300000004
1627,494.76375299999995
1628,536.0054409999997
1629,725.9762999999999
1630,409.9854530000002
1631,494.3354159999996
1632,473.90285199999954
1633,686.1111480000001
1634,580.7695339999996
1635,717.7092389999988
1636,438.6500370000002
1637,557.3543009999997
1638,579.9876489999999
1639,582.0906319999995
1640,450.02528700000073
1641,674.9471899999991
1642,290.9883090000003
1643,542.2176350000004
1644,427.08546100000024
1645,404.70733700000034
1646,470.8511470000002
1647,457.5873440000001
1648,281.4785999999996
1649,676.3174500000006
1650,401.46892100000036
1651,301.1407849999995
1652,531.4260529999999
1653,449.15239999999926
1654,463.1321900000005
1655,778.071807000001
1656,754.3631710000013
1657,713.176921
1658,520.0555100000005
1659,494.04933500000067
1660,612.1495339999994
1661,505.71746500000023
1662,639.1462710000005
1663,664.1890799999998
1664,601.1618269999998
1665,545.9633609999994
1666,562.3599340000009
1667,770.6216719999992
1668,625.2538220000004
1669,710.2339999999984
1670,778.2355060000009
1671,707.5750680000003
1672,642.0870999999987
1673,422.4558650000007
1674,597.987217
1675,540.1204049999999
1676,703.9632300000012
1677,370.4900620000001
1678,731.6968739999992
1679,537.6617820000004
1680,462.86807500000015
1681,562.9948559999997
1682,489.20530900000006
1683,766.8435199999997
1684,656.8696950000002
1685,310.8183769999995
1686,370.6025070000001
1687,696.7949920000001
1688,533.1022680000002
1689,566.6657930000005
1690,532.5206919999996
1691,494.3040359999998
1692,627.3594200000003
1693,535.6696749999993
1694,534.8642550000008
1695,505.494144
1696,459.32579599999923
1697,494.27683999999994
1698,378.2043120000003
1699,519.477595
1700,406.4729850000003
1701,360.0332000000006
1702,459.02141000000006
1703,648.5199999999999
1704,472.04463299999946
1705,373.0538079999999
1706,757.088524
1707,360.7131000000006
1708,416.08415599999995
1709,407.1063380000004
1710,542.5669989999991
1711,669.6659359999991
1712,598.4966190000009
1713,557.5363050000005
1714,497.30448700000017
1715,562.8829339999998
1716,724.3424479999995
1717,481.5621870000004
1718,503.6877019999993
1719,576.4976699999992
1720,475.51160000000016
1721,513.4364220000008
1722,479.8122290000003
1723,457.9707030000008
1724,461.925106
1725,521.4927140000001
1726,718.9158000000011
1727,518.3981230000002
1728,569.0480579999995
1729,550.1928620000003
1730,668.8788210000006
1731,531.6179940000003
1732,677.285523
1733,509.8674699999995
1734,695.0560169999989
1735,606.5884749999996
1736,705.6326459999998
1737,730.7695950000007
1738,425.10015300000015
1739,553.2958209999994
1740,641.7168160000004
1741,565.8917530000002
1742,523.0590990000002
1743,628.5016519999997
1744,314.596529
1745,481.67724699999985
1746,594.866999
1747,473.7333999999994
1748,532.6969430000004
1749,317.7015800000004
1750,590.6856139999998
1751,572.8277790000008
1752,501.9293760000008
1753,648.1748200000009
1754,630.5261850000002
1755,551.1703489999992
1756,546.2018489999997
1757,360.7131000000006
1758,449.1377560000006
1759,338.0441880000004
1760,297.3767539999999
1761,278.70669999999967
1762,425.7115399999997
1763,639.7451059999997
1764,471.6675500000002
1765,314.27174599999995
1766,602.8872039999993
1767,458.22958800000083
1768,467.34756999999945
1769,582.755888
1770,421.3617490000002
1771,443.8251219999999
1772,369.6783660000004
1773,449.40187099999923
1774,605.4227080000005
1775,369.6166520000008
1776,659.9407510000002
1777,750.4527000000003
1778,449.0185120000006
1779,713.1361270000002
1780,452.84896399999997
1781,465.7743860000001
1782,450.7010029999999
1783,621.6289089999996
1784,555.5306000000005
1785,382.01436700000005
1786,396.9413099999999
1787,715.150200000002
1788,382.05150000000066
1789,585.892842
1790,710.2339999999983
1791,620.5980760000006
1792,769.6990999999991
1793,355.70380599999976
1794,607.397033
1795,309.19132400000024
1796,675.4210279999992
1797,758.6366039999998
1798,635.7588
1799,317.768001
1800,469.41603500000065
1801,349.61765500000024
1802,608.8117479999996
1803,689.7439060000004
1804,560.6737820000002
1805,382.67909999999995
1806,496.0764830000002
1807,460.62231300000064
1808,405.0619310000004
1809,307.21386099999984
1810,389.2165999999995
1811,608.1391699999997
1812,491.10641400000003
1813,591.6108010000007
1814,552.3052589999998
1815,750.5865880000003
1816,448.3265830000007
1817,503.4941919999998
1818,729.6875079999995
1819,572.9114589999996
1820,552.3021209999995
1821,598.610633000001
1822,552.4998149999999
1823,578.2502429999995
1824,278.70669999999967
1825,600.0326700000006
1826,708.8349750000015
1827,633.5726600000002
1828,659.5589609999997
1829,543.4555760000003
1830,456.8635119999992
1831,530.873242
1832,555.8412619999989
1833,296.3019889999995
1834,697.2149609999998
1835,559.7182609999995
1836,554.9678519999999
1837,466.56934599999977
1838,681.095055
1839,622.2481409999999
1840,605.3792990000006
1841,573.6148940000005
1842,531.6221779999997
1843,636.1013649999996
1844,383.19373200000007
1845,395.70179999999993
1846,529.797954
1847,655.352995000001
1848,477.2615579999994
1849,630.3588250000004
1850,713.7804629999995
1851,608.6428190000006
1852,445.7393019999997
1853,440.84349899999995
1854,537.9353109999998
1855,638.9187660000011
1856,697.5146399999991
1857,558.8254999999999
1858,548.4868359999994
1859,455.4174170000002
1860,573.1101989999996
1861,451.94678899999985
1862,396.22480000000064
1863,456.3269139999996
1864,663.7921230000007
1865,663.4882600000009
1866,478.0157240000001
1867,633.1458920000007
1868,570.2148709999998
1869,333.6216999999999
1870,725.9762999999999
1871,422.70795100000004
1872,397.87224999999984
1873,427.7622230000004
1874,701.5652749999997
1875,533.7209769999997
1876,481.1411720000007
1877,549.413592
1878,669.4603969999995
1879,523.7457980000006
1880,722.9429000000007
1881,527.5715429999998
1882,564.4639629999995
1883,558.2930859999999
1884,550.0882620000002
1885,625.5540239999993
1886,597.540051999999
1887,506.84766799999966
1888,317.34803200000044
1889,542.2830100000002
1890,330.3022190000005
1891,503.77190500000086
1892,524.8106260000002
1893,556.5258689999998
1894,360.31980399999986
1895,517.1157270000007
1896,620.7215040000001
1897,487.3089110000004
1898,702.6112749999994
1899,556.1027619999998
1900,506.34088100000054
1901,721.237920000001
1902,484.1452839999999
1903,444.2518900000006
1904,492.12469500000077
1905,602.6544689999996
1906,576.7011169999995
1907,551.1332159999997
1908,576.3496610000009
1909,559.7459799999997
1910,369.61665200000004
1911,545.8362719999994
1912,351.6526480000003
1913,632.8164020000002
1914,455.90223800000086
1915,473.8379999999999
1916,332.3769600000004
1917,441.19861600000075
1918,458.04078499999974
1919,373.0527620000001
1920,618.6028310000003
1921,731.7789850000008
1922,647.9415619999996
1923,508.48099699999983
1924,447.99447799999996
1925,445.7832339999994
1926,480.8106359999999
1927,566.9136950000009
1928,687.6770100000001
1929,545.301766
1930,578.512266
1931,611.4596969999997
1932,492.9107640000002
1933,659.0757090000005
1934,514.6257240000006
1935,594.8534009999996
1936,745.9104450000002
1937,542.4168979999996
1938,349.9570820000003
1939,449.15239999999926
1940,767.8272829999997
1941,554.4568809999997
1942,722.681400000001
1943,513.3265920000006
1944,554.9343799999997
1945,608.0769329999996
1946,460.9204230000001
1947,593.7608539999998
1948,465.53694399999983
1949,480.01463000000064
1950,767.1447679999998
1951,346.4148030000004
1952,604.9096450000004
1953,476.7432650000005
1954,556.3616470000001
1955,453.1700859999994
1956,411.54085499999985
1957,538.2407429999998
1958,440.3089929999996
1959,650.0586660000007
1960,482.79960500000016
1961,412.2730550000001
1962,475.4640069999997
1963,604.2255609999996
1964,746.0181830000005
1965,491.4882040000007
1966,659.360744
1967,463.73416299999946
1968,606.7767550000009
1969,587.8896559999997
1970,642.0870999999987
1971,531.4783530000002
1972,731.5697850000017
1973,420.7953400000001
1974,711.9698369999995
1975,725.9762999999999
1976,641.5133689999998
1977,525.4439790000004
1978,323.65122800000023
1979,740.3588000000004
1980,474.36204599999974
1981,748.0991999999985
1982,397.87224999999984
1983,604.2015030000001
1984,445.4422379999998
1985,758.017372
1986,339.60482
1987,450.36628300000024
1988,669.1920980000006
1989,769.6990999999991
1990,413.12240699999995
1991,711.0645239999999
1992,739.3274440000009
1993,433.4922110000006
1994,619.9202679999997
1995,469.49710000000016
1996,281.4785999999996
1997,492.82080799999983
1998,443.81832299999985
1999,570.2357910000003
2000,393.48428000000024
2001,532.1802190000003
2002,647.9201189999997
2003,471.60635900000017
2004,575.2565909999996
2005,691.8050489999996
2006,604.3735700000007
2007,495.4818320000002
2008,626.7537860000012
2009,777.2826000000001
2010,715.150200000002
2011,579.3820149999997
2012,397.3372210000002
2013,361.9871279999999
2014,490.69272100000046
2015,632.0245800000008
2016,556.7272239999993
2017,517.8463580000006
2018,455.020983
2019,428.9562319999997
2020,769.6990999999991
2021,535.8082700000001
2022,549.7049030000007
2023,640.1132980000002
2024,583.9368219999996
2025,718.6087989999995
2026,325.7976199999997
2027,475.1088900000006
2028,439.4329679999996
2029,550.8617790000006
2030,481.32840599999986
2031,687.876796
2032,349.60248800000016
2033,522.5748009999994
2034,498.2458870000004
2035,502.4476690000003
2036,636.5558520000002
2037,462.6745650000005
2038,532.7298919999998
2039,310.96115599999973
2040,560.6580919999993
2041,416.8309999999996
2042,479.98586500000056
2043,356.50399600000003
2044,427.5054300000005
2045,448.17072899999926
2046,345.56858900000026
2047,465.43757400000004
2048,450.58123600000005
2049,477.0989050000007
2050,485.52757299999985
2051,652.4791099999994
2052,570.6092130000009
2053,527.7838810000009
2054,473.4996190000006
2055,472.4389750000007
2056,663.532715
2057,606.7234089999997
2058,278.70669999999967
2059,628.5670270000005
2060,582.7517039999998
2061,518.4797110000006
2062,718.9158000000011
2063,485.7064390000007
2064,510.8820900000005
2065,493.263789
2066,718.5784650000016
2067,535.0399830000002
2068,562.4828390000007
2069,473.0822650000004
2070,651.9320519999994
2071,545.6715269999999
2072,604.0179299999991
2073,583.5471869999998
2074,352.0312999999996
2075,554.1415120000003
2076,516.2825879999999
2077,469.6555690000002
2078,612.8566300000006
2079,528.2446439999992
2080,548.5621479999994
2081,586.1637559999997
2082,350.97902399999987
2083,461.73630300000065
2084,278.70669999999967
2085,443.8763760000007
2086,438.3963819999995
2087,527.965885000001
2088,423.2905730000003
2089,357.9966379999995
2090,680.5359680000005
2091,430.9153900000003
2092,525.879638
2093,505.4418439999994
2094,449.4018709999993
2095,738.196195000001
2096,467.0588739999998
2097,477.2375000000001
2098,589.3817749999996
2099,536.8375340000002
2100,362.54726099999993
2101,619.2890069999995
2102,435.7296049999995
2103,524.4581239999997
2104,625.9980509999994
2105,450.19735400000025
2106,456.99635399999994
2107,725.9762999999999
2108,432.59944999999965
2109,498.7751629999997
2110,550.3251809999998
2111,602.6183819999997
2112,469.1942830000009
2113,637.3372139999991
2114,294.61479100000025
2115,463.92662700000017
2116,589.0308419999997
2117,466.5907890000004
2118,467.20374500000025
2119,725.9762999999999
2120,437.6788260000004
2121,477.69512500000076
2122,758.0173720000001
2123,432.1193359999998
2124,667.0995750000006
2125,478.19197499999956
2126,469.49709999999953
2127,691.1716959999997
2128,373.5564110000003
2129,449.15239999999926
2130,522.7928919999997
2131,448.277944
2132,687.7559829999997
2133,578.3768090000005
2134,557.669147
2135,572.9475460000003
2136,437.6814409999998
2137,514.4970659999994
2138,447.18905799999925
2139,421.7231420000003
2140,441.0317790000005
2141,490.6069490000007
2142,417.82365400000015
2143,405.6021899999996
2144,425.9578730000002
2145,504.51822599999963
2146,641.1352399999998
2147,715.150200000002
2148,532.5206919999999
2149,498.90591300000017
2150,553.6415240000001
2151,485.3100050000005
2152,642.0870999999987
2153,457.68671400000034
2154,574.406716
2155,415.2358499999997
2156,444.17919299999994
2157,415.39693400000016
2158,496.1376740000007
2159,416.429336
2160,372.17150699999985
2161,479.8948630000001
2162,551.8272370000002
2163,715.5351280000002
2164,777.2826000000001
2165,614.2357810000001
2166,678.1887440000006
2167,522.885986
2168,690.6722309999996
2169,547.8979380000005
2170,491.3736670000004
2171,575.4799119999993
2172,500.3415479999999
2173,497.3855519999997
2174,642.0870999999987
2175,512.5734720000004
2176,616.4700369999996
2177,374.58306000000005
2178,487.73411000000044
2179,697.4633859999998
2180,629.9723279999998
2181,584.9849139999995
2182,567.9047800000001
2183,304.2918600000003
2184,658.8722619999998
2185,435.4759500000006
2186,372.90370700000005
2187,388.15595599999983
2188,642.0870999999987
2189,528.0375360000007
2190,374.2279430000001
2191,472.86365099999995
2192,513.4814000000005
2193,301.1407849999995
2194,653.0821289999999
2195,340.1445560000006
2196,344.94098899999926
2197,468.6576850000006
2198,455.7333090000006
2199,491.8203090000008
2200,725.9762999999999
2201,578.6780570000001
2202,328.5590599999999
2203,384.39454000000035
2204,419.3199569999999
2205,409.3787730000001
2206,373.0538079999999
2207,447.7925999999998
2208,448.2528399999997
2209,526.4183280000011
2210,504.8100600000001
2211,278.70669999999967
2212,460.02661600000073
2213,518.2830629999997
2214,352.0312999999996
2215,645.5681880000006
2216,456.19721000000027
2217,501.92205400000074
2218,625.4452399999998
2219,410.70876200000015
2220,681.2284200000006
2221,574.2749200000001
2222,566.3326419999997
2223,376.522867
2224,593.4737270000002
2225,622.8715570000003
2226,326.42208200000005
2227,454.866175
2228,566.7813759999998
2229,416.37180600000016
2230,474.55084900000014
2231,651.9979500000002
2232,472.66229600000025
2233,461.5579600000006
2234,550.1321939999991
2235,514.9531220000005
2236,778.3265080000009
2237,590.4392810000005
2238,596.8925779999997
2239,492.20523699999956
2240,351.7174999999995
2241,597.9312560000012
2242,457.04446999999936
2243,540.0759499999996
2244,465.33611199999956
2245,548.7661180000005
2246,578.8778429999993
2247,449.6230999999999
2248,697.1213439999998
2249,311.1253779999999
2250,415.5114710000001
2251,398.52286200000015
2252,518.4383940000002
2253,451.9368519999996
2254,683.3021150000003
2255,395.1406209999999
2256,407.6560110000001
2257,689.3663000000009
2258,384.1811559999999
2259,623.0096289999994
2260,529.569403
2261,632.1668359999995
2262,510.3533369999998
2263,431.88503200000036
2264,513.5969829999993
2265,752.9087080000002
2266,594.9930420000005
2267,586.48697
2268,551.431849
2269,696.9022070000005
2270,677.8435639999999
2271,767.6301120000008
2272,468.8145850000006
2273,640.0128819999993
2274,705.6755320000002
2275,346.7793339999997
2276,425.94532100000004
2277,715.9592810000004
2278,460.09669799999966
2279,652.7542079999994
2280,667.316620000001
2281,547.2065319999988
2282,492.4709210000006
2283,522.1945800000009
2284,689.7653490000008
2285,351.2080979999995
2286,427.4222730000003
2287,477.0821690000004
2288,578.5823480000003
2289,456.66424900000084
2290,556.6540039999999
2291,332.768164
2292,519.5074060000005
2293,722.681400000001
2294,583.0984529999995
2295,587.5978220000001
2296,462.65626000000054
2297,427.5545920000002
2298,281.4785999999996
2299,515.5383590000006
2300,526.2373699999994
2301,372.78812400000015
2302,553.4459220000005
2303,466.7743620000004
2304,738.8447150000006
2305,415.6281000000002
2306,641.1352399999998
2307,653.9916259999994
2308,549.3356650000002
2309,544.4790870000003
2310,739.469700000001
2311,368.10413600000015
2312,479.5507290000007
2313,679.3471889999994
2314,527.844026000001
2315,614.999361000001
2316,505.6677800000005
2317,309.9904680000003
2318,604.895524
2319,548.7519969999993
2320,355.667196
2321,574.9098419999998
2322,454.63657800000044
2323,608.2374939999992
2324,532.8768549999998
2325,475.8881600000006
2326,608.9529580000006
2327,417.63589700000017
2328,314.314109
2329,708.3485849999997
2330,711.1471580000001
2331,656.0501539999996
2332,528.5207880000006
2333,500.2275339999999
2334,545.5899389999998
2335,405.6780249999998
2336,326.10200600000053
2337,348.8143269999998
2338,333.0762110000006
2339,505.43086100000005
2340,558.5514479999998
2341,409.90125000000035
2342,635.437678
2343,560.1549659999993
2344,377.16981800000013
2345,650.5298889999997
2346,394.2876080000001
2347,452.5607909999998
2348,641.5133689999998
2349,512.7920859999996
2350,665.4024400000008
2351,392.51829899999956
2352,553.6096210000009
2353,611.3174410000006
2354,470.5498990000002
2355,722.681400000001
2356,505.1855739999995
2357,352.0312999999996
2358,514.6048040000002
2359,609.4947860000007
2360,357.51024799999976
2361,486.8413489999994
2362,276.6837359999996
2363,449.40187099999923
2364,656.4376970000001
2365,490.6011960000003
2366,348.80962000000005
2367,338.2460660000004
2368,592.8074249999997
2369,437.5449380000002
2370,533.7638630000002
2371,620.7994309999996
2372,583.3055609999999
2373,592.4449859999997
2374,642.5792429999998
2375,507.060529
2376,591.4272280000007
2377,580.6665029999995
2378,528.5798869999994
2379,473.64501300000035
2380,561.5257489999998
2381,326.0219869999995
2382,421.80368400000015
2383,423.9683810000004
2384,705.2602700000008
2385,626.173256
2386,753.2690550000003
2387,613.3184390000002
2388,513.4071339999991
2389,595.9041080000007
2390,475.14497700000027
2391,584.3573139999999
2392,437.1720390000004
2393,462.43921499999954
2394,314.49036000000024
2395,329.5318399999998
2396,707.2110600000013
2397,380.5086500000001
2398,532.3805280000008
2399,540.3097310000005
2400,566.9879609999997
2401,447.54469800000015
2402,689.3663000000009
2403,388.02049900000054
2404,654.7196419999995
2405,575.8669320000002
2406,531.2267900000007
2407,532.3517630000002
2408,340.0158979999997
2409,710.2339999999984
2410,432.1193359999999
2411,565.6632020000002
2412,559.5184749999997
2413,505.4151710000008
2414,414.55595000000017
2415,455.6297550000003
2416,533.8208699999999
2417,696.6025280000008
2418,520.0298829999994
2419,477.691464
2420,470.3339000000001
2421,725.9762999999999
2422,559.7266289999993
2423,470.76851299999964
2424,574.0714729999992
2425,572.1949489999992
2426,451.645018
2427,352.7295050000004
2428,643.9442729999998
2429,684.4762500000007
2430,659.8502719999998
2431,453.34215299999994
2432,326.54446399999944
2433,318.1403770000004
2434,348.7280320000004
2435,314.2351360000003
2436,559.9159550000003
2437,323.31441599999977
2438,582.241779
2439,444.8836740000006
2440,645.2821070000006
2441,568.815323
2442,564.2646999999998
2443,573.8591350000003
2444,602.0409899999993
2445,520.2301919999994
2446,421.16039399999977
2447,624.2004999999994
2448,565.5648780000005
2449,469.4108050000004
2450,544.2348460000001
2451,360.0332000000006
2452,680.785439
2453,321.70566799999943
2454,633.9492200000004
2455,369.7196830000004
2456,722.6814000000012
2457,564.7678259999996
2458,493.2700649999998
2459,674.7327600000009
2460,479.7635900000005
2461,777.2826000000001
2462,396.22480000000064
2463,311.67138999999986
2464,605.2344280000009
2465,421.7471999999995
2466,756.4933500000012
2467,425.8768079999998
2468,398.30686299999974
2469,439.5851609999996
2470,509.8779300000006
2471,477.8274440000008
2472,552.1541119999997
2473,722.9429000000007
2474,345.10154999999924
2475,506.31420800000075
2476,579.7559600000009
2477,352.2221950000003
2478,542.1956689999996
2479,545.6657740000003
2480,466.9741479999999
2481,719.5141119999998
2482,583.1078669999993
2483,558.4144219999997
2484,403.28059300000007
2485,500.43150400000064
2486,444.52907999999917
2487,548.0961550000011
2488,712.2716080000001
2489,329.7928170000005
2490,321.6554599999998
2491,467.7612629999995
2492,653.1475039999998
2493,307.721694
2494,576.0918219999998
2495,558.2230039999994
2496,368.81960000000026
2497,614.2310739999994
2498,725.9762999999999
2499,460.81530000000015
2500,511.1817690000002
2501,554.5379459999994
2502,725.9762999999999
2503,608.5628000000004
2504,502.0538500000002
2505,281.4785999999996
2506,605.655443
2507,454.83741000000083
2508,461.8435180000004
2509,553.3983289999992
2510,514.3375510000004
2511,570.5161190000003
2512,473.846368
2513,382.05150000000066
2514,363.0812440000007
2515,460.8466799999991
2516,758.791412
2517,405.49340599999994
2518,623.8406760000008
2519,550.367544
2520,490.8354999999998
2521,605.223445000001
2522,590.1406480000004
2523,448.18066599999986
2524,577.1880300000008
2525,634.6207519999994
2526,646.5849000000012
2527,534.1226409999996
2528,395.7018
2529,502.6662830000005
2530,615.6379439999997
2531,426.31612800000005
2532,543.9974039999993
2533,461.0203159999999
2534,448.9918390000002
2535,466.01235099999997
2536,320.02003900000034
2537,504.5642499999998
2538,456.6339149999999
2539,777.2826000000001
2540,710.2339999999983
2541,551.1698259999995
2542,384.21881200000024
2543,490.60119600000013
2544,550.8774690000005
2545,469.8590159999996
2546,539.5006500000006
2547,439.3477190000001
2548,613.3576640000002
2549,581.9849859999997
2550,501.10565100000053
2551,541.9456750000004
2552,344.34476900000044
2553,558.1550140000004
2554,749.4223899999992
2555,656.7598649999996
2556,725.2880319999992
2557,379.19539699999996
2558,425.64459600000015
2559,695.0330050000001
2560,569.5177119999995
2561,558.5388959999996
2562,634.0318540000004
2563,660.5620750000011
2564,426.25179900000063
2565,379.48932300000024
2566,703.008232
2567,328.98530499999964
2568,520.0183769999999
2569,629.5047659999997
2570,352.0312999999996
2571,535.0441670000001
2572,535.367381
2573,422.43912899999987
2574,459.3325949999999
2575,713.7804629999998
2576,658.7268680000009
2577,458.19611600000013
2578,319.28626999999943
2579,428.55456800000013
2580,346.1151239999999
2581,547.3812140000003
2582,611.2970440000005
2583,711.141404999999
2584,482.19501700000086
2585,466.81463300000064
2586,369.6564000000002
2587,407.1063380000004
2588,643.3951229999993
2589,431.7349310000002
2590,634.7070470000002
2591,455.22390700000085
2592,515.2350190000004
2593,670.9750050000007
2594,517.3296340000003
2595,449.527914
2596,407.66437900000005
2597,620.631547999999
2598,476.08742300000034
2599,558.6691229999998
2600,352.0312999999996
2601,372.8451310000005
2602,612.7169889999993
2603,548.3749140000001
2604,591.3126910000003
2605,577.9092470000005
2606,529.7670969999997
2607,568.9973270000003
2608,326.2578599999998
2609,471.03890400000023
2610,474.0158200000006
2611,476.59368699999976
2612,624.657079
2613,697.7306389999993
2614,495.89291000000077
2615,422.6070119999998
2616,458.09517699999975
2617,690.4724449999999
2618,468.26595800000064
2619,643.1226399999997
2620,377.2948150000001
2621,745.8356559999992
2622,741.5585620000013
2623,508.12640299999924
2624,607.3761130000005
2625,433.8112410000002
2626,700.8388279999992
2627,454.7265340000008
2628,470.4562820000003
2629,525.0166880000004
2630,530.2749300000003
2631,715.150200000002
2632,465.1316189999996
2633,630.0873879999994
2634,493.4970469999996
2635,278.70669999999967
2636,354.9988020000001
2637,557.3302430000002
2638,644.1602719999997
2639,641.1352399999998
2640,499.15799899999985
2641,524.7159629999995
2642,575.0207179999995
2643,486.3931380000008
2644,537.5278940000004
2645,554.1619089999996
2646,722.9429000000007
2647,587.5538900000001
2648,567.4701670000003
2649,542.0884539999993
2650,401.7095010000001
2651,463.7273640000003
2652,408.41331500000024
2653,520.2192089999995
2654,336.2220559999995
2655,415.23584999999963
2656,365.44154300000037
2657,737.8353250000006
2658,469.70473099999924
2659,478.5784719999998
2660,572.1065619999991
2661,421.03592000000043
2662,466.5923580000004
2663,485.31052799999975
2664,473.95149100000066
2665,725.9762999999999
2666,368.19984500000004
2667,723.4502100000017
2668,413.3404980000001
2669,550.9595799999994
2670,556.3407270000001
2671,562.9205899999997
2672,609.5627760000008
2673,366.836384
2674,457.7479049999997
2675,383.2277270000002
2676,636.6834640000004
2677,406.57549300000005
2678,472.2433729999995
2679,613.8879860000005
2680,296.3019889999995
2681,710.2339999999984
2682,477.21814899999976
2683,344.32803299999983
2684,699.9057959999997
2685,458.2494620000008
2686,740.6741689999992
2687,682.5960650000006
2688,693.3892160000005
2689,348.7531360000004
2690,396.39006799999987
2691,527.8618080000008
2692,603.6303870000007
2693,567.3739349999997
2694,418.5914180000002
2695,292.67079999999993
2696,279.5325169999996
2697,440.70438099999956
2698,388.18367500000005
2699,464.23101300000025
2700,528.7608449999996
2701,523.7871150000009
2702,660.2163719999999
2703,466.58817399999947
2704,519.1135869999996
2705,399.5719999999996
2706,508.4313119999996
2707,477.82221400000003
2708,391.593112
2709,540.4002100000002
2710,382.05150000000066
2711,577.5645900000001
2712,441.9731790000005
2713,517.0644730000005
2714,444.59811599999955
2715,504.3550500000001
2716,534.0991059999996
2717,584.6031239999995
2718,423.4438120000002
2719,739.469700000001
2720,426.28056400000014
2721,627.8834660000005
2722,710.2339999999984
2723,557.3407029999997
2724,369.945096
2725,606.6303149999992
2726,382.67909999999995
2727,396.22480000000064
2728,497.93784000000005
2729,565.0743040000009
2730,385.0441059999997
2731,335.7492639999998
2732,549.3759359999991
2733,455.22599899999966
2734,707.819309
2735,625.3270420000007
2736,524.9293470000008
2737,358.81617900000003
2738,401.7848130000002
2739,543.9545180000006
2740,605.981794999999
2741,450.4740210000007
2742,419.6844880000002
2743,725.9762999999999
2744,666.6743760000005
2745,375.8440130000002
2746,503.2651179999997
2747,579.8956010000003
2748,360.76592300000016
2749,541.2872180000004
2750,575.9511349999996
2751,404.38359999999994
2752,461.7044
2753,371.83207999999996
2754,502.2980909999996
2755,474.4593240000006
2756,572.2017479999998
2757,542.4236969999997
2758,572.3711999999998
2759,567.0454909999997
2760,618.6750049999998
2761,419.57413499999996
2762,471.1534410000002
2763,522.5810770000004
2764,706.8397299999998
2765,407.43269000000015
2766,529.3607260000001
2767,440.2593079999999
2768,472.15760099999983
2769,333.05215299999975
2770,309.60867799999943
2771,341.9421069999999
2772,482.5198
2773,558.509608
2774,562.4953909999999
2775,499.4283900000001
2776,568.5423170000003
2777,492.94319000000064
2778,634.244192
2779,455.39649699999995
2780,422.6865080000007
2781,648.179004
2782,476.3447390000007
2783,567.985322000001
2784,485.9313290000002
2785,528.1489349999999
2786,434.70295599999963
2787,484.4083530000004
2788,508.41143800000003
2789,751.2058200000002
2790,654.8744500000008
2791,497.23858900000045
2792,352.0312999999996
2793,672.362523999999
2794,413.1804600000003
2795,452.70566199999973
2796,390.6642639999999
2797,531.8287630000003
2798,402.87369899999953
2799,654.2902589999991
2800,568.7332120000009
2801,644.5064979999996
2802,279.79924699999964
2803,541.7950509999997
2804,612.561135
2805,543.4027529999998
2806,700.0480519999992
2807,482.70075800000063
2808,580.4290610000003
2809,411.2301930000005
2810,370.90114000000017
2811,648.987039
2812,541.1219500000005
2813,633.3650290000006
2814,498.28772700000025
2815,368.92890700000004
2816,577.4448229999991
2817,613.5998130000003
2818,456.75629700000087
2819,563.0434950000002
2820,504.69552300000026
2821,492.5943490000006
2822,521.2380129999995
2823,718.9158000000011
2824,363.72139599999986
2825,477.06334099999964
2826,704.1551709999995
2827,382.31299999999953
2828,492.23086400000017
2829,589.8676419999994
2830,642.0870999999987
2831,689.7653490000008
2832,329.6312099999998
2833,468.6080000000002
2834,416.70443400000045
2835,428.4865780000003
2836,777.2826000000001
2837,431.4226999999996
2838,522.479615
2839,722.6814000000012
2840,497.18524300000007
2841,439.5705169999996
2842,642.2696269999998
2843,532.2623300000007
2844,421.5526439999996
2845,478.6391400000006
2846,560.6314189999996
2847,557.8548119999999
2848,614.7990519999998
2849,310.8795679999997
2850,553.3183100000005
2851,534.4312109999998
2852,610.2097270000002
2853,586.4398999999997
2854,753.9411100000002
2855,661.9312889999995
2856,543.9534719999994
2857,642.0870999999987
2858,763.9356399999998
2859,655.8231720000007
2860,455.34681200000057
2861,695.8159360000002
2862,352.7206140000001
2863,320.69366300000064
2864,369.945096
2865,662.4260469999992
2866,334.31049100000035
2867,495.7522229999997
2868,515.7899219999998
2869,348.9398470000002
2870,391.82061700000025
2871,524.4691069999994
2872,338.8579759999998
2873,311.6441940000004
2874,628.1104480000006
2875,466.71264799999926
2876,570.3147640000008
2877,417.43715700000007
2878,627.0539879999997
2879,308.5297290000003
2880,670.7684199999999
2881,433.3666910000004
2882,461.7676830000008
2883,367.3363719999999
2884,642.0870999999987
2885,398.1321809999997
2886,317.51329999999973
2887,560.689472000001
2888,498.6025729999998
2889,459.51303000000087
2890,617.0563199999998
2891,281.4785999999996
2892,711.3662950000003
2893,505.7389079999999
2894,508.1807950000003
2895,533.7183619999992
2896,529.1755839999994
2897,470.1811840000002
2898,715.150200000002
2899,532.5996649999997
2900,553.8705979999996
2901,566.2656979999997
2902,646.3793609999997
2903,688.1325429999998
2904,739.469700000001
2905,596.5442600000009
2906,278.70669999999967
2907,455.25737900000087
2908,482.7504430000005
2909,472.37307700000076
2910,497.38502900000015
2911,446.5551819999999
2912,511.94378000000034
2913,467.5405570000003
2914,351.7174999999995
2915,572.0422329999992
2916,580.9117900000003
2917,359.20633699999945
2918,432.0947550000003
2919,485.22998599999994
2920,482.6458430000004
2921,447.6205329999996
2922,480.6228789999997
2923,479.9131680000006
2924,477.59680100000037
2925,571.1018789999997
2926,594.1897140000004
2927,717.4017149999999
2928,344.49120900000025
2929,394.8493100000002
2930,565.737990999999
2931,488.7931850000001
2932,476.05395099999964
2933,610.6344030000001
2934,373.7227249999994
2935,638.7189800000001
2936,710.2339999999983
2937,465.59499700000015
2938,352.0312999999996
2939,605.964012999999
2940,526.2509680000002
2941,505.2927890000007
2942,553.2006349999999
2943,359.026425
2944,533.3010080000001
2945,498.8049740000001
2946,403.0237999999996
2947,505.4800229999998
2948,416.35297800000006
2949,560.8756600000005
2950,485.2231870000009
2951,384.13251700000035
2952,384.514307
2953,382.3129999999996
2954,713.5288999999995
2955,707.4903419999999
2956,509.0641420000001
2957,411.4195190000001
2958,428.35269000000017
2959,623.532629
2960,497.5037499999997
2961,609.3724040000002
2962,335.46265999999997
2963,599.7094560000004
2964,743.4214879999994
2965,583.8045030000005
2966,458.49474899999973
2967,584.6805280000008
2968,566.9686099999994
2969,777.2826000000001
2970,493.5420250000005
2971,560.7266049999997
2972,425.2920940000006
2973,532.6707929999998
2974,408.67795299999966
2975,366.83638399999984
2976,414.79391499999974
2977,539.1314120000008
2978,332.2409799999999
2979,376.2618899999995
2980,649.4540779999995
2981,766.0966760000009
2982,564.8300629999997
2983,566.617677000001
2984,689.3663000000009
2985,654.6479910000012
2986,578.9840120000005
2987,341.30195499999957
2988,537.1769609999996
2989,688.224067999999
2990,671.4980049999996
2991,479.4398530000003
2992,580.6968369999996
2993,644.1602719999996
2994,689.3663000000009
2995,556.7889379999993
2996,584.9681780000003
2997,402.954764
2998,577.6069529999996
2999,711.0645240000001
3000,319.0964210000005
3001,685.3282170000001
3002,386.6460550000003
3003,570.66622
3004,403.55046100000015
3005,352.0312999999996
3006,476.2903469999999
3007,421.41509500000024
3008,425.34334800000016
3009,579.8056449999997
3010,321.3134179999995
3011,490.4505719999998
3012,373.93192500000026
3013,573.0265189999997
3014,695.5314240000004
3015,449.15239999999926
3016,415.3608470000009
3017,493.9269529999996
3018,461.78807999999924
3019,522.9424700000006
3020,316.6932360000004
3021,447.3245150000007
3022,591.6542099999997
3023,648.2208439999993
3024,582.8123719999996
3025,399.57199999999955
3026,578.4416610000001
3027,399.1284960000001
3028,513.1017020000008
3029,386.55139199999996
3030,352.21644200000014
3031,440.74726699999957
3032,509.8627629999999
3033,509.70272500000044
3034,552.7566079999996
3035,555.961029
3036,444.23044700000014
3037,555.7816399999997
3038,458.78030700000073
3039,431.21611500000034
3040,347.90326099999925
3041,500.08841600000085
3042,576.2032209999996
3043,499.56750800000094
3044,456.3954270000002
3045,558.8788459999997
3046,594.667736000001
3047,548.3785750000003
3048,570.9873419999994
3049,304.2505429999999
3050,666.3542999999994
3051,546.5480749999999
3052,569.7833960000004
3053,344.20722
3054,475.47499000000084
3055,470.40607399999914
3056,491.0316250000005
3057,750.6535320000012
3058,336.8015400000001
3059,462.98627300000044
3060,518.9593019999994
3061,484.0192410000003
3062,544.0768999999997
3063,289.0830200000005
3064,722.9429000000007
3065,594.9140689999997
3066,425.31876700000015
3067,531.3057629999996
3068,597.9537449999993
3069,537.4510130000002
3070,432.2406719999996
3071,586.8907260000001
3072,650.5884649999996
3073,407.7323690000004
3074,595.5861239999999
3075,405.304603
3076,298.2146000000003
3077,366.0110899999999
3078,695.2751540000005
3079,472.07653600000026
3080,352.0312999999996
3081,557.2429020000004
3082,411.3949379999999
3083,419.0072030000002
3084,444.99402700000064
3085,587.1836059999995
3086,438.74993000000046
3087,512.0860360000007
3088,554.3752929999993
3089,555.2424270000004
3090,457.69926600000076
3091,351.9057800000002
3092,560.7684449999994
3093,647.9415619999996
3094,464.9496149999996
3095,318.07657099999943
3096,452.7009549999997
3097,281.4785999999996
3098,715.150200000002
3099,557.1994930000008
3100,735.265303000001
3101,501.54026400000083
3102,387.4274170000003
3103,569.4826710000008
3104,585.349445000001
3105,387.3421680000007
3106,710.2339999999984
3107,545.3441290000003
3108,323.6873149999996
3109,309.08044800000033
3110,610.9623240000003
3111,439.51873999999987
3112,447.67021800000055
3113,551.3502609999995
3114,725.9762999999999
3115,739.469700000001
3116,497.3677699999998
3117,592.8884900000003
3118,468.8590400000005
3119,447.04732499999983
3120,644.3971910000005
3121,652.2448059999997
3122,654.3697549999994
3123,558.221435
3124,475.2433010000007
3125,513.2774299999992
3126,415.5517420000002
3127,431.9519759999996
3128,707.2110600000016
3129,663.5923369999988
3130,422.9971700000001
3131,541.3599150000002
3132,330.51508000000035
3133,564.2646999999998
3134,384.24600800000064
3135,456.4827680000003
3136,502.6934790000007
3137,462.9883650000006
3138,391.36089999999973
3139,642.0870999999987
3140,521.0873889999999
3141,451.20517500000017
3142,439.2154000000002
3143,437.9235900000003
3144,390.3300669999997
3145,613.4674940000001
3146,521.3347680000003
3147,306.11190000000016
3148,527.8947570000005
3149,413.3054569999998
3150,742.8822750000004
3151,654.039742
3152,518.3489610000004
3153,533.1038370000001
3154,705.7069120000006
3155,758.8928740000014
3156,435.228048
3157,427.9876359999993
3158,493.90707900000046
3159,704.6488829999995
3160,562.9174520000004
3161,462.38429999999966
3162,379.97832800000026
3163,529.8863410000005
3164,347.7824480000002
3165,328.0988199999998
3166,545.4560509999997
3167,522.867681
3168,383.0614129999999
3169,395.753054
3170,434.1506680000002
3171,325.74375099999975
3172,736.3212400000008
3173,722.9429000000007
3174,347.65483600000016
3175,610.151150999999
3176,670.1429119999999
3177,458.2165130000009
3178,521.9037920000003
3179,354.32883900000013
3180,722.9429000000007
3181,660.9747219999997
3182,777.2826000000001
3183,650.5094919999992
3184,278.70669999999967
3185,642.0870999999987
3186,396.22480000000064
3187,399.52336100000036
3188,497.65228200000075
3189,564.8175109999993
3190,666.6351509999995
3191,313.9825269999997
3192,560.8793210000007
3193,455.860398
3194,455.81437400000084
3195,347.81330499999973
3196,739.024627000001
3197,564.5481660000002
3198,460.3524449999993
3199,539.012691
3200,556.3663539999999
3201,689.3663000000009
3202,464.25036399999925
3203,440.1123450000006
3204,528.3942220000004
3205,656.3864429999998
3206,396.22480000000064
3207,642.620037
3208,455.37610000000086
3209,547.8723109999997
3210,565.0460620000002
3211,497.84317700000065
3212,459.3597909999997
3213,563.8400240000005
3214,327.1045969999997
3215,690.8918909999989
3216,396.0171690000001
3217,627.0905979999995
3218,476.81910000000045
3219,493.70990800000044
3220,417.62752900000015
3221,711.969837
3222,672.2134690000006
3223,534.2669890000002
3224,420.5866629999998
3225,311.68551099999996
3226,720.8566529999995
3227,352.0312999999996
3228,444.8324200000004
3229,584.3688200000004
3230,449.15239999999926
3231,335.9757230000006
3232,357.3805439999998
3233,388.6496680000007
3234,429.4044430000004
3235,536.5174579999999
3236,590.9476369999998
3237,709.4557760000009
3238,710.4588900000016
3239,614.1777280000006
3240,385.097975
3241,580.922773
3242,642.1017439999998
3243,388.1794909999998
3244,329.5318399999998
3245,373.33465899999993
3246,608.1543369999996
3247,634.7656230000011
3248,431.3405889999998
3249,462.93972599999967
3250,575.8549030000004
3251,324.73906800000043
3252,466.2539769999995
3253,441.2812499999997
3254,337.05885600000033
3255,404.44322200000016
3256,643.2204409999998
3257,500.48432699999967
3258,570.1202080000002
3259,377.6849729999995
3260,484.8874210000004
3261,533.4824889999998
3262,440.7127489999996
3263,325.3556850000003
3264,310.87956799999967
3265,645.7046909999996
3266,543.8342279999993
3267,677.0093789999991
3268,467.4521700000004
3269,406.4755999999996
3270,475.8740390000002
3271,748.0991999999985
3272,766.9235389999998
3273,578.4249250000003
3274,404.3836
3275,551.3105129999993
3276,382.05150000000066
3277,566.9058500000004
3278,614.1500090000005
3279,672.1020700000009
3280,455.9822570000001
3281,525.8592410000007
3282,403.15507300000013
3283,590.156338
3284,708.3485850000002
3285,569.4591359999994
3286,550.3889869999999
3287,549.3184059999999
3288,485.45278400000046
3289,710.2339999999984
3290,526.9842140000007
3291,393.22434900000076
3292,503.33363099999974
3293,646.5849000000012
3294,562.6005139999994
3295,574.464769
3296,400.67605300000037
3297,722.6814000000012
3298,527.3032440000004
3299,378.4715650000007
3300,473.42221500000045
3301,317.07921000000005
3302,715.3803200000001
3303,639.2550549999996
3304,656.6693859999997
3305,466.59601899999984
3306,552.733596
3307,596.5515820000003
3308,581.6973360000006
3309,598.3266440000004
3310,642.5944099999998
3311,670.2893519999998
3312,519.1758240000003
3313,662.9134830000006
3314,396.22480000000064
3315,559.8082169999999
3316,462.9684909999992
3317,352.0312999999996
3318,451.46876700000024
3319,637.5835470000002
3320,570.7122439999997
3321,495.5738800000001
3322,428.74180200000023
3323,488.3821070000004
3324,548.528153
3325,725.9762999999999
3326,397.2624320000001
3327,305.9795809999995
3328,455.120353
3329,329.5318399999998
3330,334.08194000000003
3331,297.2078249999999
3332,461.86339200000026
3333,476.6710909999996
3334,463.25927899999965
3335,506.1871190000009
3336,500.31487500000105
3337,623.1388100000001
3338,455.66375000000085
3339,476.6778899999995
3340,691.1340399999991
3341,754.6115960000004
3342,513.5080729999997
3343,503.20863400000036
3344,527.3790790000002
3345,721.8262950000017
3346,711.6879399999993
3347,441.445472
3348,462.89265600000033
3349,470.7930939999999
3350,338.34962
3351,449.15239999999926
3352,603.0059250000006
3353,363.72767199999987
3354,455.0570699999997
3355,553.1791919999994
3356,539.2919729999994
3357,722.9429000000007
3358,357.99663799999945
3359,595.1666779999999
3360,587.0575629999997
3361,714.3798209999995
3362,351.2080979999995
3363,700.9198929999994
3364,349.9005980000005
3365,650.9012190000001
3366,439.8654890000003
3367,777.2826000000001
3368,701.132754
3369,499.61196299999955
3370,652.8127840000001
3371,462.35291999999953
3372,658.3759349999996
3373,428.04778100000044
3374,428.96198500000077
3375,451.9713700000001
3376,547.1521400000004
3377,595.5939689999991
3378,452.1444829999995
3379,393.20604400000013
3380,534.0274549999991
3381,308.9544049999997
3382,465.6033650000009
3383,442.66144700000035
3384,767.1447679999998
3385,444.59811599999955
3386,602.3134729999998
3387,626.5602759999999
3388,554.4976749999996
3389,378.71580600000044
3390,421.13842799999975
3391,500.2709430000009
3392,509.7926810000003
3393,670.187890000001
3394,487.17083900000017
3395,548.5051410000003
3396,334.7435349999998
3397,624.867847999999
3398,298.93372500000055
3399,610.7003009999994
3400,667.2664119999989
3401,509.91663200000016
3402,472.9279799999996
3403,544.3248019999994
3404,432.8259090000003
3405,524.714917
3406,715.1632749999995
3407,696.6030510000004
3408,476.0942220000004
3409,617.2273410000001
3410,508.3758740000009
3411,722.9429000000007
3412,396.22480000000064
3413,578.0682390000006
3414,530.8151890000003
3415,348.18411199999986
3416,669.3599809999997
3417,425.86948599999994
3418,514.2758370000009
3419,672.156461999999
3420,609.1051510000007
3421,698.588882
3422,609.7290899999994
3423,565.0324640000008
3424,505.0056620000001
3425,630.1030780000003
3426,352.0312999999996
3427,577.8548549999998
3428,658.7028100000009
3429,432.18052700000027
3430,528.0992500000003
3431,501.7677690000008
3432,552.650962
3433,439.24677999999983
3434,424.8119800000001
3435,589.5862680000005
3436,330.8602599999998
3437,313.23777499999943
3438,564.7327849999999
3439,639.1541159999994
3440,665.9097499999999
3441,665.7392519999999
3442,605.3693619999997
3443,282.84990599999963
3444,459.0506979999999
3445,510.60960699999987
3446,406.6319770000001
3447,553.2063880000001
3448,472.5237010000003
3449,584.3954930000011
3450,308.9669570000004
3451,338.57974000000036
3452,530.7377849999996
3453,351.90787199999994
3454,615.3555239999994
3455,373.05380800000006
3456,546.5318619999994
3457,451.975554
3458,734.2323779999996
3459,540.3337890000007
3460,513.527424
3461,491.8736550000004
3462,755.5200470000012
3463,767.9418199999999
3464,681.0254959999997
3465,574.4788899999996
3466,580.2460110000001
3467,537.9771510000002
3468,410.6956869999996
3469,353.61494399999975
3470,543.7353810000003
3471,515.3636769999997
3472,521.3708549999998
3473,616.4872959999992
3474,643.0583110000006
3475,555.7915770000001
3476,504.0778599999994
3477,349.2379569999997
3478,531.8277170000005
3479,475.8107560000007
3480,569.0658399999995
3481,382.05150000000066
3482,593.541717
3483,443.5364260000005
3484,642.0870999999987
3485,645.2946589999997
3486,494.7579999999998
3487,316.15925300000055
3488,534.4578840000005
3489,449.15239999999926
3490,363.6612510000002
3491,679.7091049999997
3492,561.5173809999993
3493,421.43496900000025
3494,613.4680169999993
3495,638.6389610000009
3496,475.52676699999967
3497,437.3984980000007
3498,535.5828569999996
3499,725.9762999999999
3500,349.1145289999997
3501,472.3165930000006
3502,328.834158
3503,734.4515150000011
3504,496.2563950000006
3505,596.4971899999997
3506,555.7486910000002
3507,437.8744279999996
3508,488.80992100000077
3509,460.56216800000004
3510,479.5099349999993
3511,714.0822339999996
3512,294.7512939999999
3513,689.1048000000004
3514,711.3662949999998
3515,710.0546110000001
3516,452.242284
3517,494.44367699999987
3518,553.6253109999996
3519,752.3417760000012
3520,432.59944999999993
3521,633.7353129999995
3522,455.63236999999936
3523,472.8573749999996
3524,596.8151739999998
3525,453.1360909999996
3526,475.6413039999994
3527,663.3653550000004
3528,641.1352399999998
3529,292.67079999999993
3530,552.1980440000002
3531,626.6857960000001
3532,301.1407849999995
3533,391.50211000000076
3534,739.469700000001
3535,668.2737100000008
3536,534.3511920000002
3537,511.0494500000007
3538,573.5537029999992
3539,450.70780199999933
3540,614.2012630000005
3541,612.0093700000002
3542,514.4353520000003
3543,317.0928080000003
3544,650.6507019999991
3545,342.82649999999995
3546,551.5348800000011
3547,541.9618879999999
3548,585.7014240000003
3549,371.3305229999996
3550,396.22480000000064
3551,278.70669999999967
3552,623.0901709999997
3553,470.6293950000003
3554,629.928396
3555,591.0192879999993
3556,641.891498
3557,622.0049459999997
3558,471.62989400000004
3559,478.6234500000006
3560,523.6213240000002
3561,664.2000629999995
3562,460.89427300000006
3563,679.6630809999992
3564,402.17444800000004
3565,458.87915400000037
3566,462.9219440000003
3567,626.3322479999993
3568,482.4225219999998
3569,537.7857330000003
3570,560.8406189999996
3571,518.8567939999995
3572,399.8099650000001
3573,441.01399699999996
3574,457.2118300000009
3575,463.2210999999995
3576,483.39007200000066
3577,381.8674040000002
3578,543.9895589999996
3579,525.1767260000001
3580,585.1229860000004
3581,532.8161870000002
3582,589.3619010000002
3583,578.7690590000007
3584,704.1609239999995
3585,396.3916369999999
3586,506.1254049999999
3587,452.1334999999999
3588,437.16053300000016
3589,484.008781
3590,534.080801
3591,489.46262499999995
3592,328.7499550000004
3593,506.3021790000001
3594,587.2421820000002
3595,564.2646999999998
3596,632.153238
3597,691.1183500000001
3598,484.8827140000001
3599,365.103162
3600,519.9765369999996
3601,567.543910000001
3602,552.8523169999994
3603,562.0121389999995
3604,673.2997400000002
3605,769.7513999999996
3606,715.150200000002
3607,487.4009589999998
3608,352.0312999999996
3609,587.1689620000002
3610,709.8574399999999
3611,527.5804339999999
3612,553.9134839999995
3613,466.0552370000003
3614,476.2934850000006
3615,440.29434899999956
3616,435.07167100000004
3617,463.46429500000033
3618,505.75302900000054
3619,444.73827999999963
3620,386.4902009999998
3621,592.6160070000006
3622,528.602376
3623,558.2439239999993
3624,542.8588329999995
3625,777.2826000000001
3626,489.3125240000003
3627,477.62608900000055
3628,448.217799
3629,342.82649999999995
3630,322.91536699999943
3631,571.3863909999997
3632,518.1617269999997
3633,516.8641640000005
3634,366.9378459999999
3635,544.7207130000006
3636,463.69023100000004
3637,535.8129769999999
3638,511.6618830000007
3639,484.6196450000004
3640,541.1324099999999
3641,653.4267859999998
3642,564.0173210000004
3643,766.9235389999998
3644,555.2915889999997
3645,461.8644379999995
3646,358.89096800000004
3647,462.9318810000004
3648,458.2086679999999
3649,557.1613140000004
3650,402.6043539999999
3651,571.558458
3652,642.0870999999987
3653,566.4905880000005
3654,453.1475970000006
3655,672.7908609999993
3656,630.0873879999992
3657,569.7436480000008
3658,407.6194010000002
3659,412.6914550000001
3660,380.4772700000002
3661,582.5581939999997
3662,410.71817599999986
3663,541.4493480000006
3664,575.9950669999995
3665,314.6765480000006
3666,454.5000750000009
3667,476.7422190000007
3668,412.72597300000047
3669,644.2648720000001
3670,523.6045879999998
3671,633.357707000001
3672,722.6814000000012
3673,302.3504839999995
3674,607.6240149999999
3675,476.2427540000003
3676,534.4029689999994
3677,499.1956550000009
3678,669.8683370000002
3679,679.7692499999995
3680,716.2652359999998
3681,425.4604999999998
3682,369.945096
3683,608.825345999999
3684,600.6879889999993
3685,416.13279500000004
3686,480.22487600000045
3687,605.3134009999994
3688,345.12769999999995
3689,474.9185180000002
3690,498.5973429999998
3691,621.7141580000011
3692,394.6929329999999
3693,488.15094100000056
3694,359.428612
3695,459.7353050000006
3696,633.6328049999996
3697,637.3539499999999
3698,393.0585580000007
3699,563.6151339999994
3700,495.38978400000065
3701,281.4785999999996
3702,524.3723519999999
3703,777.2826000000001
3704,603.9232670000006
3705,536.3699719999997
3706,393.88332900000023
3707,523.720171
3708,451.78204400000044
3709,609.0366380000006
3710,717.0999439999999
3711,449.15239999999926
3712,402.80361699999986
3713,427.72299800000036
3714,400.0426999999998
3715,497.57435499999997
3716,557.553564000001
3717,734.8965879999993
3718,434.69092700000044
3719,588.8891090000006
3720,607.0947389999997
3721,687.1785910000006
3722,405.3548110000001
3723,480.1772829999996
3724,532.5954809999998
3725,590.7441900000005
3726,579.5572199999998
3727,376.3272650000001
3728,601.3867170000009
3729,430.85053800000077
3730,469.33653900000036
3731,532.1038610000003
3732,676.8875200000009
3733,608.7338209999999
3734,419.63428000000044
3735,615.0056370000001
3736,580.9358479999995
3737,560.0592569999998
3738,574.5008560000001
3739,462.69025499999975
3740,338.22200799999996
3741,418.2556520000003
3742,702.3393150000012
3743,717.7034859999999
3744,364.91697400000027
3745,636.5527139999998
3746,473.78570000000013
3747,486.8298430000009
3748,346.04818
3749,449.40187099999923
3750,409.2673739999998
3751,604.3934439999997
3752,541.7987120000007
3753,358.65823300000017
3754,535.9186230000007
3755,281.4785999999996
3756,391.65587200000016
3757,493.0132720000005
3758,647.9415619999995
3759,473.61154100000044
3760,475.9561500000005
3761,520.8415790000003
3762,686.8287039999992
3763,573.2456560000007
3764,546.303311
3765,520.1344830000002
3766,375.0260410000003
3767,281.4785999999996
3768,278.70669999999967
3769,495.73391800000013
3770,372.0104230000002
3771,525.367098
3772,352.0312999999996
3773,583.3725049999999
3774,572.7817549999994
3775,608.8075639999989
3776,657.086217
3777,529.8403169999999
3778,462.5228949999996
3779,534.6566240000006
3780,382.05150000000066
3781,411.2840620000002
3782,617.9496040000002
3783,632.9393070000007
3784,456.0884260000003
3785,495.97502100000077
3786,587.1056789999993
3787,532.4877429999996
3788,647.5634329999997
3789,447.18905799999925
3790,512.966245
3791,656.272429
3792,599.4061159999997
3793,320.7349799999998
3794,560.3280789999992
3795,489.0437020000001
3796,351.94814299999956
3797,313.03694300000006
3798,354.6206730000002
3799,553.586609
3800,421.1086170000001
3801,488.54580600000077
3802,508.8983510000008
3803,489.4019569999996
3804,561.5628820000006
3805,630.5633179999995
3806,549.0161119999992
3807,556.4312059999996
3808,561.822813
3809,373.99729999999994
3810,590.3362500000002
3811,403.0828989999999
3812,491.13047199999977
3813,424.108022
3814,567.9330219999998
3815,425.6655159999996
3816,415.94556099999977
3817,449.9630499999998
3818,338.8579759999999
3819,769.7513999999996
3820,278.70669999999967
3821,748.0991999999985
3822,584.6690219999996
3823,544.7604610000003
3824,678.3937600000004
3825,501.2452920000004
3826,434.5450100000005
3827,651.948787999999
3828,642.0870999999987
3829,361.6001080000006
3830,575.4746820000007
3831,492.08128600000003
3832,625.5540239999992
3833,548.0783729999997
3834,482.0867560000003
3835,387.4906999999995
3836,423.58449899999977
3837,381.8789099999998
3838,752.5990920000003
3839,484.13587000000075
3840,405.3595180000003
3841,636.219563
3842,431.7574200000007
3843,691.403385
3844,452.41801200000015
3845,612.0318590000003
3846,528.4538440000003
3847,338.30464199999983
3848,477.26155800000066
3849,516.0922160000003
3850,455.2124010000002
3851,409.2223960000003
3852,360.0332000000006
3853,614.4031409999998
3854,608.6015020000011
3855,351.83778999999987
3856,457.84832100000085
3857,373.44605799999977
3858,509.29373899999985
3859,478.14438200000035
3860,477.34733000000074
3861,514.9714269999997
3862,374.4690460000001
3863,386.9300440000001
3864,465.93285500000013
3865,563.3855369999997
3866,604.6821399999998
3867,527.1813850000003
3868,331.79120000000063
3869,718.9158000000011
3870,605.6941450000002
3871,461.23526899999996
3872,278.70669999999967
3873,505.00461599999994
3874,425.67440700000026
3875,592.8006260000004
3876,697.8101350000006
3877,488.4715400000007
3878,689.3663000000009
3879,381.4395899999996
3880,518.9509339999998
3881,477.17526299999963
3882,630.4984659999993
3883,411.3635580000004
3884,449.15239999999926
3885,281.4785999999996
3886,535.9369279999995
3887,466.68963600000023
3888,396.22480000000064
3889,590.7441900000006
3890,537.4996519999996
3891,708.9521269999999
3892,336.7121070000004
3893,330.4256469999998
3894,564.2646999999998
3895,536.8924490000007
3896,704.100256000001
3897,332.79640600000005
3898,569.3299549999994
3899,660.6991010000005
3900,689.3663000000009
3901,423.6687020000001
3902,391.7018960000002
3903,603.5121889999992
3904,516.0373010000002
3905,654.624456
3906,512.2340449999997
3907,524.9413759999998
3908,616.3011080000001
3909,318.07657099999943
3910,754.4876450000012
3911,439.4130939999995
3912,612.5292320000001
3913,527.6343030000006
3914,715.150200000002
3915,471.66755000000006
3916,522.6239630000009
3917,652.9994950000005
3918,588.3436199999996
3919,589.3252910000006
3920,739.3237830000004
3921,495.09376599999973
3922,497.1240519999998
3923,333.80265799999944
3924,341.4468260000002
3925,623.1555460000005
3926,346.6067439999999
3927,424.7554960000001
3928,532.245071
3929,396.0877739999998
3930,388.59736799999996
3931,501.4001000000003
3932,651.8583090000009
3933,568.1176410000005
3934,718.9158000000011
3935,711.0645240000002
3936,473.77419399999945
3937,335.9229
3938,416.084156
3939,562.3834689999996
3940,542.3007919999999
3941,440.22322100000054
3942,454.3039499999998
3943,673.5816369999999
3944,497.5403599999998
3945,610.0491659999998
3946,453.9357580000009
3947,549.1374479999994
3948,572.5118870000001
3949,454.30395
3950,496.7234339999999
3951,344.20722
3952,618.1305619999998
3953,352.0312999999996
3954,529.9710670000007
3955,760.8792279999991
3956,582.9582889999995
3957,390.7923989999995
3958,382.3799440000001
3959,507.1269499999999
3960,731.8129800000004
3961,518.9807450000004
3962,316.86687199999943
3963,746.4962050000012
3964,354.5307170000003
3965,744.773965999999
3966,663.5698480000001
3967,553.0201999999994
3968,469.64563200000043
3969,498.33950400000043
3970,462.44130700000017
3971,563.3520650000005
3972,524.7316529999996
3973,666.3542999999994
3974,468.887805
3975,322.3860909999996
3976,337.43698500000033
3977,465.4354820000002
3978,572.177690000001
3979,488.48409200000054
3980,564.2646999999998
3981,562.7600289999995
3982,526.1495060000004
3983,538.8186579999996
3984,560.4603979999994
3985,339.14457999999996
3986,620.0227760000008
3987,552.2158259999992
3988,331.32049999999987
3989,468.9034949999999
3990,662.539015
3991,415.88175500000006
3992,565.204008000001
3993,500.0256560000003
3994,290.3089320000001
3995,333.1614599999999
3996,581.3380350000003
3997,542.7563249999992
3998,678.9293120000003
3999,642.6153299999997
4000,580.9536299999996
4001,452.1335000000001
4002,459.82839899999993
4003,462.1332600000007
4004,686.1001650000007
4005,443.45169999999985
4006,356.77177199999977
4007,602.9855280000007
4008,769.6990999999991
4009,722.5318219999995
4010,320.54460799999947
4011,465.79478300000005
4012,526.5621530000006
4013,520.3358380000005
4014,572.1243440000005
4015,540.4394350000001
4016,326.4231279999997
4017,777.2826000000001
4018,563.847868999999
4019,509.5651760000006
4020,450.7459810000002
4021,449.15239999999926
4022,440.56055599999985
4023,535.4170660000003
4024,552.308397
4025,337.7701360000005
4026,640.6964429999994
4027,642.0870999999987
4028,584.7401499999995
4029,344.66746
4030,765.3472169999998
4031,634.9136320000005
4032,476.4812420000008
4033,328.98791999999975
4034,464.33561299999974
4035,675.4660060000004
4036,572.1076079999996
4037,374.72583900000046
4038,360.0656260000002
4039,380.50865
4040,538.3856140000005
4041,555.0353189999996
4042,528.1614869999993
4043,423.39464999999996
4044,460.620744
4045,600.8747
4046,360.7131000000006
4047,612.6338320000007
4048,461.9282439999998
4049,718.5784650000014
4050,778.173269000001
4051,472.24860300000034
4052,542.0628269999999
4053,699.1767340000007
4054,338.85797599999984
4055,565.7929059999994
4056,646.4802999999989
4057,509.3596370000007
4058,538.8568369999995
4059,367.6768449999999
4060,316.1493160000002
4061,777.2826000000001
4062,526.9554490000005
4063,718.0246080000009
4064,598.370576
4065,467.3815650000004
4066,448.4201999999992
4067,536.5336710000004
4068,437.38960699999996
4069,571.565780000001
4070,602.2015509999998
4071,469.2361230000003
4072,469.59803900000065
4073,381.65506600000003
4074,757.0215799999992
4075,652.7542079999994
4076,718.0052569999998
4077,715.150200000002
4078,488.5112879999999
4079,281.4785999999996
4080,646.5849000000012
4081,572.9151200000006
4082,386.85630100000037
4083,519.8651379999995
4084,410.11934100000013
4085,483.1071289999998
4086,511.1530040000003
4087,487.092912
4088,480.81848099999974
4089,583.8076409999995
4090,575.9908830000002
4091,540.924779
4092,563.6914919999995
4093,457.540797
4094,752.0373900000012
4095,552.1284849999996
4096,702.3502979999998
4097,494.9834130000006
4098,588.2615090000004
4099,603.6743190000007
4100,385.7647999999995
4101,421.7346480000001
4102,445.0656780000001
4103,455.4796540000002
4104,663.9668050000009
4105,617.8167619999994
4106,497.6695409999998
4107,626.9927970000007
4108,494.84691000000026
4109,400.04269999999997
4110,619.6603369999995
4111,502.5250729999999
4112,587.2761769999994
4113,365.6481280000005
4114,465.09605500000066
4115,538.9896790000008
4116,467.0546900000003
4117,421.052656
4118,564.1925260000002
4119,526.9015800000002
4120,423.6226779999999
4121,715.2893179999996
4122,481.085211000001
4123,716.1946309999995
4124,722.9429000000007
4125,735.6591219999993
4126,439.66361099999926
4127,777.2826000000001
4128,419.77967399999994
4129,281.4785999999996
4130,502.1589729999994
4131,541.2234119999998
4132,547.0522469999997
4133,743.3869700000006
4134,568.3012140000005
4135,441.2901410000003
4136,325.18518700000067
4137,446.6362470000006
4138,722.6814000000012
4139,529.3058110000002
4140,561.1643560000005
4141,731.0211580000005
4142,405.27479200000016
4143,568.3916930000003
4144,581.8442989999996
4145,506.0584609999994
4146,718.9158000000011
4147,330.4455210000004
4148,458.7227770000008
4149,680.0574229999999
4150,710.1926830000004
4151,472.3050869999998
4152,342.82649999999995
4153,317.4813969999999
4154,458.7735080000003
4155,496.7004220000001
4156,554.3088719999994
4157,309.99517499999996
4158,568.0841690000002
4159,376.11597299999966
4160,503.73058799999956
4161,722.6814000000012
4162,501.11140400000005
4163,459.33939400000054
4164,526.7959339999991
4165,386.24543699999975
4166,714.987547
4167,405.0295049999999
4168,528.7226660000008
4169,281.4785999999996
4170,416.608202
4171,466.9778089999999
4172,490.78163100000035
4173,669.4577819999996
4174,578.8673829999996
4175,752.5990920000003
4176,561.289876
4177,362.0300140000003
4178,489.03114999999997
4179,748.0991999999985
4180,481.97692600000073
4181,440.0689359999997
4182,522.4001189999996
4183,479.6888010000004
4184,715.150200000002
4185,662.0317050000001
4186,476.62036000000063
4187,677.366065000001
4188,456.4770149999999
4189,506.9763259999997
4190,714.743306
4191,584.5042769999997
4192,606.4080399999998
4193,560.6387410000007
4194,574.8470819999989
4195,650.374035
4196,512.1587329999995
4197,624.872031999999
4198,573.4213840000001
4199,491.6916510000005
4200,402.15038999999956
4201,550.2294720000001
4202,561.2971980000003
4203,557.2570229999993
4204,725.9762999999999
4205,465.4815059999993
4206,556.1759819999995
4207,535.3370470000002
4208,462.5694420000002
4209,357.75971899999985
4210,312.51708099999996
4211,550.9857299999993
4212,683.1143580000005
4213,754.7277020000005
4214,415.4403430000002
4215,470.43274699999995
4216,639.3219989999997
4217,498.7401220000002
4218,549.8163019999995
4219,422.5724939999998
4220,473.51844699999964
4221,509.7236450000001
4222,332.59295899999944
4223,380.5844850000002
4224,375.945998
4225,542.8875980000008
4226,597.6111799999991
4227,419.65520000000083
4228,360.7131000000006
4229,396.22480000000064
4230,526.6829659999992
4231,611.572142000001
4232,548.8220790000003
4233,663.1326200000002
4234,590.16889
4235,528.2258160000001
4236,369.2285860000005
4237,354.54692999999975
4238,505.47217800000016
4239,491.0049519999995
4240,635.9282519999998
4241,366.32070600000014
4242,490.61897800000025
4243,583.2584910000004
4244,661.4239790000001
4245,522.3336979999989
4246,449.7538500000007
4247,495.1078869999996
4248,639.7723019999999
4249,389.35467200000005
4250,715.150200000002
4251,471.909176
4252,570.8989549999993
4253,481.3362509999998
4254,748.0991999999985
4255,580.0441329999996
4256,332.73155400000053
4257,644.023769
4258,777.2826000000001
4259,548.1730359999996
4260,455.52620100000024
4261,537.0760220000004
4262,574.4088079999995
4263,369.88076700000033
4264,549.1808570000009
4265,544.0972970000001
4266,646.5849000000012
4267,537.1612710000006
4268,449.15239999999926
4269,437.0439040000003
4270,523.1908949999996
4271,559.2072899999994
4272,535.8480179999998
4273,519.7668140000003
4274,353.2702870000006
4275,546.1265370000001
4276,367.4263280000001
4277,572.5192089999997
4278,396.1892360000006
4279,431.13661899999994
4280,472.7825859999995
4281,442.0092659999997
4282,419.42403400000046
4283,329.4795399999998
4284,512.9411409999998
4285,491.1848640000009
4286,666.532642999999
4287,725.9762999999999
4288,499.9085040000007
4289,507.0458849999995
4290,296.8317879999999
4291,407.64398199999994
4292,500.2249190000008
4293,619.9856430000003
4294,501.24999900000046
4295,532.2733129999998
4296,591.3561000000002
4297,413.0653999999998
4298,552.0688629999993
4299,618.7660070000003
4300,466.5149539999994
4301,725.9762999999999
4302,714.685776
4303,360.0332000000006
4304,487.9516780000008
4305,554.7089670000005
4306,626.0330920000006
4307,455.81437400000084
4308,394.0376140000004
4309,460.55693799999926
4310,712.4034040000003
4311,437.95601600000043
4312,609.2855860000006
4313,438.544914
4314,586.8692829999995
4315,683.2137280000003
4316,636.4324240000007
4317,356.6776320000003
4318,679.4648640000004
4319,417.63066700000024
4320,710.2339999999984
4321,549.9726789999995
4322,453.17008599999934
4323,580.5838690000005
4324,525.3257810000007
4325,755.5404440000001
4326,715.150200000002
4327,411.11408700000027
4328,471.46462600000064
4329,433.37244400000026
4330,651.6475400000008
4331,667.3694429999999
4332,471.3202779999996
4333,576.0876380000009
4334,458.8122100000002
4335,523.1992629999997
4336,677.3409610000007
4337,392.0010519999998
4338,490.43122100000056
4339,527.4298099999997
4340,369.94509600000004
4341,449.4018709999993
4342,567.8524799999994
4343,517.5712600000005
4344,457.4063859999996
4345,489.7968220000002
4346,308.5297290000003
4347,553.5860860000003
4348,326.92730000000046
4349,573.8465829999999
4350,748.0991999999985
4351,718.9158000000011
4352,722.6814000000012
4353,310.27759500000036
4354,457.8634880000003
4355,611.0569870000004
4356,539.5853759999998
4357,467.45060100000063
4358,504.9402869999996
4359,636.3074269999995
4360,529.4951369999995
4361,558.7669239999999
4362,434.8133089999999
4363,747.4245300000006
4364,497.43419099999994
4365,364.89553100000006
4366,574.0238800000009
4367,689.3663000000009
4368,346.9686600000001
4369,550.0568819999996
4370,441.38584999999955
4371,488.4302229999999
4372,535.6524159999997
4373,360.7131000000006
4374,281.4785999999995
4375,648.6852680000004
4376,387.4446760000003
4377,658.4936100000002
4378,594.7739050000008
4379,374.09667
4380,591.5836049999998
4381,609.2228260000005
4382,352.0312999999996
4383,608.2463849999997
4384,388.7767570000003
4385,561.5806639999996
4386,408.660171
4387,725.9762999999999
4388,405.0117229999996
4389,574.2398790000002
4390,616.5767290000002
4391,312.6106979999998
4392,468.4903250000006
4393,588.9382709999996
4394,276.93111499999964
4395,681.6070720000005
4396,354.6227650000001
4397,498.33061300000054
4398,631.9518829999997
4399,313.85700700000064
4400,470.51695
4401,689.229797000001
4402,309.40993799999984
4403,642.0870999999987
4404,661.4768020000004
4405,475.2506229999996
4406,453.6936090000009
4407,559.9060179999993
4408,348.51778599999983
4409,648.6580719999998
4410,624.4578160000004
4411,533.1535219999995
4412,494.6601990000009
4413,465.9046129999996
4414,557.1053529999999
4415,754.4902600000003
4416,531.3674770000003
4417,468.7230600000006
4418,590.2729669999999
4419,383.1262650000005
4420,520.6491150000004
4421,526.3759650000005
4422,503.04545799999966
4423,467.395686
4424,449.40187099999923
4425,635.7587999999998
4426,381.85694399999994
4427,573.8240940000005
4428,616.7974350000006
4429,454.5000750000009
4430,459.6296590000002
4431,578.4850700000002
4432,396.22480000000064
4433,595.2017190000014
4434,343.4122600000005
4435,596.2785760000003
4436,374.33463500000005
4437,325.7264920000001
4438,331.35711000000003
4439,672.6465129999998
4440,436.78292700000037
4441,599.6011950000004
4442,548.524492
4443,656.2352959999996
4444,400.9882839999999
4445,580.7935919999995
4446,621.1916809999996
4447,501.94820400000094
4448,533.5776750000008
4449,444.55418399999985
4450,384.0388999999995
4451,529.8492079999995
4452,575.2435159999997
4453,629.3379289999996
4454,561.8897569999997
4455,465.7137180000004
4456,409.30346099999997
4457,740.240079000001
4458,355.3241080000002
4459,359.29420100000004
4460,605.999576999999
4461,648.2208439999993
4462,611.5935850000004
4463,309.191324
4464,521.2866519999994
4465,542.7448189999997
4466,498.4059250000002
4467,520.3274700000001
4468,514.3155850000002
4469,611.6715120000001
4470,744.9010550000002
4471,579.482954
4472,456.1752440000008
4473,292.67079999999993
4474,409.92739999999964
4475,440.8351309999996
4476,710.1592109999998
4477,406.7705720000002
4478,671.9038529999999
4479,642.269627
4480,487.73986299999996
4481,368.73644299999984
4482,401.8867980000004
4483,410.3050059999997
4484,568.0705709999997
4485,509.13579300000004
4486,425.658717
4487,565.7128869999998
4488,446.02119899999985
4489,765.1108209999998
4490,352.0312999999996
4491,724.7195309999993
4492,299.2982560000007
4493,609.530872999999
4494,547.2175150000005
4495,399.23728000000006
4496,457.9225869999998
4497,457.68096099999974
4498,607.8949289999998
4499,453.34267599999987
4500,454.5000750000009
4501,558.8919209999999
4502,451.57284399999975
4503,335.01235699999944
4504,459.0920150000002
4505,471.5347080000005
4506,352.0312999999996
4507,565.6867370000006
4508,608.9053650000001
4509,655.8315400000008
4510,531.6362989999996
4511,575.5850350000003
4512,306.05750800000004
4513,574.5024249999994
4514,448.4201999999992
4515,617.3335100000004
4516,469.42388000000005
4517,645.6021830000004
4518,382.37994400000025
4519,455.1459799999999
4520,458.95237400000076
4521,613.0490940000004
4522,395.9685300000004
4523,611.4989219999998
4524,476.5879340000007
4525,420.3162720000001
4526,473.5425050000005
4527,624.2004999999994
4528,318.1304400000003
4529,586.5905239999996
4530,588.83001
4531,589.3064629999991
4532,502.308028000001
4533,739.7725170000011
4534,677.9805900000007
4535,409.0618350000002
4536,609.873960999999
4537,641.3564690000007
4538,360.7131000000006
4539,449.9630499999998
4540,734.6016159999995
4541,689.3663000000009
4542,496.23652099999975
4543,396.22480000000064
4544,384.2470540000002
4545,484.5338730000001
4546,404.4463600000001
4547,602.8720370000004
4548,370.8117070000002
4549,444.96787700000016
4550,448.17072899999926
4551,601.4468620000002
4552,456.78192400000063
4553,544.1166479999996
4554,390.8080889999998
4555,338.8579759999999
4556,432.36409999999995
4557,665.2204359999989
4558,634.6102919999997
4559,678.3346610000007
4560,546.2870980000004
4561,547.5219010000006
4562,578.5295250000001
4563,658.1609820000007
4564,588.5549120000006
4565,451.2402160000002
4566,556.4353900000008
4567,496.1528410000007
4568,536.9960029999997
4569,382.05150000000066
4570,371.1072020000001
4571,515.1304189999996
4572,528.9637690000004
4573,544.8436179999998
4574,439.3032640000001
4575,511.10645700000003
4576,576.5855339999996
4577,777.2826000000001
4578,579.2528340000005
4579,328.1605340000003
4580,454.9848960000008
4581,494.34169200000053
4582,395.365511
4583,449.2271889999995
4584,283.0873480000002
4585,571.2389050000003
4586,453.53618600000016
4587,422.43599100000046
4588,536.6204890000002
4589,545.1432970000001
4590,552.0291149999998
4591,673.8232630000006
4592,515.1199590000004
4593,320.7951249999994
4594,671.8154659999996
4595,446.20738699999924
4596,722.9429000000007
4597,421.7471999999998
4598,578.8448940000002
4599,379.7100290000004
4600,629.9718050000001
4601,382.05150000000066
4602,561.8322270000003
4603,486.3486830000005
4604,333.1614599999998
4605,452.51999700000067
4606,570.7132899999998
4607,504.3320380000007
4608,349.98532400000016
4609,409.28044900000003
4610,352.0312999999996
4611,465.9145500000002
4612,336.8690070000004
4613,512.3370760000003
4614,710.2339999999984
4615,528.4433840000007
4616,485.1436910000008
4617,614.7749940000009
4618,715.150200000002
4619,541.7934820000006
4620,531.9291790000002
4621,650.0649419999995
4622,447.66289600000033
4623,435.228048
4624,767.8675540000008
4625,456.7777400000003
4626,449.15239999999926
4627,641.4542699999998
4628,412.81122200000044
4629,333.8026579999995
4630,650.7971419999999
4631,510.7471559999994
4632,399.2210670000002
4633,458.3116990000009
4634,602.4405619999994
4635,497.1904730000005
4636,573.7398909999994
4637,435.51674399999996
4638,519.4226800000007
4639,434.76989999999984
4640,725.9762999999999
4641,597.499258
4642,722.6814000000012
4643,389.2165999999995
4644,643.4040139999998
4645,686.5635430000005
4646,512.9249280000001
4647,555.1409650000004
4648,714.3840049999999
4649,449.172797
4650,588.6422529999995
4651,440.74726699999957
4652,596.3774229999995
4653,585.190453000001
4654,366.1413170000001
4655,593.9475649999997
4656,560.6884259999998
4657,364.95933699999995
4658,466.1655899999992
4659,301.1407849999995
4660,688.0336960000005
4661,542.0419070000004
4662,518.5246889999997
4663,634.2044440000002
4664,412.6234650000003
4665,519.6188050000005
4666,382.05150000000066
4667,690.0054059999991
4668,604.0707529999997
4669,459.97850000000005
4670,536.3636959999997
4671,365.2715679999999
4672,459.32579599999934
4673,624.8814459999999
4674,680.0297039999986
4675,384.98448399999984
4676,423.2089850000001
4677,602.9363660000004
4678,706.5379589999998
4679,453.77676600000086
4680,707.1545759999992
4681,343.50639999999925
4682,435.93409799999966
4683,554.0421419999994
4684,379.3355609999999
4685,602.4431770000006
4686,443.674498
4687,461.1918599999997
4688,364.8343400000004
4689,519.3316780000002
4690,542.7181459999996
4691,486.93392
4692,592.9209160000006
4693,522.2719839999995
4694,304.17680000000036
4695,442.2090520000001
4696,674.3112219999991
4697,644.5384009999998
4698,663.6069809999993
4699,383.2251119999999
4700,487.6300330000006
4701,505.14216499999935
4702,441.30321599999957
4703,613.077859
4704,718.9158000000011
4705,716.7573789999997
4706,321.07074599999964
4707,461.10713400000037
4708,520.5554980000002
4709,476.51471399999946
4710,401.62425199999996
4711,581.8667880000007
4712,441.03648599999957
4713,440.39267300000057
4714,438.41468699999984
4715,456.98903199999995
4716,559.1382539999996
4717,576.6101149999994
4718,494.4049750000008
4719,635.6322339999997
4720,590.9570510000008
4721,326.7881820000004
4722,518.7678840000009
4723,532.8742400000009
4724,595.329854
4725,537.1727770000006
4726,630.9372630000005
4727,539.6836999999997
4728,713.1769210000001
4729,394.30905099999995
4730,548.7839000000005
4731,567.7259139999994
4732,310.7796750000004
4733,541.4148300000003
4734,571.5464290000001
4735,562.804484000001
4736,505.34770400000025
4737,574.0327709999995
4738,320.7349799999997
4739,353.9449570000003
4740,343.50639999999925
4741,524.4309280000002
4742,400.21738199999993
4743,281.21814599999965
4744,648.6978199999995
4745,423.06411400000013
4746,617.434449
4747,614.5982199999997
4748,538.8385319999994
4749,353.44758400000023
4750,467.0562589999997
4751,430.84583100000054
4752,449.4478949999998
4753,556.8600659999995
4754,532.9207869999998
4755,526.4502310000003
4756,595.7398859999995
4757,455.7976380000005
4758,642.0870999999987
4759,514.2988489999999
4760,380.677579
4761,419.6761200000001
4762,391.4236600000002
4763,340.3009330000004
4764,464.64941300000015
4765,513.4814000000005
4766,569.4962690000006
4767,532.4736219999987
4768,668.512720999999
4769,542.0319700000002
4770,575.4438249999996
4771,582.0038140000004
4772,601.1189410000002
4773,344.686288
4774,555.7915770000001
4775,484.15731299999953
4776,659.6766359999998
4777,543.5523309999999
4778,646.0509169999996
4779,630.0873879999992
4780,538.6654189999991
4781,502.3226720000003
4782,493.16912599999984
4783,360.0332000000006
4784,709.5556690000002
4785,632.4654689999995
4786,505.748322000001
4787,615.2535389999998
4788,635.1060960000003
4789,777.2826000000001
4790,399.2812119999997
4791,477.09210600000057
4792,518.2464530000001
4793,329.6971079999996
4794,409.8965430000003
4795,460.43978599999946
4796,669.7292190000006
4797,452.56131400000066
4798,728.8527999999997
4799,347.68621600000034
4800,401.61379199999976
4801,420.8408410000001
4802,637.9956709999999
4803,543.7160300000005
4804,674.0356009999996
4805,477.33530100000013
4806,606.7506049999998
4807,505.26454699999937
4808,474.12617299999954
4809,355.04378000000025
4810,429.2229620000005
4811,324.12506599999944
4812,298.7213869999995
4813,335.1493829999999
4814,397.241512
4815,645.5022899999999
4816,449.15239999999926
4817,535.3469840000002
4818,476.98541400000033
4819,446.6189880000002
4820,500.83787500000085
4821,674.5685379999992
4822,586.6459620000006
4823,710.2339999999984
4824,354.3544660000001
4825,356.67240200000043
4826,714.4122470000011
4827,582.1528689999992
4828,418.77080699999976
4829,584.0780320000002
4830,396.22480000000064
4831,749.9480050000005
4832,351.7174999999995
4833,334.6969880000004
4834,511.5327019999999
4835,648.1946940000007
4836,304.17680000000036
4837,554.7895090000009
4838,536.4928769999995
4839,459.38228000000055
4840,691.2470080000005
4841,710.4609820000002
4842,756.7789079999998
4843,485.1938990000007
4844,484.85028799999986
4845,490.2084230000009
4846,422.83294800000004
4847,513.7564980000001
4848,715.150200000002
4849,735.8887189999994
4850,363.68112499999984
4851,526.5407100000004
4852,443.83401299999974
4853,560.6580919999993
4854,710.2339999999983
4855,642.0870999999987
4856,380.516495
4857,520.3300850000007
4858,777.2826000000001
4859,504.3383140000003
4860,431.99120099999965
4861,351.7174999999995
4862,629.020468
4863,599.7711699999993
4864,530.5625799999997
4865,585.6130369999995
4866,777.2826000000001
4867,491.37785100000013
4868,525.9288000000004
4869,725.9762999999999
4870,451.78465900000026
4871,312.63371
4872,475.6752990000009
4873,666.4416410000001
4874,545.3519739999999
4875,367.3463089999997
4876,561.9169529999994
4877,429.34743600000024
4878,612.772949999999
4879,560.5257729999993
4880,558.0477990000009
4881,568.2185800000002
4882,587.8483389999994
4883,550.6321819999998
4884,690.7114560000005
4885,396.340383
4886,560.1617649999991
4887,381.4071640000004
4888,621.5917760000002
4889,526.4418629999996
4890,342.27055099999944
4891,519.3379539999994
4892,679.8999999999997
4893,724.7132550000008
4894,642.6937800000002
4895,491.94216799999975
4896,446.5604119999994
4897,347.7824480000003
4898,630.0873879999992
4899,317.0969919999997
4900,725.9762999999999
4901,719.8158829999996
4902,453.464535
4903,527.2012590000005
4904,460.5344489999999
4905,548.1861109999992
4906,533.3313419999997
4907,335.0024199999999
4908,437.1652399999995
4909,484.2341940000003
4910,614.9465380000003
4911,341.07078899999965
4912,509.4584839999998
4913,572.0574
4914,488.82874899999956
4915,748.5897740000012
4916,462.1332600000007
4917,546.4371990000004
4918,449.15239999999926
4919,449.15239999999926
4920,664.4908509999996
4921,524.9607269999997
4922,420.1326989999996
4923,711.0645239999997
4924,561.6355790000003
4925,473.829632
4926,304.94665600000013
4927,570.0940579999999
4928,528.8445249999996
4929,611.5250720000007
4930,318.64559499999956
4931,450.5441030000004
4932,608.2469079999996
4933,644.753354
4934,454.6104280000008
4935,454.5000750000009
4936,416.33938
4937,374.2713520000007
4938,592.5427870000003
4939,396.12019999999967
4940,546.6505830000009
4941,316.86687199999943
4942,481.1469249999996
4943,555.7790249999997
4944,569.7028540000001
4945,533.7675239999996
4946,538.6481600000003
4947,365.60053500000015
4948,760.1642870000003
4949,541.0890009999995
4950,506.6918140000003
4951,421.9731360000002
4952,499.5350819999998
4953,318.07657099999943
4954,532.8303079999997
4955,712.8678279999995
4956,544.4607819999999
4957,620.657698
4958,777.2826000000001
4959,716.1946309999995
4960,416.42724400000014
4961,456.47440000000023
4962,657.2875719999994
4963,367.461369
4964,533.3015310000004
4965,641.6890969999997
4966,512.0044480000001
4967,484.6902500000001
4968,434.1595590000004
4969,405.8647359999998
4970,689.3663000000009
4971,542.7850900000004
4972,463.7085359999998
4973,401.71682300000015
4974,419.47581100000053
4975,418.62122899999986
4976,601.8495719999991
4977,568.2912770000004
4978,677.6050759999989
4979,366.7798999999995
4980,744.4884079999991
4981,360.7131000000006
4982,672.9393930000006
4983,756.1199280000004
4984,748.0991999999985
4985,557.9222790000007
4986,475.06757300000055
4987,651.5481700000005
4988,539.4687469999997
4989,597.4558490000004
4990,473.5425050000006
4991,530.8293099999994
4992,369.78192
4993,752.1315300000012
4994,633.6144999999999
4995,769.8267119999998
4996,597.3109779999999
4997,460.980045
4998,620.3716169999998
4999,564.6271390000004
5000,404.1362209999999
5001,640.0008529999999
5002,464.8172959999991
5003,360.0332000000006
5004,463.01608400000003
5005,405.8579370000004
5006,456.70556600000003
5007,612.4753629999991
5008,477.2599890000008
5009,559.3066599999994
5010,476.6423259999999
5011,573.3261980000003
5012,463.7650200000008
5013,281.2516179999996
5014,562.6010370000007
5015,278.70669999999967
5016,466.88210000000015
5017,716.0623119999996
5018,670.1664469999995
5019,426.5321269999999
5020,539.1742980000004
5021,600.2612209999995
5022,429.7789110000004
5023,578.2444900000005
5024,482.12284299999976
5025,536.6513459999993
5026,566.7468579999995
5027,458.28241099999997
5028,595.9109070000001
5029,631.14071
5030,517.2851789999999
5031,679.382230000001
5032,509.908264000001
5033,515.5514340000002
5034,613.9810800000006
5035,601.362659
5036,415.36660000000086
5037,777.2826000000001
5038,473.34899500000057
5039,278.70669999999967
5040,725.9762999999999
5041,597.1577390000006
5042,347.84416199999924
5043,748.0991999999985
5044,531.3517870000001
5045,478.78976400000056
5046,499.6098710000009
5047,460.0423059999999
5048,463.04380299999997
5049,564.9168809999999
5050,446.2005879999997
5051,525.8853910000008
5052,517.7757529999997
5053,607.325381999999
5054,646.5849000000012
5055,432.12456600000075
5056,536.3814780000009
5057,626.1716870000005
5058,481.05435400000016
5059,492.70993200000055
5060,620.757591000001
5061,467.40510000000046
5062,555.2690999999996
5063,458.64484999999974
5064,636.9590849999997
5065,390.94249999999954
5066,382.760165
5067,492.1362010000006
5068,520.4252709999996
5069,454.4012279999994
5070,466.2597300000006
5071,565.0743040000009
5072,389.1904499999998
5073,597.4187159999997
5074,481.9282869999999
5075,557.0629900000006
5076,430.96768999999983
5077,345.9561319999993
5078,685.8914880000004
5079,468.9207540000002
5080,487.1467810000002
5081,572.4690010000004
5082,557.8391219999995
5083,538.0655379999996
5084,468.97043899999915
5085,308.8325460000004
5086,604.845315999999
5087,642.2471379999995
5088,498.59838900000074
5089,769.6990999999991
5090,639.8261709999996
5091,494.1507970000009
5092,486.487278
5093,513.5493900000008
5094,505.82154200000036
5095,546.1390890000004
5096,703.5531980000007
5097,418.9805300000003
5098,715.150200000002
5099,476.93991299999965
5100,477.1883380000004
5101,689.4886819999989
5102,352.0312999999996
5103,584.5246739999997
5104,517.3144669999996
5105,365.8395460000005
5106,527.8142149999994
5107,560.742295
5108,689.3663000000009
5109,320.12568499999963
5110,537.5022670000002
5111,477.87974400000036
5112,637.4313540000012
5113,561.1732470000007
5114,546.5130339999995
5115,624.5137770000003
5116,542.8295449999994
5117,420.0009029999996
5118,461.1604800000004
5119,566.6433039999996
5120,340.06505999999996
5121,465.1227280000006
5122,470.095412
5123,629.8896940000002
5124,625.9635329999992
5125,408.88558399999994
5126,447.1315279999999
5127,281.4785999999996
5128,446.1712999999998
5129,602.5195350000005
5130,439.27606800000024
5131,555.5384450000003
5132,518.8133850000005
5133,603.3673180000005
5134,508.90724199999966
5135,412.1083099999997
5136,455.5110340000008
5137,315.5170089999998
5138,396.22480000000064
5139,657.0590210000004
5140,572.1954719999998
5141,689.9693189999997
5142,517.0184490000001
5143,533.1550909999996
5144,595.2817379999998
5145,557.9567969999997
5146,560.2072659999998
5147,458.0836710000004
5148,456.22649799999994
5149,748.0991999999985
5150,666.4327499999999
5151,677.3184720000004
5152,427.25334399999986
5153,531.2806589999997
5154,524.2086530000001
5155,554.7209959999989
5156,567.8707849999998
5157,544.428879
5158,440.74726699999957
5159,559.5461939999994
5160,398.8377080000002
5161,715.150200000002
5162,572.4438970000002
5163,554.5180719999998
5164,487.90983800000026
5165,468.7884349999998
5166,455.57640900000087
5167,597.6153639999997
5168,451.41960500000016
5169,566.0308710000006
5170,509.0793089999999
5171,560.3102969999993
5172,713.7067200000015
5173,421.056317
5174,574.5892429999999
5175,307.9026519999998
5176,570.5406999999993
5177,546.0198449999996
5178,684.4762500000008
5179,464.99877700000064
5180,528.2289540000008
5181,583.4985479999993
5182,472.2658620000005
5183,447.2125930000002
5184,578.7157129999995
5185,367.59368800000027
5186,346.4059119999999
5187,367.4195290000004
5188,590.381228
5189,389.19306500000033
5190,375.70698699999986
5191,412.3447060000002
5192,725.9762999999999
5193,511.8015240000002
5194,528.0275990000008
5195,598.4458879999995
5196,422.79320000000007
5197,579.7528220000011
5198,451.12829400000027
5199,416.1218120000004
5200,500.4644530000008
5201,624.2004999999994
5202,721.9282799999997
5203,718.9158000000011
5204,534.5959559999999
5205,344.20721999999995
5206,645.5462219999996
5207,456.2217910000001
5208,676.8875200000009
5209,509.5829580000003
5210,281.4785999999995
5211,484.9072950000001
5212,621.0206599999992
5213,518.650731999999
5214,548.965381
5215,487.5929000000003
5216,477.7259819999997
5217,269.1880999999996
5218,299.9310859999995
5219,556.7042119999995
5220,493.66649900000084
5221,351.9481429999994
5222,353.8670299999999
5223,578.1738849999996
5224,317.0760720000002
5225,449.15239999999926
5226,395.2959519999997
5227,690.7114560000005
5228,449.5028100000004
5229,342.92639300000053
5230,657.08674
5231,567.3064679999998
5232,312.55630599999995
5233,516.115228
5234,759.2422380000012
5235,421.2581949999999
5236,430.74593800000025
5237,456.46812400000033
5238,440.24152600000065
5239,454.7877250000008
5240,427.24131500000027
5241,476.6449410000009
5242,648.305047
5243,550.3037380000007
5244,535.3804560000003
5245,393.6056160000003
5246,650.0068889999993
5247,463.80319899999995
5248,550.9637640000009
5249,586.9812050000002
5250,473.5425050000006
5251,587.1522259999995
5252,524.6192080000002
5253,640.6106709999999
5254,561.4112119999994
5255,515.9808170000005
5256,352.0312999999996
5257,715.150200000002
5258,391.51675399999993
5259,638.488337
5260,356.9862020000005
5261,301.3975779999996
5262,534.8762839999996
5263,615.2953790000006
5264,578.2094490000004
5265,562.703545
5266,471.37728500000077
5267,754.7664040000002
5268,459.0088579999999
5269,553.8491549999995
5270,404.3135180000003
5271,651.6308039999999
5272,382.05150000000066
5273,352.0312999999996
5274,710.2339999999983
5275,562.1251069999993
5276,722.9429000000007
5277,555.8627049999997
5278,573.1855109999993
5279,617.3345560000012
5280,654.0909959999998
5281,488.91138300000006
5282,777.2826000000001
5283,624.7836449999996
5284,612.6725340000011
5285,318.8626400000001
5286,409.7166310000003
5287,340.5692320000003
5288,416.08415599999995
5289,680.749352000001
5290,351.7174999999995
5291,747.4245300000006
5292,536.5535450000003
5293,510.4689200000002
5294,564.2646999999998
5295,646.0786360000001
5296,666.6131850000005
5297,501.7630620000008
5298,540.4336819999995
5299,488.3826299999998
5300,638.866466
5301,480.3493500000004
5302,330.53704599999963
5303,725.9762999999999
5304,647.1764130000006
5305,484.10919700000005
5306,599.6435580000002
5307,740.8634950000009
5308,584.7119079999997
5309,551.8267140000002
5310,567.1793790000005
5311,454.1596019999998
5312,547.4308989999995
5313,540.2265739999999
5314,518.8421499999996
5315,312.31101899999965
5316,460.33361699999995
5317,577.7251509999995
5318,641.7466270000003
5319,492.6184070000002
5320,510.21474200000057
5321,354.82568900000035
5322,376.10499000000056
5323,554.4547890000002
5324,710.2339999999984
5325,607.4399190000008
5326,733.7977650000008
5327,389.503727
5328,689.7653490000008
5329,654.4618030000006
5330,689.7653490000008
5331,387.4906999999995
5332,450.89869699999997
5333,428.41231199999993
5334,361.20838100000066
5335,493.4980929999998
5336,567.9654480000005
5337,722.6814000000012
5338,435.41528199999976
5339,343.45933000000065
5340,489.565133
5341,449.85792700000025
5342,756.004868
5343,575.0834779999998
5344,465.62010099999907
5345,715.150200000002
5346,342.2998390000006
5347,685.3559360000005
5348,715.150200000002
5349,507.6865599999994
5350,614.856059
5351,565.1318339999999
5352,641.7257069999995
5353,752.707352999999
5354,773.6540260000008
5355,401.7842900000007
5356,560.2815319999993
5357,428.01744700000023
5358,337.3036199999999
5359,679.9543919999993
5360,524.7483890000004
5361,396.22480000000064
5362,518.8792829999994
5363,444.3931000000001
5364,571.4423519999995
5365,362.5639970000004
5366,702.546946
5367,701.0067110000002
5368,540.6674629999999
5369,712.0828050000014
5370,482.7180170000008
5371,504.6929079999994
5372,308.73892899999964
5373,671.6130649999991
5374,602.7632529999995
5375,754.4442360000004
5376,331.019775
5377,739.469700000001
5378,357.3036630000003
5379,710.2339999999984
5380,647.5634329999997
5381,574.1368479999995
5382,434.78663600000044
5383,416.627553
5384,397.9846950000002
5385,710.2339999999984
5386,625.069203
5387,567.1208030000008
5388,499.9974139999998
5389,712.6021439999995
5390,454.6240260000003
5391,385.03992199999993
5392,409.33431800000005
5393,667.3166200000009
5394,501.9801070000001
5395,650.8802989999997
5396,418.18609299999997
5397,469.4944850000008
5398,713.7067200000014
5399,678.9293120000003
5400,517.8861060000008
5401,592.2389239999998
5402,610.9309439999994
5403,292.8397289999999
5404,448.9348319999997
5405,684.6629609999992
5406,467.011281
5407,462.0427810000003
5408,358.43491200000034
5409,517.0822549999996
5410,391.54238100000066
5411,550.3858490000001
5412,562.6313710000004
5413,499.62294599999973
5414,648.3196909999995
5415,529.8418859999997
5416,355.38216100000005
5417,547.7839240000005
5418,572.4831219999994
5419,361.6393330000004
5420,525.1103050000003
5421,622.0922869999998
5422,449.15239999999926
5423,500.0392539999999
5424,591.5846510000003
5425,607.9252629999996
5426,459.9476429999998
5427,397.87225
5428,680.151563000001
5429,751.8250520000005
5430,351.7174999999995
5431,648.2208439999994
5432,414.53555300000016
5433,324.2056080000005
5434,646.5749629999997
5435,562.9284349999997
5436,777.2826000000001
5437,689.3663000000009
5438,367.461369
5439,430.4880989999997
5440,536.0734309999991
5441,489.6237089999997
5442,360.61896
5443,717.3133280000001
5444,393.3864789999994
5445,639.1922949999995
5446,605.8128659999999
5447,547.2933500000004
5448,418.44706999999994
5449,576.9919049999994
5450,706.236188
5451,578.5666579999998
5452,323.82172600000047
5453,531.8397459999998
5454,384.0744640000002
5455,598.2251819999996
5456,674.7327600000009
5457,660.1384450000008
5458,453.3369229999999
5459,592.4789810000008
5460,568.1997519999994
5461,306.720149
5462,382.05150000000066
5463,391.4299359999999
5464,505.7342010000004
5465,688.2742760000006
5466,538.4060110000003
5467,708.8349750000015
5468,483.87907700000056
5469,452.9713460000003
5470,442.88738299999966
5471,642.0870999999987
5472,537.4646109999994
5473,470.89455599999997
5474,543.6705289999996
5475,546.638031
5476,485.12486300000086
5477,615.443388
5478,491.66079399999995
5479,713.5288999999995
5480,396.22480000000064
5481,359.92912299999966
5482,399.0207579999999
5483,347.8996000000003
5484,449.4018709999993
5485,382.05150000000066
5486,693.5544839999993
5487,565.1025459999998
5488,679.529193
5489,643.8506559999998
5490,582.7815149999994
5491,642.0870999999987
5492,665.2816269999996
5493,548.9183110000004
5494,722.6814000000012
5495,439.11132299999986
5496,571.1463339999993
5497,526.5072379999998
5498,351.2928239999998
5499,670.8876639999994
5500,546.9523539999992
5501,506.0715360000002
5502,455.37610000000086
5503,440.51610099999954
5504,424.5928430000002
5505,482.51980000000026
5506,505.05482399999966
5507,343.50639999999925
5508,281.4785999999996
5509,607.7500579999997
5510,585.6109449999997
5511,285.85924800000043
5512,587.6197880000005
5513,540.9012440000007
5514,480.36608599999977
5515,337.43175499999944
5516,454.1857520000007
5517,484.53125800000055
5518,292.70636400000046
5519,444.8711219999998
5520,707.2110600000013
5521,451.41855900000047
5522,683.2728270000006
5523,615.0370170000007
5524,476.3515380000005
5525,573.4224299999988
5526,691.612062
5527,484.24831500000005
5528,519.478118
5529,352.0312999999996
5530,588.2149619999994
5531,509.7320130000008
5532,750.5070920000013
5533,523.4251990000001
5534,484.5537470000006
5535,530.682347000001
5536,452.2658190000004
5537,569.3618580000007
5538,431.88555500000007
5539,457.21183000000076
5540,439.4329679999996
5541,572.3324980000004
5542,551.1891769999995
5543,482.11395199999987
5544,551.9825679999999
5545,536.7773889999996
5546,568.5935709999999
5547,399.38528900000017
5548,473.24439500000017
5549,500.38338800000076
5550,449.15239999999926
5551,281.4785999999996
5552,624.2004999999994
5553,615.677169000001
5554,464.65935000000013
5555,641.508139
5556,557.2303500000005
5557,614.5673630000006
5558,588.5083649999997
5559,623.5613940000004
5560,484.09612199999987
5561,606.3264520000001
5562,452.0874759999999
5563,502.7766359999997
5564,738.8881239999993
5565,759.6051999999996
5566,410.97706100000005
5567,653.9916259999994
5568,558.0812709999998
5569,361.1534660000005
5570,399.76132600000005
5571,332.59295899999944
5572,447.7925999999999
5573,728.7508150000009
5574,453.668505
5575,524.4513250000001
5576,722.6814000000012
5577,459.2551909999996
5578,557.5132929999994
5579,359.4014159999999
5580,438.2478500000004
5581,496.8149589999999
5582,518.5377639999997
5583,370.5910010000001
5584,515.3981950000002
5585,694.8326959999996
5586,509.30786000000063
5587,408.790397999999
5588,457.0533610000008
5589,596.1478259999998
5590,483.08725500000054
5591,575.8779150000003
5592,518.1329619999996
5593,504.45389699999976
5594,742.6809199999999
5595,457.24896300000023
5596,625.219304
5597,292.67079999999993
5598,463.427161999999
5599,468.1263170000009
5600,768.1750779999998
5601,716.9545500000015
5602,450.6230759999998
5603,658.5914109999987
5604,471.78365600000063
5605,329.9340270000006
5606,438.8979389999997
5607,456.1611230000003
5608,461.8220750000001
5609,522.3760609999996
5610,747.4961810000012
5611,665.995521999999
5612,553.8852419999994
5613,598.6577029999997
5614,621.4641639999998
5615,413.04604900000015
5616,369.8551400000002
5617,367.63238999999953
5618,522.7212409999998
5619,338.35118899999975
5620,337.8559080000002
5621,642.0870999999987
5622,395.9868350000002
5623,540.7935059999999
5624,655.7206640000005
5625,648.75012
5626,501.5036540000001
5627,568.2494369999997
5628,351.7174999999995
5629,382.05150000000066
5630,451.07024100000046
5631,651.7228519999994
5632,470.3422679999999
5633,465.007668
5634,295.33600799999965
5635,449.15239999999926
5636,586.1778769999997
5637,337.88362700000005
5638,555.7994220000006
5639,496.8766730000006
5640,508.69961099999966
5641,338.3281770000004
5642,383.3872420000005
5643,593.6185979999996
5644,634.1348849999997
5645,390.31333100000046
5646,458.12237299999964
5647,499.88235400000053
5648,384.84954999999974
5649,455.22390700000085
5650,722.6814000000012
5651,610.1276160000002
5652,677.7991089999997
5653,329.4795399999998
5654,568.9575790000008
5655,452.98232900000005
5656,396.22480000000064
5657,515.9740180000001
5658,518.0712480000003
5659,718.3070279999996
5660,574.3512780000005
5661,613.2802600000005
5662,452.9247989999999
5663,496.8269880000004
5664,531.6828459999996
5665,367.2903480000001
5666,320.49596899999943
5667,445.5337629999995
5668,571.4805309999997
5669,604.7496070000001
5670,477.6993090000006
5671,451.69574900000066
5672,588.6820010000007
5673,453.0780380000002
5674,722.6814000000012
5675,565.1177130000003
5676,506.82361000000026
5677,464.06051500000007
5678,545.3817850000007
5679,431.13871099999994
5680,470.5723879999998
5681,478.17890000000006
5682,768.3094889999998
5683,572.4595870000004
5684,582.2663599999997
5685,506.01034499999963
5686,710.2339999999984
5687,469.13832199999956
5688,556.1618609999995
5689,463.20645599999983
5690,521.4676100000007
5691,457.91840299999984
5692,367.71240900000055
5693,529.5871849999996
5694,316.93643100000014
5695,498.98017900000093
5696,489.53950600000076
5697,678.9293120000003
5698,595.2388520000007
5699,576.7000709999996
5700,509.95219599999973
5701,492.09540699999957
5702,586.3692949999997
5703,725.9762999999999
5704,321.5927000000002
5705,689.7653490000008
5706,375.2467470000001
5707,449.15239999999926
5708,636.1374519999999
5709,437.13961300000005
5710,629.397028
5711,482.94761399999965
5712,433.288764
5713,659.5751739999997
5714,586.8912489999996
5715,351.7174999999995
5716,318.274788
5717,698.5501800000001
5718,589.0669289999996
5719,468.1576970000003
5720,715.2893180000002
5721,453.6156819999999
5722,689.0211199999992
5723,720.1176539999998
5724,389.6580119999999
5725,580.6973599999999
5726,455.2558100000006
5727,430.63819999999976
5728,569.8550470000005
5729,401.1425690000001
5730,448.27846700000003
5731,673.0591600000008
5732,667.7313589999998
5733,506.93657800000017
5734,636.3597269999995
5735,541.7485039999997
5736,713.4786919999999
5737,373.5998200000004
5738,644.2763780000006
5739,376.1625199999999
5740,773.8517200000009
5741,379.34131400000047
5742,311.13897600000024
5743,465.656187999999
5744,590.3367730000006
5745,455.3447200000007
5746,704.4281770000002
5747,546.255195
5748,695.2160549999996
5749,547.5046419999998
5750,662.7895319999994
5751,329.47953999999993
5752,474.61360900000034
5753,622.4322370000004
5754,480.7572900000003
5755,375.848197
5756,575.194354
5757,585.1004970000006
5758,386.50118400000014
5759,483.828869
5760,449.15239999999926
5761,572.7503749999993
5762,429.64868399999983
5763,474.6423739999996
5764,434.00527400000055
5765,659.2252869999996
5766,758.4483239999989
5767,369.9450960000002
5768,568.2274710000006
5769,378.9992719999998
5770,715.150200000002
5771,479.3394370000004
5772,543.1914610000006
5773,668.3349010000001
5774,726.6980400000016
5775,413.06749200000013
5776,611.2217320000001
5777,483.20179200000086
5778,378.195944
5779,529.7833100000004
5780,330.62595600000014
5781,729.1911809999995
5782,474.82542399999943
5783,615.965865
5784,347.76257399999974
5785,378.27544
5786,603.0294600000008
5787,661.8209359999994
5788,606.5497730000003
5789,445.3935989999994
5790,707.1415010000003
5791,498.7762089999999
5792,642.0870999999987
5793,561.6015839999993
5794,380.70582099999973
5795,594.4329089999999
5796,426.5708290000002
5797,503.60088400000006
5798,574.9328540000004
5799,711.2355450000007
5800,396.730541
5801,532.8930679999995
5802,478.0690700000003
5803,506.1029160000004
5804,435.55021599999986
5805,601.593302
5806,559.8610399999995
5807,724.4622149999989
5808,684.5452860000001
5809,540.3217600000007
5810,438.04910999999976
5811,473.6847609999997
5812,548.3367350000008
5813,385.0127260000005
5814,515.8254859999995
5815,472.1670150000006
5816,309.16517399999975
5817,757.0215799999992
5818,568.1715099999996
5819,473.43581300000085
5820,489.1979870000008
5821,507.1191050000006
5822,659.3309330000005
5823,426.6905960000003
5824,386.02263899999997
5825,573.064175
5826,537.1241379999997
5827,345.93573499999985
5828,571.6562590000008
5829,426.16707300000047
5830,715.150200000002
5831,458.0946539999993
5832,458.0130660000004
5833,394.5464930000008
5834,754.3019800000002
5835,589.9952539999998
5836,453.0158010000008
5837,585.1962059999994
5838,460.09669799999966
5839,672.7647109999998
5840,587.0423959999994
5841,537.1319830000007
5842,701.7556469999993
5843,523.1323190000007
5844,497.3374359999996
5845,430.070222
5846,538.9154129999998
5847,590.1599989999995
5848,551.9438660000002
5849,329.1296529999997
5850,568.776621
5851,350.9429370000006
5852,385.7647999999995
5853,582.9551510000002
5854,585.0100180000005
5855,375.515569
5856,532.5719459999999
5857,539.8149730000005
5858,598.108553
5859,554.0337740000007
5860,712.8678279999995
5861,461.2462520000001
5862,314.42655399999984
5863,568.8001559999996
5864,374.1510620000001
5865,467.18073300000026
5866,445.6221499999999
5867,649.6653699999999
5868,505.76610400000044
5869,312.0280759999995
5870,716.9545500000015
5871,515.6272690000001
5872,305.9795809999995
5873,581.1931640000006
5874,550.4862649999997
5875,648.2208439999994
5876,510.6362799999998
5877,557.5676849999993
5878,574.0280639999994
5879,675.7782370000001
5880,413.6030440000003
5881,464.78539300000006
5882,595.5040129999996
5883,739.469700000001
5884,524.4047780000005
5885,476.9482810000004
5886,400.91140300000023
5887,623.6910980000008
5888,436.55176099999966
5889,467.60854700000027
5890,533.1367860000007
5891,575.1310709999997
5892,773.5269370000009
5893,549.3675680000007
5894,475.0660040000006
5895,286.62439699999953
5896,573.7984669999997
5897,360.7131000000006
5898,454.6538370000005
5899,580.4463200000006
5900,597.1948719999999
5901,314.3653629999998
5902,751.3606280000001
5903,491.1153050000006
5904,715.150200000002
5905,580.5080339999996
5906,575.3198740000004
5907,642.0870999999987
5908,437.9262049999999
5909,758.4817960000001
5910,523.9168190000003
5911,505.754075
5912,540.1946710000003
5913,553.0201999999994
5914,384.890344
5915,597.4919360000001
5916,464.5646870000005
5917,568.530288
5918,400.0426999999999
5919,483.24206299999935
5920,548.8958220000003
5921,713.1774440000002
5922,579.2240690000003
5923,314.4474739999995
5924,313.9772969999997
5925,662.8141130000004
5926,417.9308690000001
5927,490.38624300000083
5928,371.485854
5929,613.4999199999997
5930,642.0870999999987
5931,540.3515710000007
5932,489.41607800000014
5933,433.4064389999998
5934,384.58700400000004
5935,564.6104030000004
5936,572.215869
5937,671.6235250000008
5938,530.4700090000009
5939,449.15239999999926
5940,600.2345479999994
5941,429.0299749999999
5942,373.99730000000017
5943,427.2716490000002
5944,363.48081600000063
5945,648.3144609999996
5946,348.5920520000007
5947,616.6379200000003
5948,547.2389580000009
5949,580.6994520000003
5950,332.1970479999997
5951,488.5824159999998
5952,713.8719879999995
5953,567.1218489999997
5954,466.5081549999992
5955,616.566269
5956,751.5154360000005
5957,607.2788350000008
5958,515.6644020000009
5959,527.6866029999999
5960,598.9458759999999
5961,461.8048160000002
5962,549.9705870000005
5963,667.506468999999
5964,599.8208550000004
5965,382.4008640000004
5966,518.1852620000002
5967,391.37868199999974
5968,555.8114509999997
5969,752.5494070000012
5970,650.1695419999988
5971,434.9304610000001
5972,593.6154600000004
5973,467.3460010000006
5974,413.77354199999985
5975,446.9500469999997
5976,488.0243750000004
5977,650.9665939999996
5978,700.8105859999997
5979,539.7558739999997
5980,388.42164000000014
5981,470.2146560000004
5982,360.7131000000006
5983,414.6914070000001
5984,605.9378630000001
5985,725.9762999999999
5986,368.73591999999996
5987,506.0694439999997
5988,720.1176539999996
5989,566.3420559999993
5990,725.9762999999999
5991,449.15239999999926
5992,365.312362
5993,668.2371000000005
5994,587.0920810000009
5995,356.7393460000003
5996,514.7658880000001
5997,744.9010550000004
5998,528.5082360000001
5999,388.5654650000004
6000,406.3458960000002
6001,558.9442210000004
6002,642.2696269999998
6003,577.7947099999996
6004,680.260346999999
6005,633.8142859999996
6006,337.4396000000005
6007,713.7804630000002
6008,564.1904340000002
6009,377.09189100000003
6010,449.15239999999926
6011,685.5384629999993
6012,562.4786549999999
6013,715.150200000002
6014,469.0750389999997
6015,518.1235479999995
6016,497.5314689999996
6017,337.30362
6018,579.6184109999998
6019,695.8436550000013
6020,568.1715099999994
6021,552.6593299999989
6022,410.19308399999966
6023,579.5101500000001
6024,352.0312999999996
6025,583.1721959999996
6026,725.9762999999999
6027,471.3600259999998
6028,619.3967449999993
6029,374.68870600000014
6030,376.63112800000033
6031,384.8495500000001
6032,343.0273319999997
6033,436.1940290000005
6034,762.5868230000008
6035,278.70669999999967
6036,477.8070470000002
6037,352.0312999999996
6038,396.3989589999999
6039,519.3897309999998
6040,573.6039109999995
6041,502.5203660000009
6042,508.730991
6043,755.6952520000002
6044,425.46468399999964
6045,553.2246929999998
6046,555.3261070000002
6047,335.98199900000066
6048,558.6398350000009
6049,464.6509820000002
6050,617.4768119999995
6051,541.1073059999995
6052,541.9665949999994
6053,621.6121729999999
6054,377.5385330000001
6055,733.7977650000008
6056,583.5539859999996
6057,557.8490590000006
6058,471.66754999999995
6059,520.5105199999995
6060,687.1948039999999
6061,448.13359600000047
6062,717.0785009999995
6063,355.10078700000014
6064,543.9111089999999
6065,548.6688399999997
6066,525.0606200000003
6067,430.67219500000004
6068,548.2703139999995
6069,573.8967909999993
6070,735.3118500000007
6071,539.4948970000002
6072,495.7841259999996
6073,368.867193
6074,281.4785999999996
6075,476.79818
6076,436.69087899999954
6077,380.0573010000002
6078,623.9651499999993
6079,705.4611020000006
6080,449.15239999999926
6081,453.3008360000007
6082,642.0870999999987
6083,475.18210999999974
6084,351.7174999999995
6085,544.4984380000009
6086,523.5371210000003
6087,543.4649899999997
6088,504.22430000000014
6089,725.4951399999994
6090,373.0564230000002
6091,491.5677000000007
6092,397.8722499999999
6093,494.0033110000006
6094,449.15239999999926
6095,606.8954759999998
6096,777.2826000000001
6097,715.9718329999993
6098,681.6457739999992
6099,455.8609209999997
6100,590.0815489999995
6101,505.87488800000096
6102,468.8219070000008
6103,561.7956169999998
6104,629.5643880000009
6105,341.56450100000006
6106,411.79241800000005
6107,608.7897819999989
6108,468.64670199999966
6109,496.1910199999995
6110,542.6616620000009
6111,359.6984799999998
6112,585.1271699999998
6113,560.8097619999994
6114,451.8855980000003
6115,777.2826000000001
6116,570.5218720000007
6117,326.1260640000005
6118,606.5199620000004
6119,577.050481
6120,582.736014
6121,688.0336960000005
6122,677.4989069999999
6123,611.1322990000007
6124,777.2826000000001
6125,584.6245669999993
6126,706.1812729999995
6127,491.1017070000008
6128,551.4470160000008
6129,552.3214720000002
6130,464.963736
6131,642.0870999999987
6132,669.6136360000008
6133,506.4915050000002
6134,597.6666179999996
6135,498.52046199999995
6136,564.5272459999998
6137,693.3892160000005
6138,506.18711900000034
6139,663.2685999999999
6140,575.6917270000002
6141,483.8691400000004
6142,413.518318
6143,689.1048000000004
6144,572.037526
6145,763.6197479999989
6146,651.9299599999999
6147,676.9696309999999
6148,536.5357629999992
6149,507.3476560000002
6150,382.05150000000066
6151,587.708698
6152,485.6452479999999
6153,539.7893460000006
6154,463.80842900000016
6155,281.4785999999996
6156,575.6185069999993
6157,558.4400489999998
6158,566.4785590000008
6159,482.69448199999994
6160,516.3699289999997
6161,464.61228000000045
6162,523.6056339999994
6163,523.8252940000003
6164,379.10178
6165,547.9842330000002
6166,624.1267569999999
6167,418.3508379999998
6168,432.35991600000045
6169,660.7697060000005
6170,688.5692480000005
6171,560.4426159999997
6172,666.1001219999997
6173,509.02125600000005
6174,715.4268670000004
6175,499.1088369999995
6176,618.8287669999995
6177,462.38691500000016
6178,461.52396499999963
6179,551.5782889999999
6180,417.4062999999998
6181,517.7098550000005
6182,586.7986780000006
6183,396.68451700000014
6184,465.77804700000013
6185,595.2786000000008
6186,542.4754739999998
6187,624.2004999999994
6188,372.5862460000002
6189,456.43831300000033
6190,566.0580669999998
6191,715.150200000002
6192,598.8846849999995
6193,564.8535979999996
6194,400.5515789999999
6195,484.17091100000084
6196,736.8468549999994
6197,597.9851249999995
6198,442.34555499999954
6199,560.0012039999995
6200,562.7474769999997
6201,560.7694909999997
6202,401.18284000000006
6203,580.3385819999996
6204,708.0243250000002
6205,471.18429800000064
6206,511.73510300000106
6207,314.68125499999957
6208,463.2064559999997
6209,588.7327319999999
6210,554.1509260000006
6211,725.9762999999999
6212,584.5231049999999
6213,712.4018349999992
6214,564.7458599999994
6215,734.8071550000008
6216,606.5973659999999
6217,503.8189749999996
6218,486.95117900000054
6219,568.9397970000005
6220,408.5571399999998
6221,482.6542109999998
6222,657.7457200000009
6223,648.6978199999995
6224,648.9990679999997
6225,602.8709910000005
6226,500.80597199999966
6227,279.7924479999996
6228,343.2490839999999
6229,560.9577709999993
6230,753.9787660000012
6231,551.9647859999995
6232,382.05150000000066
6233,417.50200900000016
6234,314.473101
6235,476.3740270000001
6236,739.469700000001
6237,475.8881600000006
6238,404.16446299999984
6239,344.75009399999976
6240,480.3043719999997
6241,710.2339999999984
6242,554.977789
6243,700.2640509999997
6244,380.3208930000006
6245,631.0151899999987
6246,484.5814659999996
6247,505.6526129999995
6248,466.29529400000024
6249,581.4991190000001
6250,725.3643899999995
6251,555.7727489999994
6252,510.56776700000023
6253,673.1088450000008
6254,427.6921410000002
6255,582.2538079999996
6256,413.4670640000002
6257,449.4018709999993
6258,501.610346
6259,552.4888320000006
6260,624.0064669999999
6261,507.61909300000093
6262,652.8572389999995
6263,564.2646999999998
6264,541.736475
6265,319.51743600000026
6266,499.1438780000005
6267,424.6352060000001
6268,637.1677620000005
6269,496.931588000001
6270,384.8495499999998
6271,570.2912290000005
6272,451.0613500000001
6273,528.3842850000005
6274,576.1367999999993
6275,551.4940860000004
6276,486.52650299999897
6277,720.8796649999992
6278,493.6398260000003
6279,555.6519359999995
6280,566.5538709999996
6281,333.8026579999995
6282,379.9087690000002
6283,447.5609110000005
6284,725.2880319999992
6285,419.8100080000002
6286,455.82012699999973
6287,281.4785999999996
6288,646.5849000000012
6289,682.1426240000004
6290,624.8474510000008
6291,565.6846449999994
6292,574.6959349999995
6293,617.1671960000007
6294,529.1258989999993
6295,313.960038
6296,674.1809949999999
6297,436.4037519999997
6298,413.41058000000004
6299,438.3367600000003
6300,405.2329520000001
6301,695.7291180000007
6302,478.93358899999953
6303,536.6591909999997
6304,580.2475800000009
6305,612.9340339999995
6306,325.13550199999963
6307,435.900103
6308,552.0050570000004
6309,589.8383539999992
6310,619.4715339999997
6311,593.2896309999998
6312,715.3306350000015
6313,567.3310490000005
6314,551.1290320000004
6315,598.2753900000002
6316,502.19976700000024
6317,420.09399700000023
6318,478.63495600000084
6319,476.7573860000008
6320,499.6590330000001
6321,487.20064999999965
6322,718.9158000000011
6323,447.6628959999999
6324,513.7706189999993
6325,593.9894049999999
6326,513.2366360000007
6327,715.150200000002
6328,565.4121619999997
6329,738.545036
6330,499.4806900000006
6331,348.46810100000044
6332,399.55107999999973
6333,474.2360030000007
6334,639.1441789999997
6335,294.7512939999999
6336,575.7408889999996
6337,278.70669999999967
6338,269.1880999999996
6339,595.0714919999998
6340,653.6318019999994
6341,382.05150000000066
6342,402.2821859999999
6343,682.852335000001
6344,501.8864899999998
6345,701.4224960000007
6346,515.1419249999994
6347,579.6806479999999
6348,556.1707520000004
6349,411.58112600000015
6350,464.25036399999925
6351,722.6814000000012
6352,580.8945309999997
6353,520.540331
6354,387.1962510000007
6355,725.9762999999999
6356,571.4794850000001
6357,281.4785999999996
6358,737.9305110000012
6359,514.428553
6360,428.4959920000003
6361,605.414863
6362,555.9992080000001
6363,609.4498079999998
6364,480.59045300000037
6365,569.0396900000003
6366,426.8752150000002
6367,658.9444359999997
6368,308.5297290000003
6369,466.3826349999996
6370,554.5138879999995
6371,636.5469610000011
6372,551.4412629999995
6373,587.9178979999998
6374,579.7774029999994
6375,398.6891760000002
6376,715.5910889999999
6377,483.9031350000005
6378,572.2566630000001
6379,437.9167909999999
6380,524.843052
6381,617.4077760000011
6382,601.0535659999998
6383,449.71201000000025
6384,651.3447229999996
6385,567.0648420000002
6386,703.008232
6387,641.9872070000006
6388,520.5471300000008
6389,492.8631710000003
6390,574.8308689999998
6391,402.92181500000015
6392,273.87313399999965
6393,583.0152960000004
6394,435.9963350000003
6395,557.3286740000002
6396,544.6673670000002
6397,482.82209400000016
6398,570.5406999999993
6399,503.9094540000004
6400,636.597692
6401,587.5188490000002
6402,600.3490849999997
6403,637.2425509999997
6404,366.9179720000001
6405,459.3964010000007
6406,565.8922760000007
6407,688.7156880000009
6408,548.6908059999997
6409,616.5066470000003
6410,694.1266459999996
6411,618.2105810000012
6412,345.2851230000004
6413,467.5117920000003
6414,578.0619629999997
6415,546.3838529999995
6416,353.4512450000002
6417,565.380259
6418,632.1025070000001
6419,639.5207390000003
6420,516.9891609999999
6421,570.5563899999997
6422,473.14973200000054
6423,560.4180350000003
6424,563.3776919999991
6425,722.6814000000012
6426,478.34573699999964
6427,721.8262950000016
6428,377.796895
6429,484.4324109999998
6430,675.4518850000007
6431,606.956667
6432,475.44831699999963
6433,477.1820620000004
6434,580.2517640000001
6435,417.40629999999976
6436,640.066751
6437,452.871453
6438,642.0870999999987
6439,456.3567250000009
6440,477.3818479999999
6441,656.4523409999997
6442,514.4949740000002
6443,743.4214879999993
6444,491.0692810000006
6445,446.1712999999999
6446,483.96641800000083
6447,352.0312999999996
6448,351.6636309999999
6449,447.5860150000003
6450,683.9166400000004
6451,472.69053799999995
6452,351.7174999999995
6453,591.1024449999996
6454,662.1535640000001
6455,376.354461
6456,447.4500350000004
6457,448.24551799999944
6458,349.11819000000025
6459,769.6990999999991
6460,573.0955549999994
6461,496.5722869999999
6462,420.02600700000005
6463,483.9972750000002
6464,562.0869279999994
6465,345.0753999999999
6466,523.1616069999995
6467,517.9248080000002
6468,447.18905799999925
6469,278.70669999999967
6470,472.66125000000073
6471,642.0870999999987
6472,457.44456500000086
6473,331.9031219999997
6474,611.4837550000007
6475,675.7275060000007
6476,734.0958749999996
6477,617.859125
6478,588.3870289999999
6479,575.3109829999993
6480,518.6575309999998
6481,455.7934540000006
6482,536.8882649999997
6483,585.517851
6484,576.6404490000003
6485,460.3278640000006
6486,413.36037200000004
6487,570.8152749999999
6488,510.07562399999983
6489,577.1838460000006
6490,477.3368699999995
6491,292.67079999999993
6492,674.9968749999998
6493,725.9762999999999
6494,549.8037500000005
6495,450.5425340000002
6496,448.17072899999926
6497,421.5170800000001
6498,416.57577599999996
6499,611.3195330000008
6500,474.69833500000027
6501,542.2265259999997
6502,559.9614560000005
6503,464.0008929999993
6504,511.7084300000008
6505,707.7675319999996
6506,683.8789839999992
6507,593.0229010000005
6508,568.2102120000003
6509,427.0666329999997
6510,694.8326959999998
6511,269.1880999999996
6512,489.07142100000056
6513,391.7060800000001
6514,466.8433980000001
6515,564.2646999999998
6516,635.841434
6517,528.3335539999998
6518,701.3843169999993
6519,535.7538780000002
6520,496.45095100000077
6521,450.44891700000045
6522,448.8380770000003
6523,578.1006650000011
6524,574.2900869999996
6525,421.3214780000004
6526,533.52799
6527,577.6043379999995
6528,418.5459169999998
6529,722.6814000000012
6530,487.5929000000003
6531,561.6340099999999
6532,489.84650700000014
6533,348.18411199999997
6534,362.0226919999999
6535,479.24059000000045
6536,490.7115490000009
6537,588.6678799999995
6538,503.09200500000014
6539,546.2028949999998
6540,513.1895659999997
6541,459.33677899999975
6542,470.766944
6543,360.0332000000006
6544,505.36025599999925
6545,542.9916749999992
6546,722.6814000000012
6547,499.0382320000002
6548,391.70608000000016
6549,458.21965099999966
6550,496.3050340000001
6551,627.6418400000001
6552,407.51061700000025
6553,500.16529700000024
6554,669.7778579999991
6555,596.1478259999997
6556,675.6066930000005
6557,626.7072390000012
6558,369.94509600000004
6559,446.64199999999977
6560,728.8527999999997
6561,575.049483000001
6562,551.0746399999998
6563,410.99745800000005
6564,331.32049999999987
6565,603.458843
6566,400.04270000000014
6567,570.3226089999995
6568,502.3326089999996
6569,494.9672000000004
6570,655.1573930000005
6571,344.4362940000002
6572,465.4428040000004
6573,448.47563799999966
6574,650.5884649999995
6575,647.2553860000003
6576,307.1892799999995
6577,485.8005789999999
6578,617.0150030000007
6579,456.04763199999996
6580,435.9722769999998
6581,414.8415080000002
6582,602.8777900000003
6583,511.42077999999935
6584,352.0312999999996
6585,572.3387739999995
6586,616.8607179999992
6587,571.4402599999997
6588,564.2646999999998
6589,549.9616960000002
6590,382.05150000000066
6591,572.5270539999998
6592,766.8435199999999
6593,709.8203070000003
6594,292.67079999999993
6595,668.0530039999998
6596,682.3099839999999
6597,410.00271199999986
6598,396.22480000000064
6599,402.1692179999998
6600,491.6874669999995
6601,424.8051810000003
6602,543.1877999999995
6603,620.8067529999998
6604,634.9261840000003
6605,629.8907400000004
6606,658.2174659999997
6607,513.98348
6608,679.4978129999992
6609,519.5351249999999
6610,440.1724899999997
6611,446.1712999999999
6612,515.0765500000001
6613,602.6827109999998
6614,543.8802520000003
6615,325.8467819999998
6616,728.8527999999997
6617,632.8990359999995
6618,523.2018780000006
6619,564.165853
6620,559.3919089999996
6621,638.9423009999997
6622,550.2728809999993
6623,470.71568999999937
6624,421.1708539999999
6625,528.5940079999999
6626,474.92374799999976
6627,654.8744500000008
6628,750.6561469999994
6629,455.86562800000013
6630,678.9952100000005
6631,460.71488399999987
6632,468.9918819999996
6633,389.7919
6634,607.2469320000008
6635,676.7871040000002
6636,526.7776289999995
6637,534.4908330000007
6638,641.3381639999998
6639,462.0982189999997
6640,597.3078400000009
6641,596.144688
6642,525.0768329999996
6643,516.3683600000008
6644,335.46265999999997
6645,495.04094299999997
6646,712.5733789999997
6647,341.9996369999998
6648,455.3891750000001
6649,611.9612539999989
6650,602.8898189999995
6651,580.6565659999995
6652,534.571898
6653,530.8837020000005
6654,611.69557
6655,494.37098000000066
6656,278.70669999999967
6657,396.22480000000064
6658,544.8336810000001
6659,574.0416619999997
6660,639.1070459999996
6661,469.98924299999965
6662,725.9762999999999
6663,673.5026639999998
6664,689.3663000000009
6665,517.3270190000003
6666,535.4134049999996
6667,575.2257339999998
6668,661.155680000001
6669,404.9719749999999
6670,516.0833250000006
6671,473.7333999999994
6672,542.6093619999995
6673,697.2609849999994
6674,389.1904500000001
6675,474.4938420000006
6676,475.95301199999943
6677,519.7521699999994
6678,604.053493999999
6679,449.47665999999947
6680,525.5993099999994
6681,554.0886889999995
6682,465.84289900000016
6683,725.9762999999999
6684,454.7615749999997
6685,722.6814000000012
6686,320.0629249999997
6687,614.2007399999993
6688,368.1506830000002
6689,496.2098480000002
6690,361.8260440000003
6691,570.7744810000007
6692,442.32724999999954
6693,507.416169
6694,625.7203379999999
6695,643.4040139999998
6696,465.93023999999986
6697,722.6814000000012
6698,406.1612769999998
6699,480.9936860000005
6700,660.1175250000005
6701,598.4040480000004
6702,675.4210279999993
6703,518.5393329999993
6704,540.2291890000004
6705,382.05150000000066
6706,350.3503780000002
6707,618.9051250000003
6708,647.608411
6709,397.98992500000037
6710,548.4580710000006
6711,328.02037000000047
6712,483.15053800000044
6713,684.2848320000005
6714,502.17257100000046
6715,562.0769909999998
6716,483.282857
6717,692.5754279999998
6718,457.97070300000087
6719,692.6151759999999
6720,636.4826319999995
6721,484.60447800000037
6722,563.0502939999993
6723,414.38858999999997
6724,563.7793559999991
6725,464.82932499999964
6726,652.598876999999
6727,725.9762999999999
6728,506.68187700000084
6729,539.9603669999993
6730,699.0914850000013
6731,486.4752490000005
6732,557.9573200000004
6733,399.9689570000002
6734,582.0048599999996
6735,658.5652609999988
6736,446.1252759999999
6737,598.5384589999996
6738,535.8270980000009
6739,363.117854
6740,715.150200000002
6741,659.1400379999994
6742,567.2782260000002
6743,709.2538979999999
6744,451.93894399999937
6745,586.6198120000012
6746,460.5527539999996
6747,527.153143
6748,710.2339999999984
6749,556.4971040000001
6750,455.66375000000085
6751,319.28626999999943
6752,537.3427519999998
6753,415.0046839999998
6754,464.8826710000004
6755,487.5929000000003
6756,632.4382730000001
6757,554.2361749999998
6758,669.2658409999998
6759,575.067265000001
6760,437.8843650000006
6761,493.4259190000007
6762,507.0364709999997
6763,543.100982
6764,367.35886099999993
6765,642.0870999999987
6766,341.96668799999986
6767,569.1463819999994
6768,441.768686
6769,507.18134199999986
6770,581.1633529999995
6771,446.38729899999953
6772,348.08683400000024
6773,268.41615200000024
6774,536.7747740000007
6775,660.2833159999999
6776,506.7671260000003
6777,597.4527109999998
6778,714.0398709999989
6779,419.57674999999995
6780,621.6859160000006
6781,454.80080000000004
6782,710.762753
6783,395.1421900000003
6784,585.4807180000005
6785,418.81421600000016
6786,587.5957299999998
6787,648.2208439999993
6788,532.8256009999998
6789,419.684488
6790,330.7948849999995
6791,572.1745520000006
6792,524.9581119999999
6793,474.69415100000003
6794,495.5498220000008
6795,479.8080450000008
6796,540.4629700000012
6797,414.34152
6798,334.54217999999986
6799,433.667416
6800,422.4919520000001
6801,475.3614990000001
6802,453.3866079999996
6803,492.1351550000003
6804,560.7433409999999
6805,411.3149190000004
6806,278.70669999999967
6807,586.8907260000004
6808,507.06732800000066
6809,413.2045180000004
6810,447.18905799999925
6811,694.8332189999996
6812,725.9762999999999
6813,563.1622159999997
6814,649.0759489999996
6815,710.4609820000002
6816,719.3232169999993
6817,346.24116700000036
6818,407.63665999999984
6819,579.3992739999998
6820,308.4151919999997
6821,649.8322069999994
6822,764.2368879999998
6823,447.60379700000044
6824,541.4566699999995
6825,435.98273700000027
6826,668.2371000000006
6827,526.1484599999998
6828,541.5361660000009
6829,331.7807399999999
6830,734.2496370000011
6831,350.6505800000001
6832,581.0237120000005
6833,477.2375
6834,739.9519060000003
6835,586.7683440000004
6836,668.498599999999
6837,675.623429
6838,663.0097150000008
6839,583.9436209999997
6840,768.1750779999998
6841,456.25264800000076
6842,360.6445870000002
6843,376.1677500000002
6844,716.1255949999993
6845,613.3958429999999
6846,338.68434
6847,652.8185370000001
6848,614.5668399999998
6849,435.228048
6850,454.1731999999995
6851,456.1020240000008
6852,278.70669999999967
6853,466.315168
6854,394.7222210000003
6855,777.2826000000001
6856,708.0468139999998
6857,541.5727760000001
6858,568.3869859999994
6859,417.45337000000035
6860,437.6113590000002
6861,577.3679419999999
6862,382.05150000000066
6863,418.44863900000024
6864,583.962449
6865,526.5563999999996
6866,728.8810419999995
6867,552.1180249999993
6868,392.072703
6869,468.4165820000006
6870,507.24933200000027
6871,571.6604429999998
6872,305.97958099999954
6873,587.2254459999996
6874,450.15237600000046
6875,513.0870579999998
6876,344.66746
6877,539.7234480000008
6878,646.5953599999995
6879,705.1713600000008
6880,769.6990999999991
6881,681.8774630000001
6882,445.2508200000004
6883,642.0870999999987
6884,372.85297600000064
6885,569.2441829999999
6886,639.9307709999997
6887,479.1856750000004
6888,519.2495669999994
6889,468.9275529999995
6890,663.1566780000004
6891,534.5232590000002
6892,703.4245399999995
6893,379.271232
6894,597.3669389999999
6895,444.3805479999999
6896,467.68961200000007
6897,554.9186899999996
6898,515.3819819999999
6899,360.0332000000006
6900,558.1168349999999
6901,582.9781629999994
6902,570.4094269999991
6903,721.3247379999997
6904,706.4412039999997
6905,413.06539999999984
6906,598.8282010000007
6907,711.7595910000003
6908,489.00343099999986
6909,618.5902790000002
6910,521.7301560000008
6911,479.94297899999975
6912,316.2361340000005
6913,650.0890000000007
6914,431.1287740000007
6915,622.3213610000001
6916,748.4062010000011
6917,564.1648069999997
6918,736.3212400000008
6919,681.1170209999997
6920,371.31430999999975
6921,484.1411000000002
6922,336.8245520000005
6923,396.22480000000064
6924,564.2929420000002
6925,455.0711909999999
6926,478.7348490000007
6927,702.072584999999
6928,710.2339999999984
6929,360.7131000000006
6930,470.00597900000025
6931,420.21847099999997
6932,416.7237850000006
6933,422.7089969999999
6934,506.05375400000014
6935,725.9762999999999
6936,432.04402399999975
6937,581.2684759999997
6938,774.008620000001
6939,633.3707820000001
6940,352.0312999999996
6941,510.1022970000006
6942,559.4661750000009
6943,316.92335600000007
6944,543.8833900000008
6945,492.69947200000007
6946,592.9282380000002
6947,538.0195140000005
6948,395.67460400000016
6949,404.3835999999999
6950,739.8541050000005
6951,379.61641199999985
6952,486.8591309999995
6953,551.0971289999998
6954,363.14505000000025
6955,688.4123480000002
6956,502.5083370000004
6957,558.6461109999993
6958,674.9733400000009
6959,361.60376900000006
6960,556.0530769999992
6961,694.2317689999992
6962,406.7773710000004
6963,422.86641999999995
6964,452.7077539999999
6965,541.2035380000001
6966,602.8872039999993
6967,635.4115279999994
6968,530.671364
6969,564.2646999999998
6970,433.738544
6971,354.6259030000006
6972,475.3144290000003
6973,392.48744199999993
6974,412.0753610000005
6975,504.63171699999975
6976,452.1334999999999
6977,548.0987699999998
6978,722.6814000000012
6979,409.4483319999999
6980,467.88782900000035
6981,468.6189830000006
6982,397.59976700000055
6983,463.2718310000006
6984,581.6162710000003
6985,289.7378160000005
6986,616.6462880000005
6987,533.1106359999995
6988,755.3856360000001
6989,570.7305489999999
6990,439.67877799999997
6991,463.9140750000006
6992,567.5282199999998
6993,579.4620339999999
6994,540.8824160000004
6995,674.4947950000009
6996,553.5228029999992
6997,481.41208600000004
6998,391.3608999999999
6999,321.4441680000005
7000,601.986075
7001,453.6847180000001
7002,456.67313999999953
7003,569.4308940000003
7004,567.4241430000004
7005,631.2604770000004
7006,318.62415200000027
7007,334.07147999999995
7008,464.9857019999997
7009,335.9228999999999
7010,515.6079180000002
7011,343.50639999999925
7012,665.3642610000005
7013,440.3963340000006
7014,454.11514700000026
7015,513.8307639999997
7016,760.8572619999999
7017,600.7899740000003
7018,357.01078300000023
7019,510.45532199999974
7020,649.1256340000006
7021,721.6850850000009
7022,504.9052460000007
7023,561.5147660000001
7024,352.8618239999998
7025,301.5534319999997
7026,496.04405699999984
7027,443.4516999999997
7028,480.98688699999997
7029,469.04104400000045
7030,710.2339999999984
7031,712.2716080000001
7032,442.37745799999954
7033,455.14336500000087
7034,500.8295069999995
7035,570.0009640000001
7036,334.78537499999976
7037,586.577449
7038,399.2524470000001
7039,448.2633000000007
7040,360.05621200000024
7041,524.3425410000003
7042,518.3343169999995
7043,626.9127779999999
7044,343.3761730000004
7045,307.0485929999997
7046,473.68580700000007
7047,450.7444120000007
7048,352.0312999999996
7049,292.8339760000005
7050,496.3949900000005
7051,529.7399009999997
7052,555.6121880000006
7053,562.463488
7054,472.99178600000096
7055,442.5693989999999
7056,535.0483509999993
7057,458.31169900000083
7058,423.4819910000003
7059,569.8801509999995
7060,548.6270000000007
7061,548.4868359999994
7062,463.94545499999947
7063,668.180093000001
7064,678.1861290000005
7065,403.0237999999996
7066,401.7785370000002
7067,327.28450900000064
7068,514.3877590000001
7069,570.3273159999997
7070,385.6146989999995
7071,292.41819100000026
7072,311.39890699999995
7073,759.964500999999
7074,599.0321709999992
7075,502.08470700000095
7076,611.476955999999
7077,569.9821360000002
7078,470.2188400000003
7079,542.1674269999996
7080,499.6109169999997
7081,609.7541939999994
7082,457.1223969999997
7083,500.3744970000004
7084,382.16289899999947
7085,415.6134559999998
7086,588.6788630000003
7087,320.49596899999943
7088,471.2899440000004
7089,392.3462320000001
7090,710.2339999999984
7091,454.32016300000004
7092,570.9523009999992
7093,364.63246200000003
7094,453.2861919999995
7095,566.6464419999996
7096,434.87188500000013
7097,349.98689300000046
7098,748.6405050000013
7099,523.6908829999998
7100,453.2202939999999
7101,343.28674000000007
7102,299.14606299999946
7103,633.948697000001
7104,693.7286429999997
7105,591.7765919999998
7106,586.4137499999996
7107,395.0109170000004
7108,331.2425730000005
7109,312.65829100000036
7110,503.1777770000001
7111,439.1107999999997
7112,423.7670260000002
7113,559.7496409999999
7114,587.2808839999996
7115,580.7355389999997
7116,607.7652249999999
7117,725.9762999999999
7118,523.6704859999996
7119,500.1736650000001
7120,725.9762999999999
7121,412.9341270000003
7122,467.3935939999997
7123,342.82649999999995
7124,663.4882600000009
7125,348.18411199999997
7126,348.78660799999983
7127,486.67189700000085
7128,603.514804
7129,604.7632050000004
7130,332.70121999999986
7131,584.2474840000006
7132,480.12236800000056
7133,542.7155310000006
7134,647.3218069999997
7135,594.3073890000003
7136,612.6301710000006
7137,493.6879420000005
7138,328.1605340000003
7139,457.7358759999998
7140,493.0755089999998
7141,567.8435889999993
7142,384.4771740000002
7143,407.13771799999995
7144,526.8356820000001
7145,699.8158400000007
7146,564.1266279999994
7147,467.7277910000001
7148,480.37602300000043
7149,556.8114269999995
7150,414.6783319999997
7151,315.220991
7152,478.9566010000004
7153,564.2646999999998
7154,550.9281999999994
7155,658.7028100000008
7156,441.8215090000003
7157,476.35676799999965
7158,435.3567060000008
7159,553.0761609999997
7160,635.463305
7161,485.95068000000043
7162,567.1647350000001
7163,570.6050289999998
7164,754.3019800000002
7165,333.46689200000014
7166,627.0362059999998
7167,572.6478669999998
7168,573.1311189999998
7169,405.95103099999966
7170,725.3643899999997
7171,680.2854510000004
7172,503.10141899999996
7173,460.8153000000002
7174,558.8730929999995
7175,710.2339999999984
7176,434.76990000000006
7177,556.9270099999998
7178,575.9710089999996
7179,567.020387
7180,434.20610600000043
7181,524.256769000001
7182,710.2339999999984
7183,544.4189420000007
7184,446.52066400000024
7185,420.5223340000001
7186,269.1880999999996
7187,650.8986039999994
7188,577.4437770000003
7189,360.3799490000002
7190,592.5401720000004
7191,558.7109630000002
7192,654.744746
7193,689.3663000000009
7194,455.9514000000009
7195,314.83083300000004
7196,462.8858570000006
7197,573.1316420000004
7198,392.6683999999996
7199,464.2456569999998
7200,571.3068950000004
7201,462.9261280000003
7202,625.4353029999995
7203,651.3447229999996
7204,541.4922339999998
7205,616.9506739999996
7206,383.28054999999983
7207,396.22480000000064
7208,722.9429000000007
7209,611.1856450000006
7210,544.7714439999992
7211,560.4891630000003
7212,701.7028239999993
7213,646.225076
7214,320.49596899999943
7215,755.2308280000002
7216,581.4944119999999
7217,426.99655099999984
7218,278.70669999999967
7219,521.1705459999997
7220,538.6444990000006
7221,341.90602
7222,694.8285119999994
7223,470.20838000000026
7224,673.059160000001
7225,350.02507200000014
7226,555.4913750000001
7227,777.2826000000001
7228,589.9288330000005
7229,470.1262690000004
7230,643.0258849999998
7231,448.17072899999926
7232,523.7546890000006
7233,467.97516999999937
7234,325.33476499999944
7235,567.3289569999993
7236,681.6598950000001
7237,477.49429300000025
7238,543.5188589999998
7239,451.0487979999998
7240,439.13695000000035
7241,668.9421040000005
7242,583.4619380000001
7243,545.8608530000005
7244,733.7977650000005
7245,469.96100099999995
7246,396.22480000000064
7247,430.01530699999995
7248,488.2743689999998
7249,623.6194469999995
7250,372.2102090000002
7251,501.3247880000006
7252,589.0444400000006
7253,646.5849000000012
7254,422.4914290000002
7255,573.0369790000003
7256,498.45717900000005
7257,320.3118730000004
7258,512.842817
7259,597.1969640000001
7260,426.6597390000003
7261,536.2183019999994
7262,750.4317800000003
7263,682.1964929999999
7264,714.8798089999996
7265,489.2497640000005
7266,439.1735599999996
7267,549.1855639999998
7268,461.86914500000034
7269,454.0712150000001
7270,754.3019800000001
7271,643.5075680000007
7272,642.0870999999987
7273,512.2272460000002
7274,546.5433680000007
7275,419.40938999999975
7276,599.3459710000003
7277,519.3834549999996
7278,455.2385510000008
7279,514.6236320000006
7280,480.5475669999997
7281,477.1846769999996
7282,427.0211320000002
7283,343.50639999999925
7284,503.68770200000074
7285,650.4854339999999
7286,516.5299670000003
7287,336.63365699999974
7288,556.6006580000006
7289,628.6208960000002
7290,710.5645360000003
7291,329.5318399999998
7292,573.2890649999997
7293,566.5151689999998
7294,473.6936520000008
7295,768.1750779999998
7296,475.8881600000006
7297,451.9844450000006
7298,477.1501589999997
7299,437.78185700000023
7300,491.0546370000003
7301,573.2754670000002
7302,465.48150599999923
7303,592.5940409999996
7304,467.74295800000056
7305,613.9810800000006
7306,455.4252620000009
7307,739.8478290000011
7308,752.0201310000012
7309,613.2619549999996
7310,332.6405519999998
7311,633.6019479999999
7312,449.20731500000016
7313,384.714093
7314,594.6384480000002
7315,349.5402510000006
7316,695.6993069999993
7317,528.8638759999999
7318,515.0650440000004
7319,516.6973270000002
7320,515.7731860000008
7321,526.341447
7322,344.68994899999944
7323,637.9852109999996
7324,725.9762999999999
7325,554.6017519999998
7326,558.4311579999999
7327,405.11318499999993
7328,715.150200000002
7329,554.5353309999998
7330,493.95676400000065
7331,646.0509169999997
7332,514.7841929999998
7333,597.0045
7334,718.9158000000011
7335,686.4207640000001
7336,419.6844880000001
7337,515.8312389999998
7338,415.23584999999986
7339,606.035140999999
7340,480.10667800000095
7341,587.5789939999996
7342,524.6605250000005
7343,521.0805900000005
7344,586.2113489999995
7345,456.17733599999997
7346,607.8007890000001
7347,436.0345140000006
7348,680.0004160000003
7349,609.8274139999999
7350,432.2992479999998
7351,563.377691999999
7352,609.9367210000005
7353,327.1783399999998
7354,725.9762999999999
7355,725.9762999999999
7356,398.581438
7357,658.0574279999997
7358,562.1726999999993
7359,435.8885969999999
7360,442.8173009999996
7361,455.1841590000002
7362,683.7492800000005
7363,367.2343870000005
7364,429.01062399999995
7365,538.2632320000008
7366,589.4126319999996
7367,777.2826000000001
7368,363.01063900000054
7369,549.836699
7370,331.38325999999944
7371,572.0840729999994
7372,455.66375000000085
7373,382.05150000000066
7374,642.1911770000002
7375,564.3421039999993
7376,470.27114000000057
7377,331.16307700000004
7378,451.0838389999997
7379,718.9105699999997
7380,653.7803339999995
7381,396.22480000000064
7382,518.176371
7383,728.8527999999997
7384,501.29026999999974
7385,725.9762999999999
7386,676.4089750000007
7387,556.6974129999996
7388,491.7941589999998
7389,467.69379600000053
7390,626.3076669999995
7391,399.6687550000004
7392,589.2076160000007
7393,547.907352
7394,436.94034999999997
7395,281.4785999999996
7396,558.4766590000003
7397,685.8831199999995
7398,351.7734610000005
7399,651.9812140000001
7400,551.908825
7401,521.2929280000006
7402,646.5849000000012
7403,476.66429199999965
7404,457.28557300000057
7405,564.0507929999994
7406,387.0200000000001
7407,548.1348569999999
7408,591.7070330000001
7409,559.9227539999999
7410,560.6549540000003
7411,447.4573569999999
7412,507.17768100000046
7413,457.44456500000086
7414,599.8171939999993
7415,485.6891800000009
7416,580.2203839999994
7417,475.6998799999999
7418,645.700507
7419,510.2398460000006
7420,582.7637329999995
7421,615.6416049999992
7422,404.5995989999995
7423,633.0444299999995
7424,390.7923989999995
7425,339.27637600000014
7426,752.2894760000001
7427,715.150200000002
7428,708.0468139999996
7429,500.3525310000004
7430,471.83334100000036
7431,620.1043640000003
7432,544.108803
7433,568.6259970000006
7434,371.4424450000006
7435,292.67289200000033
7436,588.581585000001
7437,715.8824000000011
7438,574.6452039999997
7439,322.91536699999943
7440,362.3914070000002
7441,351.1197110000004
7442,510.82717499999984
7443,429.41908699999993
7444,388.2851370000001
7445,641.8355369999996
7446,474.1685359999998
7447,452.5111060000004
7448,652.8572389999995
7449,304.66214399999967
7450,485.9972270000007
7451,491.0698040000002
7452,449.15239999999926
7453,457.0533610000008
7454,521.3792230000003
7455,508.8225160000005
7456,562.8803189999995
7457,525.8477349999994
7458,337.7638599999999
7459,532.9296780000009
7460,364.8327709999999
7461,332.70121999999986
7462,465.8057659999998
7463,470.01382400000034
7464,768.1750779999998
7465,664.0907559999993
7466,720.1176539999998
7467,523.2395339999998
7468,342.68895100000026
7469,697.0601529999992
7470,518.4420549999996
7471,574.3962560000004
7472,745.8262420000012
7473,486.0150090000002
7474,535.0059880000007
7475,635.0836069999998
7476,281.4785999999996
7477,335.0024199999999
7478,615.9841700000002
7479,455.37610000000086
7480,387.02732200000025
7481,577.0609409999996
7482,471.9086529999999
7483,519.4075130000006
7484,517.7396659999996
7485,667.9829219999989
7486,493.09904400000016
7487,514.6602420000003
7488,505.1824359999996
7489,447.042095
7490,712.8589370000002
7491,667.3166200000009
7492,596.2723000000002
7493,470.5274099999998
7494,360.7131000000006
7495,304.17680000000036
7496,428.4431690000007
7497,555.3726539999998
7498,661.292183
7499,425.11584300000004
7500,404.81141400000007
7501,425.2288110000002
7502,725.9762999999999
7503,455.37610000000086
7504,525.7603939999999
7505,541.9488129999992
7506,517.7851670000007
7507,520.9351959999998
7508,418.836705
7509,331.84611500000045
7510,308.39897899999943
7511,493.717753
7512,507.3487020000007
7513,513.873127
7514,566.7515649999998
7515,498.2359500000005
7516,579.1958269999998
7517,281.4785999999996
7518,715.150200000002
7519,661.9950949999998
7520,633.2965160000002
7521,359.9286000000001
7522,516.3479629999995
7523,511.0332370000007
7524,383.1654899999996
7525,528.5485070000002
7526,454.26263300000073
7527,346.36198
7528,370.48640100000057
7529,440.8586659999995
7530,725.9762999999999
7531,768.3429610000007
7532,554.2298989999995
7533,304.2374679999999
7534,481.8942920000002
7535,346.0962959999999
7536,369.7730290000001
7537,489.00500000000005
7538,465.25870799999944
7539,301.1407849999995
7540,556.3658309999996
7541,689.3663000000009
7542,426.13778500000024
7543,396.22480000000064
7544,490.5284990000005
7545,720.5020589999986
7546,675.4210279999993
7547,351.7174999999995
7548,474.35001700000043
7549,425.2350869999999
7550,589.1615919999999
7551,517.2663510000003
7552,703.8936710000003
7553,423.91764999999964
7554,591.7059869999999
7555,477.26365000000055
7556,454.8007999999999
7557,684.4877559999993
7558,310.8795679999997
7559,395.3550510000002
7560,573.2629150000001
7561,696.1731449999987
7562,645.2271919999996
7563,765.3320499999998
7564,490.4673079999996
7565,435.30022199999985
7566,645.871528
7567,525.6845589999998
7568,551.088238
7569,572.027589
7570,481.9220110000008
7571,328.603515
7572,467.0065739999994
7573,382.05150000000066
7574,378.9218680000002
7575,426.3025300000003
7576,564.4043410000004
7577,691.5414569999995
7578,324.12506599999944
7579,447.94688499999984
7580,352.0312999999996
7581,405.33179900000005
7582,505.74204599999956
7583,294.9202229999999
7584,701.6222819999992
7585,612.6971149999997
7586,456.1067309999995
7587,433.2280959999999
7588,531.2063930000004
7589,668.6267350000006
7590,496.091650000001
7591,400.557332
7592,455.3614560000008
7593,537.0744530000003
7594,756.3144840000001
7595,560.8495099999993
7596,599.8747239999998
7597,478.6684280000006
7598,494.3688879999999
7599,581.0498620000003
7600,495.54825299999976
7601,513.4641409999997
7602,540.5006259999999
7603,438.3367600000001
7604,415.4277910000001
7605,422.00869999999964
7606,504.96329900000023
7607,399.443865
7608,320.86206900000013
7609,364.12306000000007
7610,570.4125650000008
7611,512.6759800000002
7612,494.0796689999995
7613,613.2337130000001
7614,757.8186320000003
7615,547.3388510000005
7616,643.3977380000008
7617,738.868250000001
7618,352.77239099999946
7619,321.4269090000007
7620,484.403123
7621,353.4810560000002
7622,399.63632900000016
7623,621.2256759999998
7624,428.9044549999999
7625,689.3663000000009
7626,616.1515300000007
7627,394.81479200000007
7628,566.7588869999996
7629,291.46319299999954
7630,396.5223869999995
7631,475.5325200000006
7632,495.79563199999996
7633,468.0405450000007
7634,575.6718529999995
7635,607.4294589999989
7636,575.9349220000007
7637,461.93399699999964
7638,565.3886270000005
7639,484.6677610000001
7640,494.3307090000002
7641,454.5596970000008
7642,521.1004640000001
7643,381.03112700000025
7644,330.1317209999997
7645,553.5269869999993
7646,692.9321139999997
7647,683.9427899999993
7648,478.6114210000004
7649,588.6056430000007
7650,684.3219650000005
7651,542.0256940000003
7652,502.28396999999984
7653,621.5012970000002
7654,568.7305969999993
7655,418.32730300000026
7656,630.7369539999999
7657,593.5542689999993
7658,459.12548700000065
7659,423.79997500000013
7660,543.9534719999994
7661,415.23584999999986
7662,614.7247860000009
7663,628.1026029999999
7664,367.61670000000044
7665,406.4060410000002
7666,498.4378280000006
7667,552.6509620000004
7668,540.9022899999998
7669,447.0143759999994
7670,475.46139200000056
7671,596.5751170000004
7672,345.3426530000004
7673,656.6380060000001
7674,640.2456169999997
7675,574.7294070000005
7676,341.6617789999998
7677,536.2496819999996
7678,577.5258880000007
7679,490.4249450000001
7680,465.2085000000003
7681,566.8221699999995
7682,666.9097259999996
7683,383.78786000000014
7684,562.8839800000007
7685,670.187890000001
7686,392.8540650000004
7687,555.0447329999994
7688,523.8294780000003
7689,689.3479950000011
7690,482.4115390000006
7691,710.2339999999984
7692,343.5137219999997
7693,566.9367069999996
7694,604.9263809999999
7695,332.3633620000003
7696,371.41891000000055
7697,506.1269739999996
7698,454.650699
7699,564.1156449999993
7700,542.1266330000005
7701,639.7283700000007
7702,571.3691319999995
7703,480.3493500000001
7704,737.6167109999994
7705,449.6257149999999
7706,655.1260129999993
7707,634.6191829999993
7708,353.6588760000002
7709,652.3373770000001
7710,526.8382970000006
7711,543.7636230000005
7712,542.9111330000007
7713,579.1837980000004
7714,395.21959400000014
7715,612.4481669999998
7716,455.3614560000008
7717,581.0697359999998
7718,451.31291300000004
7719,483.13014099999964
7720,534.0870770000007
7721,346.1025719999995
7722,560.3981610000004
7723,687.4981440000005
7724,378.603361
7725,546.1746529999996
7726,721.5689789999996
7727,413.33056100000016
7728,670.187890000001
7729,358.07718
7730,582.9969910000004
7731,480.7102200000005
7732,520.7725429999998
7733,281.4785999999996
7734,435.2280479999999
7735,636.0307599999996
7736,557.1722970000003
7737,481.2374040000009
7738,604.6063050000002
7739,453.6936090000009
7740,523.8870080000008
7741,360.0332000000006
7742,555.7356159999995
7743,368.5057999999995
7744,558.675922000001
7745,530.3010799999994
7746,335.9228999999999
7747,573.4464880000002
7748,317.05305999999973
7749,543.2944919999998
7750,343.24594600000006
7751,568.6008929999996
7752,564.2646999999998
7753,544.899056
7754,446.1618860000006
7755,448.95993599999963
7756,666.532642999999
7757,734.8071550000006
7758,689.749658999999
7759,522.0042079999997
7760,596.9229119999995
7761,752.2894760000001
7762,317.0969919999997
7763,753.2904980000004
7764,517.6188530000007
7765,682.852335000001
7766,663.6519589999999
7767,438.47012499999954
7768,436.159511
7769,327.9126320000004
7770,683.2534759999998
7771,466.96577999999937
7772,524.8284079999994
7773,441.44547199999994
7774,463.7984920000006
7775,523.1077380000004
7776,642.0870999999987
7777,528.6002839999998
7778,412.4848700000003
7779,577.8234750000001
7780,570.4842159999995
7781,566.6202919999995
7782,344.70302400000014
7783,587.4158180000009
7784,452.5194740000001
7785,528.2849149999998
7786,578.203173
7787,396.22480000000064
7788,609.2876779999996
7789,708.952127
7790,653.2416439999998
7791,624.2004999999994
7792,525.2096750000004
7793,605.9190350000006
7794,689.3663000000009
7795,737.3306300000007
7796,436.29235299999965
7797,449.15239999999926
7798,722.6814000000012
7799,751.97986
7800,482.9235560000001
7801,628.5863780000002
7802,309.98209999999983
7803,444.0772080000003
7804,438.26144800000054
7805,434.7698999999996
7806,520.5915849999998
7807,689.3663000000009
7808,539.0665599999996
7809,642.0870999999987
7810,539.0806809999998
7811,634.6207519999994
7812,556.4709539999997
7813,422.306287
7814,380.79107000000056
7815,679.0647690000002
7816,639.3235679999999
7817,630.8656120000004
7818,583.0623660000008
7819,342.9368529999999
7820,631.3174839999998
7821,470.50596699999966
7822,391.0277490000002
7823,661.8209359999994
7824,681.61544
7825,590.371291
7826,424.5034100000002
7827,399.45694000000054
7828,647.1853039999996
7829,416.34513300000003
7830,328.62914200000057
7831,533.9118720000007
7832,593.9381509999995
7833,315.6571729999995
7834,269.1880999999996
7835,516.7935590000006
7836,551.763431
7837,577.8564239999998
7838,684.5363950000001
7839,455.1663770000001
7840,381.74711400000064
7841,715.150200000002
7842,365.295626
7843,373.9742880000001
7844,556.7246089999999
7845,686.4275629999997
7846,547.6829849999999
7847,433.78979799999973
7848,427.87989800000037
7849,560.8960569999991
7850,565.9576509999998
7851,465.65357300000005
7852,708.952127
7853,396.22480000000064
7854,403.67598100000004
7855,360.0332000000006
7856,343.50639999999925
7857,472.05980000000017
7858,474.64132800000067
7859,538.26114
7860,651.7228519999995
7861,635.7080689999999
7862,422.5991670000001
7863,611.7290419999997
7864,562.9676599999993
7865,437.0010180000005
7866,269.1880999999996
7867,471.690562
7868,351.5334040000003
7869,443.4799419999996
7870,612.5538130000006
7871,468.86165499999953
7872,598.4150310000009
7873,564.9942849999995
7874,500.29500100000047
7875,683.531189
7876,567.3953779999999
7877,528.0464269999997
7878,403.9845510000001
7879,587.2583950000005
7880,430.69886799999995
7881,442.8701240000005
7882,347.90326099999925
7883,405.4520889999996
7884,396.22480000000064
7885,609.4508539999996
7886,626.943112000001
7887,489.8266330000001
7888,639.2445950000001
7889,380.03690399999994
7890,464.10392399999967
7891,479.09415000000035
7892,460.10611200000017
7893,534.4856029999995
7894,451.03990700000014
7895,627.220825000001
7896,484.3916169999996
7897,423.60960300000085
7898,437.3974520000001
7899,442.9679249999995
7900,654.3697549999994
7901,475.98648400000087
7902,351.6019170000002
7903,464.56311799999895
7904,422.04008000000033
7905,519.5319870000002
7906,711.6570830000013
7907,399.57199999999955
7908,442.9679249999995
7909,477.46709699999957
7910,586.6564219999998
7911,436.94034999999997
7912,615.3534319999995
7913,523.1626529999998
7914,592.3074369999999
7915,468.9254609999992
7916,631.9733260000007
7917,426.94843499999973
7918,424.6890750000004
7919,684.4877559999993
7920,281.4785999999996
7921,725.9762999999999
7922,624.6628319999998
7923,404.59750699999995
7924,391.76151800000014
7925,584.9179699999997
7926,547.5668790000004
7927,568.4450389999994
7928,556.2429260000008
7929,466.2597300000006
7930,439.1740829999996
7931,715.150200000002
7932,708.7115470000003
7933,374.9747870000003
7934,476.6888730000001
7935,575.2497919999994
7936,659.9648089999998
7937,477.5648980000007
7938,437.0805140000004
7939,442.9569420000002
7940,722.9429000000007
7941,716.7735919999998
7942,418.56788299999965
7943,348.31904599999945
7944,601.697379
7945,501.17573299999947
7946,451.02055599999983
7947,403.0237999999997
7948,442.2786109999997
7949,412.8881030000004
7950,543.3363320000003
7951,297.2078249999999
7952,479.7269800000006
7953,326.7180999999998
7954,301.1407849999995
7955,618.6091069999994
7956,724.5186989999996
7957,322.91536699999943
7958,527.9407809999999
7959,518.7385960000005
7960,556.4688620000001
7961,332.2409799999998
7962,360.7131000000006
7963,465.0516000000001
7964,570.4277319999998
7965,341.7386599999998
7966,569.5893629999994
7967,456.1726289999999
7968,590.3461870000001
7969,540.0597370000003
7970,530.411956
7971,653.1004340000006
7972,360.7131000000006
7973,449.15239999999926
7974,394.9628010000002
7975,446.9981629999997
7976,560.0127099999994
7977,543.7866349999995
7978,560.7004549999994
7979,559.4149210000004
7980,624.2004999999994
7981,331.91881200000023
7982,642.0870999999987
7983,588.6480059999996
7984,486.3293319999999
7985,449.5891050000006
7986,443.55263899999983
7987,292.67079999999993
7988,532.6985120000005
7989,706.2911029999997
7990,618.6368260000006
7991,553.2911139999993
7992,341.9682569999999
7993,370.4942460000005
7994,392.6344049999999
7995,298.7328930000002
7996,565.0763959999994
7997,367.2244500000002
7998,475.7082480000006
7999,710.2339999999984
8000,572.1431719999994
8001,630.5894680000008
8002,448.17072899999926
8003,582.8866380000005
8004,610.934082
8005,434.7698999999998
8006,478.7970859999994
8007,502.75153200000017
8008,439.9381860000002
8009,431.0011619999999
8010,752.5990920000003
8011,689.3663000000009
8012,652.2432369999999
8013,556.5138400000002
8014,481.66626399999967
8015,617.5882109999999
8016,338.8579759999999
8017,452.7396569999996
8018,608.0680420000004
8019,439.90209899999996
8020,360.7131000000006
8021,674.1192810000007
8022,456.72387099999946
8023,572.6520509999993
8024,466.315168
8025,654.2928739999999
8026,694.219740000001
8027,613.4711549999996
8028,556.4829829999996
8029,312.02807599999943
8030,417.9732320000003
8031,585.734373
8032,538.1282980000003
8033,396.67981
8034,592.3372479999994
8035,389.50948000000005
8036,673.059160000001
8037,534.0107190000003
8038,336.44380799999965
8039,768.9972340000008
8040,524.6976580000008
8041,413.55597400000056
8042,592.0312929999996
8043,510.79527200000007
8044,536.3113960000001
8045,323.3144159999997
8046,722.9429000000007
8047,443.03957599999956
8048,642.2837480000007
8049,650.8447350000007
8050,426.6890270000001
8051,351.7174999999995
8052,546.2797760000009
8053,608.4869650000005
8054,637.021322
8055,640.7189319999998
8056,777.2826000000001
8057,429.0242220000008
8058,671.0152760000002
8059,456.52722300000073
8060,538.1314360000003
8061,703.7566449999996
8062,304.17680000000036
8063,629.8938780000001
8064,455.37610000000086
8065,693.5565759999996
8066,452.6554540000007
8067,575.1007369999998
8068,331.629593
8069,373.68349999999947
8070,332.0464240000003
8071,470.5268870000008
8072,528.5249719999997
8073,345.10154999999924
8074,407.24964
8075,529.1897050000002
8076,482.7357989999998
8077,449.15239999999926
8078,529.9266119999992
8079,449.4729989999999
8080,557.9207100000003
8081,615.6740309999998
8082,608.240631999999
8083,755.8500600000001
8084,664.4945119999988
8085,678.522941
8086,292.67079999999993
8087,544.6945629999997
8088,642.0870999999987
8089,535.3067130000002
8090,472.22872899999965
8091,441.5783140000005
8092,494.2318620000004
8093,664.9892700000003
8094,701.7404799999997
8095,582.4457489999994
8096,477.3065360000001
8097,541.421629
8098,530.8130969999999
8099,608.5868580000001
8100,516.5869739999994
8101,574.2084990000003
8102,535.9730149999998
8103,339.1963570000005
8104,577.6195050000002
8105,431.26056999999963
8106,369.82846699999965
8107,566.7201850000005
8108,562.7249879999996
8109,555.3533029999995
8110,339.95104599999985
8111,749.7382820000012
8112,329.2525580000005
8113,565.9210409999993
8114,564.9106050000003
8115,308.30902300000037
8116,608.7118550000006
8117,450.82443100000035
8118,615.8596960000004
8119,389.01106100000027
8120,359.14357699999977
8121,504.34249799999947
8122,736.3212400000007
8123,576.6075000000002
8124,430.43632199999985
8125,317.0969919999997
8126,480.1291670000006
8127,722.6814000000012
8128,753.6524139999991
8129,427.8260290000002
8130,577.303613
8131,531.8188260000002
8132,629.1224529999995
8133,709.8574399999997
8134,479.1600479999998
8135,567.5517550000011
8136,568.7452409999992
8137,385.9248379999998
8138,403.82922000000065
8139,608.0178339999995
8140,400.7581640000001
8141,559.1084429999995
8142,351.6955339999999
8143,580.9044679999996
8144,670.4859999999991
8145,511.14725100000015
8146,602.0687090000005
8147,467.6095930000002
8148,420.3199329999999
8149,722.6814000000012
8150,485.0720400000001
8151,421.1970039999998
8152,753.1775300000013
8153,545.1898439999998
8154,669.039381999999
8155,538.0012090000007
8156,448.0870489999999
8157,562.9911949999994
8158,489.63103100000075
8159,694.4796709999995
8160,549.9575120000001
8161,400.04269999999997
8162,486.28330799999986
8163,683.7895509999997
8164,636.597692
8165,296.38253099999963
8166,423.01756700000027
8167,619.3114959999992
8168,565.9393459999993
8169,399.58141399999994
8170,481.5548649999997
8171,451.4258810000003
8172,558.9049959999995
8173,706.8397299999998
8174,701.8497869999995
8175,468.9034950000002
8176,607.5079089999998
8177,553.0212459999992
8178,551.9898900000001
8179,485.6379260000003
8180,396.22480000000064
8181,524.0533220000003
8182,468.8538099999997
8183,335.87583000000006
8184,409.92739999999964
8185,751.6043460000012
8186,590.272444
8187,565.5136240000003
8188,543.0852920000008
8189,413.78190999999987
8190,357.9966379999995
8191,722.6814000000012
8192,462.2854530000005
8193,501.35355300000015
8194,540.7657869999999
8195,538.0943030000002
8196,450.46722200000033
8197,553.6891169999993
8198,537.2114790000006
8199,680.5239390000008
8200,449.15239999999926
8201,529.6583129999996
8202,473.8380000000002
8203,363.7820640000002
8204,564.3159539999989
8205,432.11933600000003
8206,696.8064979999995
8207,554.5039510000003
8208,462.98575
8209,462.29486699999984
8210,551.8172999999997
8211,576.1331390000009
8212,385.49022499999984
8213,507.8016199999995
8214,458.4230980000003
8215,608.067518999999
8216,449.15239999999926
8217,551.562076
8218,453.9080390000004
8219,447.37890700000025
8220,342.82650000000007
8221,456.66424900000084
8222,332.59295899999944
8223,752.4882159999993
8224,624.0639969999994
8225,454.5759100000009
8226,479.8075220000008
8227,644.30985
8228,376.1625200000002
8229,448.92018800000005
8230,702.6301030000006
8231,545.7233040000003
8232,596.3737619999997
8233,521.7013909999994
8234,528.2786390000002
8235,550.6060320000007
8236,757.2433320000001
8237,425.9019120000002
8238,735.6643519999992
8239,284.20499899999953
8240,518.7297050000011
8241,508.96895600000033
8242,389.84524599999963
8243,758.017372
8244,445.10699500000067
8245,714.811296000001
8246,330.17356099999944
8247,568.4335329999994
8248,551.9893669999996
8249,687.2580869999995
8250,450.58960399999955
8251,391.3609
8252,708.8349750000012
8253,740.3635069999993
8254,521.1627010000011
8255,455.37610000000086
8256,371.8979780000002
8257,688.0336960000005
8258,702.0056409999999
8259,694.3070809999994
8260,477.006857
8261,292.2565839999999
8262,766.5987559999998
8263,472.05300099999965
8264,477.4357170000008
8265,471.29151299999995
8266,475.3614990000001
8267,432.4043710000002
8268,449.40187099999923
8269,608.8530649999998
8270,730.9442770000004
8271,500.8310760000001
8272,440.65992599999953
8273,479.47332500000067
8274,752.1346680000003
8275,304.17680000000036
8276,608.7719999999989
8277,471.76325900000086
8278,544.8708140000003
8279,509.66820699999994
8280,596.337152
8281,354.63374800000054
8282,390.4346670000002
8283,465.7294079999996
8284,553.0583790000004
8285,360.0332000000006
8286,535.5363100000005
8287,325.2249350000004
8288,471.22875300000027
8289,527.5668360000001
8290,298.86521199999993
8291,360.7131000000006
8292,351.7174999999995
8293,620.1299910000007
8294,520.8912639999995
8295,382.05150000000066
8296,645.2156859999997
8297,660.1384450000008
8298,355.56625700000046
8299,521.6449070000006
8300,530.2937579999997
8301,624.6764299999998
8302,598.3831279999996
8303,426.5708290000002
8304,552.3470989999997
8305,483.85083500000036
8306,490.0870869999998
8307,763.9466230000008
8308,502.30332099999976
8309,473.0116600000003
8310,617.1243099999997
8311,425.9019119999999
8312,338.6414539999995
8313,519.854155
8314,708.9521269999998
8315,570.8241660000011
8316,382.05150000000066
8317,498.83373899999947
8318,462.0182
8319,538.8291180000001
8320,455.3761000000008
8321,484.32571900000045
8322,360.7131000000006
8323,617.171380000001
8324,601.6513549999999
8325,512.3857150000006
8326,677.3226560000003
8327,585.2369999999993
8328,460.09774400000003
8329,396.22480000000064
8330,500.5915420000011
8331,544.6909020000005
8332,526.2891469999997
8333,493.36525099999955
8334,564.2646999999998
8335,722.6814000000012
8336,461.60555299999993
8337,555.2288289999993
8338,759.6051999999996
8339,281.4785999999996
8340,455.31909299999955
8341,433.38865699999985
8342,453.8201750000002
8343,621.7711650000002
8344,534.9615330000005
8345,558.9928599999994
8346,473.9692730000004
8347,713.5288999999995
8348,591.452855
8349,715.150200000002
8350,439.1181219999999
8351,395.73736400000007
8352,518.3918469999996
8353,313.23777499999943
8354,570.181922000001
8355,645.1178849999994
8356,707.4495479999996
8357,389.19045000000006
8358,554.5233020000001
8359,664.7460750000006
8360,475.61776900000064
8361,330.1489799999996
8362,524.2646140000008
8363,462.6928700000004
8364,463.06263100000024
8365,496.6256329999998
8366,473.57283900000016
8367,347.4628949999999
8368,561.8568080000001
8369,449.15239999999926
8370,329.2269310000005
8371,650.174772000001
8372,692.5958250000009
8373,528.0976809999994
8374,681.0715200000003
8375,697.6736320000007
8376,393.687204
8377,692.6842120000001
8378,563.1015480000003
8379,528.2739320000002
8380,650.2103359999996
8381,313.86903600000056
8382,463.7671120000006
8383,504.18455200000085
8384,304.8096299999999
8385,752.4944920000012
8386,423.7502900000001
8387,576.5300959999993
8388,650.9665939999994
8389,483.17459599999995
8390,544.0517960000004
8391,421.9851650000004
8392,386.3672960000006
8393,656.969588000001
8394,689.3663000000009
8395,461.7896489999998
8396,488.2429890000001
8397,481.42202299999997
8398,579.5221789999997
8399,419.5767499999996
8400,524.2510159999999
8401,331.3205
8402,506.9501760000001
8403,376.11283500000064
8404,700.8043100000001
8405,449.7397289999997
8406,347.55494300000015
8407,557.4390269999993
8408,539.4201079999993
8409,539.3390430000009
8410,689.765349000001
8411,353.7556309999998
8412,482.19867800000094
8413,705.0453169999997
8414,368.28300199999995
8415,364.95619899999963
8416,582.2020309999996
8417,597.0479090000003
8418,360.7131000000006
8419,327.80489400000033
8420,574.9579580000004
8421,600.610062
8422,590.5993189999999
8423,449.75123499999955
8424,381.343881
8425,313.3418520000005
8426,459.3822800000006
8427,500.5842200000002
8428,406.81136600000013
8429,281.4785999999996
8430,650.2040600000001
8431,703.8685670000003
8432,511.1556189999997
8433,557.9013590000004
8434,413.4670639999999
8435,348.31904599999956
8436,744.9010550000005
8437,715.150200000002
8438,708.6503559999998
8439,663.3653550000004
8440,585.4284180000001
8441,573.148378000001
8442,710.2339999999984
8443,360.61895999999996
8444,722.6814000000012
8445,586.2510969999996
8446,461.25462000000016
8447,553.0201999999994
8448,707.7450430000001
8449,696.0669760000005
8450,570.9889109999999
8451,441.5600090000004
8452,412.123477
8453,304.17680000000036
8454,463.7896010000002
8455,472.05980000000005
8456,721.5407369999995
8457,754.7664040000002
8458,572.660942
8459,461.49310799999944
8460,352.0312999999996
8461,668.57705
8462,464.82932500000015
8463,433.0047750000002
8464,664.9238950000009
8465,352.0312999999996
8466,380.5604270000006
8467,543.0251469999997
8468,544.4947770000003
8469,474.4922730000002
8470,530.7058820000004
8471,725.9762999999999
8472,474.48808900000023
8473,467.02174099999996
8474,390.03561800000017
8475,748.0991999999985
8476,471.4740400000006
8477,654.051771
8478,669.7093450000009
8479,497.35887900000023
8480,467.0531209999995
8481,419.91042400000015
8482,636.9517630000007
8483,579.9777119999994
8484,777.2826000000001
8485,611.3911840000011
8486,518.2260559999992
8487,666.3542999999994
8488,551.2048670000003
8489,581.7261009999995
8490,346.5743179999999
8491,372.202887
8492,405.85793700000045
8493,521.289267000001
8494,586.1130249999999
8495,548.8885000000002
8496,461.3304549999997
8497,583.7553410000011
8498,458.5915040000002
8499,681.6070720000004
8500,553.9004089999993
8501,737.3410900000013
8502,338.6414539999995
8503,661.0955350000008
8504,580.8030059999991
8505,549.9721559999999
8506,342.8265
8507,502.10667300000046
8508,631.0397709999996
8509,639.1541159999994
8510,269.1880999999996
8511,545.3629570000004
8512,410.89495000000005
8513,554.7832330000002
8514,423.0050150000001
8515,648.2208439999994
8516,526.9575410000001
8517,561.0262840000001
8518,715.150200000002
8519,440.3089929999996
8520,449.4818900000002
8521,565.4105929999993
8522,472.05980000000017
8523,715.150200000002
8524,308.39897899999943
8525,349.4774910000006
8526,497.49852
8527,303.5601829999995
8528,748.0991999999985
8529,326.6192530000005
8530,461.3984450000004
8531,502.6490239999995
8532,313.98827999999963
8533,525.2400089999996
8534,583.2888249999996
8535,582.1664669999996
8536,516.3997400000003
8537,666.1351630000005
8538,552.9616239999999
8539,446.2073869999993
8540,643.7821429999998
8541,390.5120710000003
8542,657.9444599999998
8543,571.1029249999991
8544,528.6959929999997
8545,753.5279400000004
8546,467.1106510000003
8547,508.3638449999994
8548,318.0566969999998
8549,307.77085599999964
8550,609.566436999999
8551,573.4370739999999
8552,474.5116240000002
8553,666.3098450000007
8554,474.1125749999994
8555,529.0056090000005
8556,520.9236900000006
8557,443.8287830000004
8558,397.923504
8559,642.0870999999987
8560,494.903917000001
8561,485.9982730000003
8562,532.090263
8563,533.4704600000005
8564,340.38513600000033
8565,434.4880030000007
8566,402.5677439999998
8567,618.1687409999998
8568,680.3534409999996
8569,561.5864169999996
8570,663.0029159999988
8571,360.498147
8572,763.9356399999998
8573,601.038922
8574,715.150200000002
8575,539.9776260000002
8576,326.4231279999997
8577,711.9698369999999
8578,371.9575999999995
8579,611.9476560000002
8580,553.6043910000006
8581,481.8278710000008
8582,554.1436039999998
8583,452.9091090000001
8584,721.5569499999995
8585,588.2803369999997
8586,750.1221640000005
8587,465.8606810000001
8588,416.81949400000013
8589,563.5053039999992
8590,371.5214179999999
8591,575.7157849999996
8592,420.1326989999996
8593,387.5450920000001
8594,684.9558409999992
8595,749.2926860000011
8596,443.50609200000065
8597,613.3712620000007
8598,329.9397799999998
8599,521.3148940000002
8600,609.2547290000001
8601,493.67695900000086
8602,396.22480000000064
8603,343.65388599999983
8604,687.7240800000009
8605,506.3900430000004
8606,572.9177349999998
8607,578.772720000001
8608,360.0332000000006
8609,349.58575200000007
8610,294.8757680000003
8611,631.7113030000007
8612,508.59344200000027
8613,530.1373810000002
8614,743.7169830000012
8615,605.3646549999993
8616,348.3933119999997
8617,480.0266590000002
8618,689.3663000000009
8619,390.79135300000075
8620,269.1880999999996
8621,356.5034729999997
8622,471.47090200000065
8623,642.3151279999993
8624,513.0854890000006
8625,269.1880999999996
8626,715.150200000002
8627,560.0801769999999
8628,531.0730280000008
8629,645.1314830000007
8630,667.830728999999
8631,748.0991999999985
8632,488.17813700000073
8633,631.2076539999991
8634,594.840848999999
8635,710.2339999999984
8636,657.2676979999995
8637,589.6228779999996
8638,505.6756249999998
8639,722.6814000000012
8640,403.43853899999993
8641,596.7497989999996
8642,412.0392739999998
8643,269.1880999999996
8644,485.7644920000008
8645,474.12042000000054
8646,515.5357439999998
8647,546.4738090000006
8648,460.1599809999991
8649,478.4189570000002
8650,456.72125600000027
8651,541.0848169999996
8652,407.61783199999985
8653,454.6962000000004
8654,571.9941169999998
8655,443.15097499999996
8656,407.19524800000016
8657,514.3736380000003
8658,549.3492630000007
8659,650.220273
8660,603.4645960000005
8661,344.04718199999996
8662,323.9566599999997
8663,531.1452019999998
8664,561.7626680000001
8665,482.4136309999999
8666,585.2270630000003
8667,482.87857799999966
8668,533.3182669999999
8669,449.70207300000055
8670,493.41545899999977
8671,310.77549099999993
8672,450.17904899999957
8673,447.034773
8674,742.5763199999994
8675,407.61207899999994
8676,349.0214350000001
8677,458.96597199999997
8678,373.1720059999999
8679,772.8250710000009
8680,568.1071809999995
8681,668.5509000000004
8682,432.27780500000074
8683,369.945096
8684,632.6861750000003
8685,360.0332000000006
8686,494.35215200000016
8687,538.4441900000005
8688,583.0618430000001
8689,721.6265089999998
8690,334.0819399999998
8691,393.34150100000005
8692,555.2466109999992
8693,680.8607509999993
8694,559.9431510000009
8695,358.86534100000057
8696,573.7921910000001
8697,516.773162
8698,382.05150000000066
8699,526.3498149999997
8700,491.5561940000002
8701,513.9411170000004
8702,499.517300000001
8703,589.8242330000005
8704,717.7495099999995
8705,722.6814000000012
8706,490.24974000000066
8707,710.2339999999983
8708,584.2406849999995
8709,394.81479200000007
8710,624.6283139999998
8711,528.1081410000002
8712,656.3472179999997
8713,543.4132129999995
8714,429.53048600000045
8715,538.7119659999995
8716,599.2549690000008
8717,560.9494030000003
8718,475.65542500000066
8719,453.84632499999947
8720,337.2277849999998
8721,568.457591000001
8722,421.416664
8723,382.05150000000066
8724,562.0377659999994
8725,608.5084080000006
8726,632.788682999999
8727,379.7550069999999
8728,498.4153390000002
8729,563.0879499999993
8730,560.911224
8731,588.9550070000003
8732,548.6630869999993
8733,625.7360280000005
8734,652.5115359999996
8735,424.27799699999974
8736,557.9782400000001
8737,525.3461780000005
8738,427.46620499999983
8739,522.6841080000006
8740,568.7766210000004
8741,660.4888550000001
8742,502.00364200000047
8743,316.2513009999996
8744,455.37610000000086
8745,629.6663730000006
8746,576.629466
8747,485.23207800000006
8748,558.5420340000001
8749,504.09093499999983
8750,565.8525280000009
8751,539.8353700000009
8752,483.14426199999974
8753,369.9450959999998
8754,547.6777549999995
8755,278.70669999999967
8756,556.4720000000007
8757,311.7759899999999
8758,382.379944
8759,491.6377820000006
8760,548.5982349999996
8761,454.63291700000065
8762,346.8436629999998
8763,676.8875200000009
8764,452.25274400000023
8765,676.7871040000002
8766,497.9441159999995
8767,453.7469550000003
8768,691.1591439999996
8769,449.81242599999996
8770,710.2339999999984
8771,739.469700000001
8772,453.0341059999997
8773,752.5990920000003
8774,538.7182419999997
8775,579.4160099999998
8776,495.92690499999975
8777,354.4015359999999
8778,476.038784
8779,484.5479940000009
8780,382.05150000000066
8781,558.4316810000009
8782,579.0525250000006
8783,387.02
8784,664.7664719999989
8785,559.0143029999996
8786,614.5720699999997
8787,694.1109559999995
8788,529.907784
8789,418.51349099999993
8790,722.9429000000007
8791,419.4297870000002
8792,358.2879490000003
8793,722.6814000000012
8794,737.2626400000009
8795,303.4153120000004
8796,307.9418769999999
8797,466.58660500000013
8798,442.8549570000006
8799,456.2275440000001
8800,509.7613010000007
8801,729.9375020000003
8802,563.3295759999994
8803,661.7414400000001
8804,396.22480000000064
8805,426.6994870000002
8806,464.4972200000003
8807,725.9762999999999
8808,658.5731059999999
8809,572.7137649999999
8810,430.45201199999997
8811,588.8415160000004
8812,693.1015660000011
8813,709.2538980000002
8814,718.9158000000011
8815,513.3998120000005
8816,360.0332000000006
8817,452.8808669999999
8818,415.9152270000002
8819,559.8641779999998
8820,653.6950849999997
8821,361.55931400000026
8822,636.2195630000001
8823,518.9373360000005
8824,563.5727710000001
8825,605.3191539999996
8826,583.6899660000001
8827,470.7763580000005
8828,659.1206869999999
8829,276.6837359999996
8830,443.00401200000016
8831,465.72470099999964
8832,439.9381860000005
8833,382.6843299999998
8834,595.5040129999996
8835,596.438091
8836,538.1026709999994
8837,581.144525
8838,715.150200000002
8839,562.1726999999993
8840,417.88536800000037
8841,378.5609979999995
8842,393.7494409999997
8843,396.22480000000064
8844,591.4214750000007
8845,611.0847060000006
8846,707.1545759999993
8847,454.84316300000086
8848,518.8829440000007
8849,679.1589089999995
8850,601.9855519999999
8851,416.2070610000001
8852,444.3460299999999
8853,722.6814000000012
8854,580.9902399999997
8855,461.3069199999999
8856,519.8164990000001
8857,357.1666369999998
8858,544.7018850000004
8859,397.4606489999999
8860,607.8792390000001
8861,500.1700040000006
8862,383.8887989999995
8863,479.0481260000004
8864,413.8561760000003
8865,711.6879399999993
8866,458.5517559999997
8867,420.01711600000084
8868,416.6385359999997
8869,650.8755920000004
8870,354.99095700000026
8871,587.0690689999999
8872,454.4012279999993
8873,360.4160359999995
8874,494.6398019999997
8875,567.6056239999995
8876,577.5839409999994
8877,404.1315140000001
8878,680.1860809999998
8879,537.6910699999999
8880,642.0870999999987
8881,613.1704299999997
8882,709.8720839999987
8883,582.5304749999991
8884,295.0922899999995
8885,402.586049
8886,469.1874839999996
8887,698.3362730000005
8888,603.191589999999
8889,480.8122050000002
8890,468.63571900000056
8891,448.8077430000001
8892,424.3496479999997
8893,314.73930799999994
8894,545.7431779999991
8895,413.60095199999984
8896,288.28387600000036
8897,711.6680659999998
8898,537.912299
8899,463.5249630000002
8900,772.8250710000009
8901,499.2950250000005
8902,444.532218
8903,360.0332000000006
8904,545.3906759999994
8905,375.1541760000002
8906,533.0504909999999
8907,526.828360000001
8908,489.8397080000008
8909,411.9111390000003
8910,371.4032200000001
8911,777.2826000000001
8912,456.61404099999993
8913,416.2358259999998
8914,477.6475319999998
8915,360.0332000000006
8916,596.2628860000003
8917,281.4785999999996
8918,391.7949899999996
8919,522.3839059999995
8920,675.2050289999996
8921,456.8635119999994
8922,335.15932000000015
8923,568.9455499999999
8924,505.71171200000026
8925,352.36602000000016
8926,492.8600329999997
8927,390.1715980000001
8928,422.4103640000001
8929,364.80139100000014
8930,394.6547540000002
8931,597.1007320000002
8932,433.03981599999975
8933,579.4018889999995
8934,592.4230200000003
8935,702.9167069999999
8936,469.33444699999944
8937,434.964456
8938,510.4715349999996
8939,435.8964420000006
8940,769.7513999999996
8941,674.5361119999997
8942,534.1587279999995
8943,665.8809850000009
8944,586.1721239999997
8945,529.8858180000008
8946,525.1882319999995
8947,380.54892099999944
8948,748.0991999999985
8949,529.2880290000002
8950,390.5999350000002
8951,560.3270329999993
8952,348.03296499999976
8953,507.2681599999996
8954,531.2053469999995
8955,437.0501800000005
8956,469.55410699999965
8957,639.091356
8958,501.60877699999975
8959,690.9719100000009
8960,629.0246519999996
8961,511.33343900000017
8962,521.134982
8963,534.4442859999995
8964,484.82727599999964
8965,683.7492800000005
8966,435.5617219999997
8967,525.5213830000007
8968,507.68655999999925
8969,341.0001839999999
8970,777.2826000000001
8971,476.5617840000006
8972,431.89235399999995
8973,281.4785999999996
8974,654.9916020000001
8975,476.4990240000007
8976,448.17072899999926
8977,599.789475
8978,384.2470540000002
8979,444.2952989999999
8980,391.36089999999996
8981,311.8099850000004
8982,551.239385
8983,509.1017979999997
8984,430.3751310000005
8985,648.1810959999999
8986,560.9337129999998
8987,617.4145750000001
8988,532.6467349999998
8989,526.2593360000011
8990,673.0622979999997
8991,579.627825000001
8992,483.4052390000004
8993,490.70736500000027
8994,642.0870999999987
8995,696.3473039999991
8996,595.3999359999997
8997,470.8208130000002
8998,478.2636260000007
8999,470.61788899999993
9000,427.03629899999976
9001,472.9860329999999
9002,307.79805199999987
9003,422.9762500000004
9004,592.6128689999996
9005,541.1789570000002
9006,527.6855569999998
9007,306.5025809999996
9008,409.808156
9009,554.7670199999998
9010,692.4587989999995
9011,298.7213869999995
9012,565.143863000001
9013,498.28354299999984
9014,664.0881410000002
9015,716.1946309999996
9016,394.0365679999997
9017,500.94822800000003
9018,652.1600800000007
9019,621.0206599999992
9020,483.19447000000036
9021,596.8031450000004
9022,500.47125199999994
9023,449.15239999999926
9024,335.7973800000003
9025,703.82202
9026,401.077194
9027,521.0429340000005
9028,465.71371799999963
9029,402.5656520000003
9030,692.8536640000005
9031,427.7617000000002
9032,335.0024199999999
9033,372.93456399999997
9034,712.8751499999997
9035,325.58841999999976
9036,416.03080999999986
9037,597.2743679999996
9038,505.30638700000077
9039,417.8011649999999
9040,585.4713039999996
9041,458.15741400000064
9042,486.6562069999997
9043,312.4485680000005
9044,671.0759439999997
9045,486.95484000000016
9046,579.14928
9047,647.5634329999997
9048,380.50865
9049,554.2482039999999
9050,325.18518700000044
9051,603.3657489999999
9052,517.7632010000005
9053,638.110208
9054,531.262354
9055,314.362225
9056,351.9162399999999
9057,666.8192469999989
9058,357.510248
9059,642.0870999999987
9060,453.42269499999975
9061,617.6441719999998
9062,559.3594830000005
9063,328.94555699999955
9064,669.596899999999
9065,269.1880999999996
9066,648.857858
9067,442.37745799999954
9068,642.4730740000005
9069,462.6196500000006
9070,648.6978199999998
9071,351.7174999999995
9072,332.9140809999997
9073,747.4904280000005
9074,766.7535639999991
9075,498.64493599999946
9076,382.05150000000066
9077,409.883468
9078,564.4461809999992
9079,474.3704140000007
9080,429.7783879999998
9081,457.8195559999995
9082,646.0509169999998
9083,564.1804969999998
9084,761.9247049999992
9085,469.8584930000003
9086,546.1192149999997
9087,736.1779379999996
9088,444.49142399999977
9089,351.7174999999995
9090,410.8949499999998
9091,716.4964020000001
9092,647.5634329999997
9093,671.3902669999999
9094,722.9429000000007
9095,689.765349000001
9096,588.2656929999995
9097,455.90223800000086
9098,565.9879850000007
9099,621.1383350000007
9100,554.5850160000002
9101,527.1442519999996
9102,536.8605459999995
9103,492.6931959999999
9104,615.4590779999996
9105,549.323636
9106,505.4512580000008
9107,523.7515509999994
9108,585.7505859999998
9109,607.702465
9110,574.9061809999996
9111,610.8870119999998
9112,447.72931700000015
9113,383.5561710000001
9114,453.7464319999997
9115,422.86641999999995
9116,483.7608790000003
9117,722.9429000000007
9118,527.6060609999995
9119,544.8247900000002
9120,518.1109959999997
9121,510.1681949999991
9122,572.979972
9123,576.6812429999994
9124,352.0312999999996
9125,600.2057830000007
9126,449.1571069999999
9127,769.4036049999999
9128,372.73268600000006
9129,514.3600399999997
9130,301.1407849999995
9131,472.4933670000001
9132,349.9084430000005
9133,463.87537299999974
9134,618.7299200000007
9135,726.7320350000008
9136,516.870963
9137,539.047732
9138,587.6166499999996
9139,573.1034000000006
9140,669.9525399999991
9141,596.8925779999997
9142,646.5849000000012
9143,569.1202320000009
9144,453.34633699999983
9145,555.8987919999998
9146,458.9664949999998
9147,567.6814590000005
9148,544.0873600000007
9149,688.1701990000005
9150,469.58705600000025
9151,446.9500470000008
9152,473.66541000000035
9153,613.3022259999999
9154,405.2481190000001
9155,443.83453600000064
9156,392.6495719999993
9157,453.6507230000009
9158,393.4628370000001
9159,454.50059799999985
9160,507.49984900000084
9161,458.2437089999998
9162,564.804959
9163,651.9681389999996
9164,544.3378770000007
9165,428.4379390000004
9166,532.8663949999993
9167,382.04783900000007
9168,696.3985579999993
9169,475.17217299999976
9170,612.3493199999997
9171,281.4785999999996
9172,609.8059709999999
9173,443.32774900000055
9174,559.6277820000003
9175,524.507809000001
9176,445.5818790000002
9177,594.0668090000006
9178,278.70669999999967
9179,469.39616099999955
9180,351.57106000000005
9181,511.6896020000006
9182,471.13775099999987
9183,421.463734
9184,454.5000750000009
9185,732.8296919999998
9186,467.3041609999997
9187,369.9450959999998
9188,680.0004160000003
9189,734.8071550000005
9190,418.8147390000006
9191,607.4080160000001
9192,363.83854799999995
9193,314.33607499999994
9194,360.7131000000006
9195,606.549772999999
9196,689.1048000000005
9197,576.0991440000005
9198,759.8102160000012
9199,683.2890400000001
9200,379.271232
9201,269.1880999999996
9202,640.1676899999995
9203,617.9276380000001
9204,382.05150000000066
9205,603.633002
9206,557.2904949999994
9207,408.35055500000004
9208,327.1783399999997
9209,311.2498520000001
9210,575.461607
9211,733.7977650000007
9212,388.34318999999954
9213,482.2849729999998
9214,304.7698819999994
9215,398.6269390000001
9216,548.1029539999993
9217,556.5687549999989
9218,426.8997960000002
9219,521.6574590000009
9220,278.70669999999967
9221,577.4369779999997
9222,468.6153220000002
9223,731.7789850000005
9224,751.3255869999994
9225,629.939902
9226,575.5860809999994
9227,585.1245549999999
9228,572.9355170000008
9229,382.3129999999994
9230,371.82685000000004
9231,611.7238120000006
9232,689.3663000000009
9233,519.0330449999998
9234,400.0427
9235,434.6203219999997
9236,635.3796250000004
9237,475.22761099999946
9238,543.2840320000003
9239,491.6607940000003
9240,677.3205639999993
9241,529.1661700000003
9242,611.9351040000008
9243,299.6831839999997
9244,628.3102340000004
9245,353.48576299999985
9246,352.0312999999996
9247,575.1980150000009
9248,530.5081879999997
9249,503.4340470000006
9250,472.27736800000065
9251,456.13706499999995
9252,523.8048969999999
9253,685.979875000001
9254,681.0715200000003
9255,437.9173139999999
9256,462.73941699999966
9257,383.7266690000002
9258,332.59295899999944
9259,318.9217389999996
9260,534.3407320000003
9261,611.254680999999
9262,653.8117139999999
9263,531.4239610000001
9264,396.22480000000064
9265,471.9536310000008
9266,326.54446399999944
9267,554.1566790000006
9268,555.719926
9269,492.48033499999974
9270,449.15239999999926
9271,606.4943350000004
9272,592.041753
9273,485.7022550000004
9274,471.1225840000003
9275,429.9054770000007
9276,687.4981440000006
9277,381.3438809999997
9278,462.7420319999998
9279,470.3030430000002
9280,732.987115000001
9281,344.66746000000006
9282,662.4589959999993
9283,519.6941169999996
9284,497.42163900000065
9285,637.2462119999997
9286,562.3928830000006
9287,543.6522239999998
9288,568.7091540000002
9289,496.0194760000006
9290,641.5133689999998
9291,415.4555100000001
9292,626.7663380000004
9293,551.7759830000001
9294,521.787686
9295,564.2646999999998
9296,568.431441
9297,533.3491239999996
9298,722.6814000000012
9299,389.8405390000007
9300,568.0574960000008
9301,494.9677229999998
9302,689.6356450000001
9303,549.419868
9304,496.9425709999996
9305,534.3794340000003
9306,476.3954700000003
9307,661.574080000001
9308,464.1886499999999
9309,467.7884590000005
9310,589.2871119999993
9311,418.3288720000002
9312,404.38360000000046
9313,415.82736300000005
9314,547.3310059999999
9315,590.4926269999996
9316,396.18243700000033
9317,503.71960500000006
9318,655.9314330000004
9319,522.0690599999995
9320,748.0991999999985
9321,537.5488140000007
9322,578.5896699999995
9323,437.9272510000002
9324,371.2552109999999
9325,693.9875280000003
9326,523.4565790000007
9327,490.86949500000065
9328,583.6946729999996
9329,578.5969920000005
9330,310.8795679999997
9331,715.150200000002
9332,434.23382500000037
9333,555.7387539999999
9334,351.7174999999995
9335,485.88948900000076
9336,475.4849270000003
9337,467.1634740000006
9338,312.5421849999998
9339,544.0329679999993
9340,301.55343199999965
9341,460.2347699999999
9342,426.28056400000025
9343,432.5994499999999
9344,389.19045
9345,541.557609
9346,430.2480419999998
9347,352.0312999999996
9348,531.468939
9349,778.5901000000009
9350,570.3299309999995
9351,381.2968109999998
9352,354.5945230000005
9353,508.2440779999999
9354,426.8427890000006
9355,401.42603500000007
9356,725.722645000001
9357,647.363124
9358,777.2826000000001
9359,459.1254869999998
9360,569.7190669999998
9361,519.9388809999994
9362,479.41736400000065
9363,777.2826000000001
9364,571.6332469999999
9365,594.0003879999998
9366,649.9022890000002
9367,676.546523999999
9368,492.55250900000095
9369,466.90720400000004
9370,505.029720000001
9371,754.7664040000001
9372,435.8383890000002
9373,526.4125750000005
9374,537.3997589999997
9375,499.81331799999964
9376,601.4442469999995
9377,575.9762389999996
9378,460.201821
9379,411.598385
9380,450.70780199999945
9381,416.9758710000001
9382,454.8007999999999
9383,639.9652889999993
9384,557.8338919999992
9385,550.1980919999999
9386,425.37002099999995
9387,510.8883660000007
9388,558.6675540000002
9389,401.94119
9390,430.98285700000037
9391,534.2758799999996
9392,421.411957
9393,599.1257879999997
9394,389.6799779999998
9395,447.18905799999925
9396,338.23874400000017
9397,463.3283149999996
9398,473.18843399999975
9399,336.3078280000002
9400,570.1798299999998
9401,434.73538200000024
9402,575.403554
9403,422.676571
9404,561.8013699999997
9405,360.7131000000006
9406,584.1878620000003
9407,587.5136190000005
9408,622.5969819999992
9409,697.5366060000001
9410,511.9103080000006
9411,539.1057850000002
9412,513.6393460000008
9413,313.36591
9414,565.5287909999995
9415,577.0128250000002
9416,401.2978999999996
9417,564.2646999999998
9418,646.5849000000012
9419,659.9669010000011
9420,638.1002709999993
9421,628.4085579999996
9422,703.8220200000001
9423,642.0870999999987
9424,307.1892799999994
9425,771.3638090000009
9426,577.9798520000007
9427,620.9913720000003
9428,427.7721600000001
9429,530.1834050000006
9430,547.5909369999999
9431,486.60129200000074
9432,352.87489900000054
9433,521.6773330000003
9434,465.6148709999998
9435,383.0859940000001
9436,518.2344240000008
9437,325.5706379999999
9438,518.3777260000004
9439,563.0011320000002
9440,387.0200000000001
9441,658.49361
9442,561.2129950000003
9443,358.97674
9444,718.9105699999996
9445,698.4978799999986
9446,516.1042450000008
9447,650.5675450000008
9448,466.2074299999998
9449,382.05150000000066
9450,475.1868170000003
9451,342.27055099999944
9452,548.8942530000004
9453,363.1450500000002
9454,725.9762999999999
9455,447.172845
9456,756.2323730000004
9457,443.2132119999996
9458,458.28345699999977
9459,566.2039840000002
9460,598.3538399999993
9461,771.4448740000008
9462,529.1844750000001
9463,564.6574729999995
9464,579.5650650000002
9465,545.9272739999998
9466,539.8222950000006
9467,352.0312999999996
9468,732.7883750000007
9469,495.3625880000008
9470,516.1586369999995
9471,491.2664520000007
9472,551.1975450000007
9473,478.06227100000035
9474,666.9499969999997
9475,703.9632300000013
9476,540.539328
9477,698.0878479999992
9478,509.2618360000004
9479,632.6778069999996
9480,511.79472500000077
9481,421.2561030000003
9482,493.87831400000016
9483,410.7934880000002
9484,763.4670320000004
9485,393.20970499999976
9486,467.6655540000003
9487,326.2578599999998
9488,667.316620000001
9489,569.9052550000001
9490,406.96722000000017
9491,616.9166789999998
9492,499.8363299999995
9493,467.2471540000008
9494,402.6676369999999
9495,461.4434229999996
9496,381.3574790000003
9497,717.4017149999999
9498,527.4789719999994
9499,400.51287700000023
9500,304.6621439999997
9501,420.64053200000023
9502,503.9021320000008
9503,371.94191
9504,413.33213
9505,416.00309100000044
9506,488.7759260000004
9507,469.4599670000004
9508,507.2362569999997
9509,624.6947350000002
9510,588.9581450000001
9511,375.40939999999944
9512,568.1584349999995
9513,477.55966800000004
9514,642.0870999999987
9515,590.1228659999997
9516,594.3727640000004
9517,611.5114740000012
9518,297.2078249999999
9519,567.5946409999992
9520,537.3934829999995
9521,396.22480000000064
9522,632.8106489999996
9523,352.3691580000005
9524,329.0428349999997
9525,603.4766250000002
9526,480.60875799999997
9527,450.70780199999945
9528,601.2507369999998
9529,508.6865360000006
9530,503.66259799999995
9531,420.22265499999986
9532,524.4978720000005
9533,494.3777789999999
9534,550.4187979999996
9535,674.3671829999998
9536,396.22480000000064
9537,357.5102480000002
9538,487.33140000000043
9539,679.5427909999999
9540,713.7804629999997
9541,520.592108
9542,578.0263990000002
9543,531.0191590000004
9544,512.3234779999995
9545,441.9846849999998
9546,585.5868869999994
9547,677.3749559999993
9548,341.79462100000046
9549,549.2274040000002
9550,590.1636599999999
9551,437.8697209999998
9552,679.9543919999993
9553,581.797752
9554,317.67647599999987
9555,636.1400670000003
9556,558.868386
9557,617.4538000000007
9558,539.507449000001
9559,725.9762999999999
9560,571.0333660000001
9561,531.5845219999993
9562,543.8148770000003
9563,505.4810690000005
9564,761.9874649999999
9565,698.2871109999999
9566,543.9613169999992
9567,376.1918079999999
9568,447.4385289999993
9569,512.4134340000007
9570,451.42901899999976
9571,668.3448379999992
9572,649.6041789999995
9573,456.65431200000086
9574,566.7065870000007
9575,451.33853999999957
9576,452.3709420000006
9577,564.8080969999993
9578,360.3762880000003
9579,664.7152180000006
9580,308.6306679999999
9581,548.6557650000008
9582,423.20532400000025
9583,351.7174999999995
9584,481.331544
9585,412.6224190000003
9586,576.7816589999996
9587,610.976445
9588,591.053806
9589,590.8754629999999
9590,546.1887740000002
9591,646.4154479999996
9592,522.3635090000002
9593,542.4032999999996
9594,319.0519659999997
9595,734.3024600000007
9596,504.77711100000016
9597,543.2814170000009
9598,400.64624199999986
9599,533.1200499999995
9600,406.8056129999997
9601,474.43474300000065
9602,300.2328570000003
9603,489.87945600000086
9604,749.3036690000004
9605,520.6140740000005
9606,666.6131850000006
9607,615.7990280000009
9608,582.3845580000007
9609,442.29848499999963
9610,626.3704269999993
9611,360.0332000000006
9612,384.86471699999987
9613,607.5011100000002
9614,476.2422310000004
9615,452.06498699999923
9616,527.7404719999998
9617,402.916585
9618,316.4034940000001
9619,442.34555499999954
9620,391.45870100000013
9621,514.5237390000001
9622,380.50864999999976
9623,754.3019800000001
9624,713.4786919999997
9625,461.4910160000007
9626,567.6689069999996
9627,328.5590599999999
9628,423.33921199999975
9629,707.2110600000013
9630,374.25775399999986
9631,590.3456640000004
9632,449.40187099999923
9633,399.14104800000007
9634,677.3226560000003
9635,695.4184559999991
9636,467.63522000000063
9637,474.6706160000003
9638,515.2083460000003
9639,501.54078700000065
9640,325.7976199999997
9641,535.1947910000002
9642,363.0462030000002
9643,566.6202919999993
9644,576.4845949999998
9645,562.5283399999994
9646,642.0870999999987
9647,359.25706799999983
9648,534.2146890000002
9649,292.67079999999993
9650,386.25746600000036
9651,427.1346229999997
9652,469.71048400000006
9653,309.56683799999996
9654,466.7429819999999
9655,778.5901000000009
9656,290.25349399999953
9657,689.3663000000009
9658,506.6818770000001
9659,560.7156219999994
9660,304.6621439999997
9661,383.3365110000001
9662,524.7510040000004
9663,473.7333999999994
9664,488.34392800000074
9665,556.4442810000002
9666,646.3417050000004
9667,551.3941929999995
9668,609.5711439999997
9669,433.3645990000006
9670,476.0105420000005
9671,389.19045
9672,478.5957310000008
9673,574.4244979999994
9674,468.4992160000006
9675,396.3722859999995
9676,401.8867980000004
9677,635.9732299999997
9678,611.0005030000004
9679,492.2512610000008
9680,315.01754399999965
9681,777.2826000000001
9682,512.0729610000006
9683,463.8089519999999
9684,414.1417340000007
9685,649.4540779999995
9686,659.7514249999999
9687,278.70669999999967
9688,515.3872119999995
9689,503.62912600000027
9690,571.5610729999999
9691,522.5298229999999
9692,360.4599680000002
9693,417.33151099999986
9694,720.2023800000015
9695,337.0881439999993
9696,431.4253150000004
9697,336.2387919999999
9698,588.2965499999998
9699,626.1078809999996
9700,410.94986500000016
9701,383.3590000000004
9702,537.8134519999994
9703,607.2772659999999
9704,511.17026300000055
9705,329.80693799999955
9706,469.84384900000003
9707,680.3257219999992
9708,333.8026579999995
9709,583.3196819999991
9710,636.7781269999995
9711,516.1450389999995
9712,657.8456129999993
9713,366.2704980000004
9714,400.55524
9715,533.296824
9716,715.150200000002
9717,748.0991999999985
9718,501.06590300000056
9719,294.9536949999996
9720,471.7988230000008
9721,710.4609819999996
9722,404.05097200000023
9723,314.72623299999987
9724,574.3355880000004
9725,693.1109799999996
9726,484.69025000000033
9727,621.3093559999998
9728,715.150200000002
9729,322.91536699999943
9730,499.89124500000014
9731,612.0161690000003
9732,646.6272630000007
9733,777.2826000000001
9734,701.4078519999999
9735,360.7131000000006
9736,410.26055099999996
9737,606.9111660000001
9738,386.41332000000034
9739,315.06409099999996
9740,585.2898230000003
9741,451.5974249999994
9742,466.9401530000007
9743,417.63589699999994
9744,489.47883799999994
9745,520.7835259999998
9746,536.595908
9747,593.2802170000006
9748,564.1668989999993
9749,769.6990999999991
9750,360.7131000000006
9751,522.4843220000008
9752,692.8536640000005
9753,685.8914880000005
9754,318.3626520000004
9755,450.42015200000066
9756,398.3262140000003
9757,453.6957010000007
9758,343.50639999999925
9759,466.6734229999992
9760,503.2473359999997
9761,689.068189999999
9762,455.6213870000003
9763,371.30332699999946
9764,352.0312999999996
9765,540.0696740000008
9766,547.7201179999993
9767,333.6640630000005
9768,436.1328379999999
9769,319.7203599999997
9770,480.6103270000004
9771,314.63575399999996
9772,534.4918789999996
9773,618.7048159999998
9774,497.44674299999957
9775,456.3159310000002
9776,577.8559010000002
9777,663.3653550000006
9778,457.18620300000066
9779,413.0653999999998
9780,646.4290459999997
9781,574.8397599999998
9782,568.5695129999999
9783,457.66579399999995
9784,578.3360149999994
9785,464.02442800000057
9786,429.6486839999998
9787,464.3638550000006
9788,352.0312999999996
9789,755.4724540000011
9790,453.65909100000033
9791,304.7698819999995
9792,437.1171239999999
9793,449.15239999999926
9794,388.9551000000002
9795,542.5701370000004
9796,634.1348849999996
9797,610.186714999999
9798,777.2826000000001
9799,639.2445949999998
9800,619.1640100000003
9801,711.3662949999998
9802,333.65307999999976
9803,454.2882600000009
9804,567.9100099999997
9805,410.093714
9806,479.54811400000074
9807,521.9947940000005
9808,537.0383660000001
9809,523.953429
9810,658.4130680000003
9811,505.76505799999956
9812,372.3132400000002
9813,718.9158000000011
9814,553.6671509999991
9815,521.055486
9816,540.8342999999995
9817,720.1176539999998
9818,658.5093
9819,491.85168900000093
9820,483.0469840000008
9821,468.29786100000064
9822,501.07270200000016
9823,521.9435399999996
9824,416.5402120000001
9825,563.1172380000008
9826,406.9395010000004
9827,487.872182000001
9828,519.6381560000004
9829,360.7131000000006
9830,725.9762999999999
9831,424.58813600000036
9832,596.071468
9833,584.010042000001
9834,339.60481999999996
9835,360.0332000000006
9836,367.25007700000054
9837,476.6261130000001
9838,371.8838570000005
9839,587.1836059999995
9840,477.9503490000008
9841,539.582761
9842,460.1824699999999
9843,476.86460099999954
9844,529.3319610000001
9845,558.4285429999992
9846,689.3663000000009
9847,638.9747269999998
9848,533.1781029999999
9849,651.6240050000004
9850,524.5109470000003
9851,571.9365869999998
9852,557.9651649999997
9853,461.7875569999994
9854,365.05190799999997
9855,477.17003300000056
9856,519.5623209999995
9857,397.3774920000003
9858,629.9304880000005
9859,304.7698819999995
9860,527.1301310000003
9861,583.4342190000001
9862,360.4934399999999
9863,721.8906239999993
9864,739.469700000001
9865,651.894395999999
9866,466.41035400000067
9867,457.88545400000004
9868,305.9795809999995
9869,645.2946589999997
9870,429.84271700000033
9871,604.541453000001
9872,357.746644
9873,545.6438080000005
9874,448.79832899999974
9875,378.4715650000006
9876,449.4766599999993
9877,381.61584100000016
9878,645.0713379999999
9879,309.83932099999987
9880,637.8047759999997
9881,464.33665899999977
9882,419.52078899999987
9883,599.779538
9884,451.8798450000002
9885,582.9818240000001
9886,643.0258849999999
9887,475.2563760000004
9888,570.6306559999996
9889,652.3023360000002
9890,683.7555559999995
9891,613.5919680000003
9892,565.6935360000004
9893,689.3663000000009
9894,553.1744849999999
9895,395.8043079999999
9896,626.3113280000006
9897,592.3890250000001
9898,511.36586500000004
9899,628.6580289999997
9900,563.8635589999997
9901,642.0870999999987
9902,408.3081920000002
9903,540.6836760000001
9904,564.2646999999998
9905,456.66424900000084
9906,503.85453899999993
9907,725.9762999999999
9908,580.6816699999995
9909,429.89449399999984
9910,294.8925040000003
9911,492.46621400000055
9912,326.42312799999974
9913,449.9630500000001
9914,449.15239999999926
9915,397.92350400000015
9916,452.18789199999986
9917,622.9845250000002
9918,269.1880999999996
9919,624.1021760000003
9920,469.41341999999963
9921,378.42449500000043
9922,343.6591160000004
9923,337.7638600000001
9924,421.0693920000002
9925,602.6147209999996
9926,469.83025100000077
9927,410.8531100000003
9928,611.0737230000001
9929,442.9506659999999
9930,404.38360000000046
9931,474.4049319999998
9932,527.0563879999997
9933,691.9797310000005
9934,510.47938000000033
9935,484.3539610000002
9936,330.8362019999996
9937,559.1194260000008
9938,474.0084980000002
9939,372.49785899999966
9940,633.8221309999997
9941,299.9310859999995
9942,328.3122040000003
9943,474.82542399999943
9944,499.39910200000077
9945,486.4396849999999
9946,596.394159
9947,753.0739759999991
9948,321.18162200000035
9949,529.2472350000005
9950,522.0795200000007
9951,610.5868099999998
9952,543.9534719999995
9953,476.78772
9954,554.4668180000007
9955,642.4453549999997
9956,563.8091669999995
9957,404.7606829999999
9958,611.910522999999
9959,655.2672229999997
9960,473.947307
9961,563.5110570000004
9962,509.1708339999996
9963,729.7602050000007
9964,548.1500240000004
9965,544.461305
9966,594.8131299999995
9967,434.94353600000017
9968,449.40187099999923
9969,617.9893520000004
9970,461.02659199999994
9971,718.9158000000011
9972,523.3995719999998
9973,517.4577689999996
9974,525.8843450000004
9975,689.3663000000009
9976,538.8882169999993
9977,691.7825600000006
9978,443.6849579999999
9979,517.9865219999995
9980,472.8505760000007
9981,368.42944199999977
9982,570.1102710000007
9983,367.8044570000002
9984,370.6291800000001
9985,537.0765450000001
9986,322.91536699999943
9987,777.2826000000001
9988,461.4842169999998
9989,544.7196669999998
9990,725.9762999999999
9991,558.6696460000006
9992,475.8578259999994
9993,343.50639999999925
9994,388.2286530000003
9995,756.4692919999999
9996,663.4882600000009
9997,381.42651499999994
9998,546.9204509999995
9999,312.02807599999943
10000,557.5875590000003
10001,566.6365049999993
10002,521.2223229999995
10003,524.1516460000001
10004,681.2932719999999
10005,507.2095839999997
10006,321.7673820000004
10007,561.1219929999993
10008,567.9576029999995
10009,518.9389049999996
10010,539.4138320000001
10011,445.94641
10012,490.8386380000001
10013,577.6346720000001
10014,676.3415079999992
10015,702.3393150000012
10016,693.3892160000007
10017,740.0920699999994
10018,287.83409599999953
10019,507.19546299999945
10020,548.6500120000004
10021,591.8984510000007
10022,345.12770000000006
10023,482.03916300000026
10024,451.8526489999998
10025,648.3196909999997
10026,462.1709160000002
10027,630.0873879999992
10028,468.380495
10029,382.05150000000066
10030,555.8187729999994
10031,545.8702669999998
10032,573.9150960000003
10033,369.9450959999999
10034,269.1880999999996
10035,522.8410080000006
10036,512.4144800000001
10037,473.75536600000066
10038,722.9429000000007
10039,402.904556
10040,463.9203509999993
10041,312.45065999999986
10042,579.8249960000002
10043,321.70566799999943
10044,514.579177000001
10045,454.7511149999997
10046,570.95387
10047,585.887612000001
10048,394.0287230000001
10049,477.531426
10050,484.78177499999975
10051,529.0401270000007
10052,551.4747349999989
10053,663.9668050000009
10054,582.4760830000004
10055,523.3441339999999
10056,336.83762700000045
10057,453.7438170000002
10058,511.0363749999997
10059,371.3033269999996
10060,530.1243060000002
10061,571.9705819999994
10062,381.0917950000001
10063,555.6289240000001
10064,442.5693989999998
10065,306.47276999999974
10066,577.2026739999995
10067,688.0336960000005
10068,710.2339999999984
10069,623.4306440000001
10070,647.9415619999996
10071,350.7384439999995
10072,347.1266060000004
10073,513.1142539999996
10074,668.3500679999996
10075,415.26252300000044
10076,486.4804790000005
10077,715.1502000000021
10078,656.837792
10079,420.6844639999996
10080,414.1391190000002
10081,398.91040499999986
10082,423.75290500000017
10083,607.723384999999
10084,523.7871150000002
10085,608.843127999999
10086,642.0870999999987
10087,632.8760239999996
10088,351.7174999999995
10089,588.7578360000003
10090,394.29074600000007
10091,589.9691040000008
10092,415.9764180000002
10093,585.8342659999996
10094,564.2646999999998
10095,480.8148200000009
10096,628.1575180000007
10097,327.63857999999976
10098,429.6340400000008
10099,448.765903
10100,514.8678730000009
10101,473.13718000000057
10102,586.7547459999997
10103,301.9624179999999
10104,395.70179999999976
10105,698.6014340000007
10106,499.27515100000085
10107,438.5736790000005
10108,334.78903599999944
10109,582.7679170000002
10110,486.42190300000055
10111,706.7780160000009
10112,717.7034859999997
10113,576.6409719999996
10114,395.4905079999998
10115,474.4384040000003
10116,353.8356500000001
10117,404.742378
10118,341.96668799999975
10119,589.5329219999996
10120,576.3402469999995
10121,497.0654760000006
10122,449.15239999999926
10123,357.9966379999995
10124,768.8952489999989
10125,570.5406999999993
10126,405.88827099999975
10127,399.523884
10128,529.7461770000001
10129,409.74853400000035
10130,456.7630959999998
10131,485.9454500000006
10132,653.4388150000009
10133,562.7668280000008
10134,479.1365130000002
10135,575.8826220000004
10136,561.6910169999994
10137,346.37243999999987
10138,611.2844920000008
10139,703.6295559999998
10140,510.23252399999984
10141,578.8307729999996
10142,652.2495129999999
10143,702.916707
10144,725.9762999999999
10145,564.9153119999997
10146,299.50954799999965
10147,452.7590080000001
10148,748.004013999999
10149,531.2241749999997
10150,448.17072899999926
10151,777.2826000000001
10152,373.8822400000001
10153,579.4076419999997
10154,564.2646999999998
10155,349.7175480000003
10156,533.2659670000003
10157,526.5114220000003
10158,445.80206199999986
10159,463.9935709999998
10160,581.6476510000003
10161,392.0883930000002
10162,566.4853579999993
10163,453.1026190000002
10164,329.01929999999976
10165,656.4978419999997
10166,589.2609619999997
10167,435.1380919999997
10168,550.5380420000005
10169,549.8021810000006
10170,382.05150000000066
10171,689.3663000000009
10172,416.6568410000002
10173,313.2377749999995
10174,504.303273000001
10175,562.9561540000002
10176,422.31360900000016
10177,541.6867899999999
10178,541.3975710000002
10179,270.4663119999996
10180,551.5448169999994
10181,581.6225469999995
10182,624.5535250000004
10183,611.2954749999999
10184,441.59714199999956
10185,748.7288920000003
10186,520.3917989999998
10187,437.8974400000002
10188,466.2759430000001
10189,752.4714800000005
10190,457.2531470000003
10191,449.15239999999926
10192,437.4497520000003
10193,660.1384450000008
10194,710.2339999999984
10195,481.2536170000005
10196,626.7553550000001
10197,308.57000000000045
10198,449.15239999999926
10199,725.9762999999999
10200,389.20718599999987
10201,621.4641639999996
10202,491.11059800000095
10203,524.7143940000004
10204,668.6068610000005
10205,700.0402070000004
10206,471.0090929999997
10207,524.378628
10208,566.5826359999996
10209,592.0998059999997
10210,447.366878
10211,736.8468549999994
10212,447.1006709999999
10213,520.8081070000001
10214,358.85540399999996
10215,461.78807999999924
10216,342.27055099999956
10217,662.3428899999988
10218,560.139276
10219,430.58799199999993
10220,374.05430699999965
10221,506.5689089999998
10222,458.6448499999999
10223,752.7539000000003
10224,510.09392900000034
10225,534.6163529999992
10226,603.6314330000007
10227,357.84130700000026
10228,334.1530679999997
10229,546.7060210000001
10230,608.8546340000006
10231,369.65640000000013
10232,717.0999439999998
10233,317.54049599999945
10234,560.1037119999995
10235,645.7690199999996
10236,396.22480000000064
10237,503.0114630000002
10238,721.8262950000017
10239,468.59074099999964
10240,754.7664040000002
10241,461.1630950000006
10242,336.83815000000004
10243,604.5168720000005
10244,552.8172760000002
10245,380.50865
10246,756.0665820000012
10247,530.6854850000003
10248,409.92739999999964
10249,396.22480000000064
10250,689.3663000000009
10251,549.4381730000003
10252,532.3993559999996
10253,345.69881599999985
10254,651.5246350000009
10255,650.5884649999995
10256,339.60481999999996
10257,717.7034859999999
10258,706.9349160000005
10259,380.59076100000004
10260,395.0966889999995
10261,459.45445399999977
10262,312.55944400000016
10263,446.7926240000002
10264,447.24606499999993
10265,413.2290989999998
10266,334.8706240000002
10267,495.4258709999998
10268,389.9660589999998
10269,522.9775110000003
10270,523.7201709999998
10271,563.8912780000002
10272,427.2585740000003
10273,455.81437400000084
10274,414.29915700000015
10275,545.4173490000003
10276,406.821826
10277,455.0215060000008
10278,407.2496400000002
10279,716.9545500000016
10280,545.580002
10281,456.8436380000008
10282,307.96802699999995
10283,515.5979809999999
10284,610.744756000001
10285,668.6680520000006
10286,394.58467199999984
10287,690.1759040000004
10288,612.3017269999996
10289,675.961286999999
10290,365.06550600000054
10291,515.9091660000001
10292,328.96386199999944
10293,473.6962670000003
10294,353.4120200000001
10295,325.6025409999997
10296,548.7697789999999
10297,351.94814299999956
10298,501.88021399999974
10299,452.93944300000027
10300,764.6124020000004
10301,503.2907450000003
10302,529.9187669999997
10303,463.91407500000065
10304,465.3674920000002
10305,744.9010550000005
10306,400.35440800000055
10307,590.2834269999996
10308,487.3162330000005
10309,499.85463500000077
10310,749.4668449999991
10311,629.7165810000002
10312,349.4461110000006
10313,552.693325
10314,645.2946589999997
10315,334.89625100000035
10316,759.8133540000003
10317,524.3723520000003
10318,553.9265590000002
10319,469.588102
10320,574.3068229999996
10321,552.9867280000002
10322,638.488337
10323,598.2534240000007
10324,651.8039169999996
10325,594.1431669999998
10326,344.8965340000003
10327,313.59707600000013
10328,624.5958879999998
10329,725.9762999999999
10330,621.1383350000008
10331,524.8435750000004
10332,320.49596899999943
10333,568.0522659999997
10334,341.9326930000004
10335,577.4291329999993
10336,745.5480060000003
10337,472.34117399999974
10338,522.3258529999999
10339,658.5480019999997
10340,466.85856500000074
10341,380.3365830000006
10342,425.85745700000035
10343,439.69551399999955
10344,515.9980760000002
10345,481.4225460000006
10346,564.2646999999998
10347,639.8340160000007
10348,464.0218129999996
10349,588.0052389999997
10350,743.7802659999993
10351,449.15239999999926
10352,485.47474999999974
10353,407.861027
10354,309.60867799999943
10355,515.5890899999996
10356,602.6209969999998
10357,458.7719389999999
10358,768.1750779999998
10359,458.5669230000008
10360,494.05561100000085
10361,422.11591500000014
10362,377.82252200000016
10363,617.1745179999999
10364,338.97878899999967
10365,770.1509720000009
10366,568.9042330000002
10367,761.4273319999992
10368,598.3538399999993
10369,610.8462180000004
10370,534.1273479999992
10371,331.32049999999987
10372,400.0427
10373,605.5320149999998
10374,505.0867270000007
10375,334.5144609999997
10376,412.4168800000002
10377,725.9762999999999
10378,532.8569809999993
10379,614.3607780000004
10380,444.9155770000007
10381,479.79130900000075
10382,748.3627920000013
10383,469.1466900000004
10384,769.6990999999991
10385,518.3881860000007
10386,294.7512939999999
10387,455.0215060000009
10388,468.90454100000034
10389,387.01999999999987
10390,573.1243199999994
10391,560.2109270000001
10392,469.5901940000006
10393,304.2636179999999
10394,466.65093400000006
10395,461.5344249999998
10396,544.8739520000007
10397,276.5812279999996
10398,564.0340569999993
10399,590.5302829999995
10400,561.183184
10401,548.0490849999992
10402,646.8071749999997
10403,481.61501
10404,342.0671039999999
10405,659.6405489999994
10406,557.5729149999993
10407,554.3637869999999
10408,406.2983030000001
10409,653.889118
10410,696.6025280000008
10411,528.0704850000008
10412,550.6933730000003
10413,435.2280480000001
10414,294.4809029999999
10415,702.916184
10416,307.1892799999994
10417,361.12836200000015
10418,396.21015600000084
10419,598.4683769999998
10420,439.1107999999999
10421,667.795165000001
10422,524.2081299999996
10423,458.4309430000005
10424,571.3712240000001
10425,492.8553260000005
10426,759.8986030000013
10427,443.7832820000001
10428,574.7048260000004
10429,384.66597699999977
10430,482.60714100000087
10431,715.150200000002
10432,611.910522999999
10433,544.1454129999993
10434,651.6663679999998
10435,600.6435339999996
10436,355.97001300000045
10437,590.8367609999999
10438,568.8451340000004
10439,487.29269800000014
10440,716.4964019999996
10441,566.8457050000001
10442,475.9273850000002
10443,553.6054369999997
10444,583.0979299999995
10445,594.5756880000002
10446,478.917376
10447,556.3626930000004
10448,350.6626089999999
10449,396.07365300000004
10450,477.32954799999976
10451,435.8964420000008
10452,332.34767200000033
10453,546.7117740000001
10454,714.0822339999999
10455,559.3788339999993
10456,496.7103590000001
10457,420.3905380000001
10458,642.0870999999987
10459,690.033648
10460,396.22480000000064
10461,593.2875389999995
10462,544.1595340000002
10463,620.0766449999996
10464,493.92747599999996
10465,503.83518800000076
10466,609.6872499999989
10467,689.3663000000009
10468,455.19200400000074
10469,571.1536559999994
10470,401.1477989999996
10471,292.2565839999999
10472,426.08496199999973
10473,405.39142099999975
10474,409.73022900000063
10475,463.4308229999998
10476,399.43863499999975
10477,745.9104450000004
10478,670.6664350000008
10479,554.017038
10480,637.1829289999998
10481,703.2153400000008
10482,616.9423060000005
10483,476.78824300000053
10484,678.9293120000003
10485,621.0923109999997
10486,447.76383500000003
10487,377.329856
10488,648.2208439999993
10489,613.6374690000005
10490,334.641027
10491,426.62731300000013
10492,502.0721550000005
10493,611.5219339999993
10494,432.0330410000001
10495,454.2040569999995
10496,343.6209369999999
10497,545.7944319999998
10498,489.3031099999998
10499,398.1719289999999
10500,533.4976559999999
10501,650.5884649999995
10502,396.04488800000007
10503,527.3503140000003
10504,570.8351489999993
10505,669.596899999999
10506,483.2336950000005
10507,774.0018210000007
10508,396.22480000000064
10509,551.1379230000006
10510,344.24382999999943
10511,551.1902230000005
10512,457.4445650000008
10513,537.4431680000007
10514,309.60867799999943
10515,450.21775100000013
10516,568.843042
10517,437.9617689999998
10518,463.90989100000047
10519,734.3024600000006
10520,449.15239999999926
10521,278.70669999999967
10522,469.150351
10523,527.5736350000003
10524,502.7353190000006
10525,348.46234799999996
10526,753.2946820000012
10527,641.5144150000009
10528,393.78291300000035
10529,521.9048380000007
10530,563.1512329999994
10531,488.5923530000005
10532,389.9242190000001
10533,669.6659359999991
10534,520.9158449999998
10535,531.8287630000002
10536,494.0278920000009
10537,343.50639999999925
10538,547.1772440000001
10539,591.2483619999998
10540,689.3663000000009
10541,415.2358499999997
10542,562.5048049999992
10543,443.8857900000001
10544,582.3369649999995
10545,433.442526
10546,563.0147299999996
10547,577.508106
10548,615.8565580000006
10549,699.4387570000002
10550,298.4447199999997
10551,475.0482219999995
10552,341.8955600000004
10553,374.93242399999946
10554,313.23777499999943
10555,472.07182900000066
10556,391.30807700000014
10557,454.0921350000006
10558,479.3148559999999
10559,623.9525979999996
10560,628.3735169999989
10561,517.1110199999999
10562,356.1603849999997
10563,448.1838039999997
10564,694.5115740000002
10565,572.5730779999993
10566,527.7080460000004
10567,687.4981440000005
10568,382.05150000000066
10569,449.4018709999993
10570,559.5477629999993
10571,662.6467529999999
10572,579.4515740000003
10573,638.2582170000004
10574,553.444876000001
10575,438.33675999999986
10576,662.3481200000004
10577,777.2826000000001
10578,591.0731569999994
10579,333.52180699999974
10580,468.429134
10581,649.6360820000006
10582,395.7750200000001
10583,559.7862509999997
10584,722.9429000000007
10585,773.1101060000008
10586,304.17680000000036
10587,421.9564000000002
10588,433.8217010000003
10589,710.2339999999984
10590,387.9483249999997
10591,517.1743030000005
10592,383.8344070000003
10593,683.2451080000002
10594,330.82940300000047
10595,552.9924809999998
10596,346.70716000000044
10597,426.4275269999998
10598,356.2095470000001
10599,446.681225
10600,410.9650320000004
10601,662.7733189999992
10602,410.35835199999997
10603,516.4604079999991
10604,281.4785999999996
10605,622.7188409999986
10606,585.6606300000002
10607,524.4947339999995
10608,610.5203889999997
10609,641.4427639999992
10610,396.22480000000064
10611,642.0870999999987
10612,627.7066920000007
10613,525.5292280000001
10614,511.43646999999953
10615,511.27904699999965
10616,310.2373239999999
10617,769.7513999999996
10618,670.6931079999999
10619,278.70669999999967
10620,751.97986
10621,574.7398669999995
10622,501.66839900000036
10623,710.0985429999995
10624,668.7522550000009
10625,460.7650919999999
10626,560.821268
10627,626.8087009999999
10628,431.5738470000001
10629,348.6856689999999
10630,615.6400360000004
10631,580.2203839999993
10632,418.3816950000001
10633,385.2527829999997
10634,504.7101669999998
10635,541.1909860000004
10636,387.3421680000007
10637,312.0484729999999
10638,325.79761999999977
10639,344.152828
10640,599.9228399999994
10641,525.7640549999995
10642,624.2004999999994
10643,487.0735610000004
10644,525.2358250000007
10645,453.66536700000086
10646,731.2742900000007
10647,476.76941500000083
10648,725.9762999999999
10649,339.0530550000003
10650,338.6414539999995
10651,420.09713500000004
10652,725.9762999999999
10653,755.2099080000013
10654,481.50570300000055
10655,557.5535639999995
10656,516.7004650000001
10657,475.20093800000024
10658,571.7995609999995
10659,326.0549360000005
10660,519.5471539999998
10661,474.7914290000002
10662,468.6080000000001
10663,709.3109049999999
10664,619.5939159999994
10665,451.7344509999994
10666,557.317691000001
10667,323.0361799999997
10668,551.8455420000003
10669,649.7825219999994
10670,333.80318100000034
10671,314.44747399999943
10672,342.9886300000003
10673,460.2614430000007
10674,426.2308790000003
10675,447.0028700000007
10676,475.92947700000076
10677,510.7241439999996
10678,690.1084370000005
10679,505.82677200000006
10680,711.8019539999993
10681,332.7012199999998
10682,695.7578830000003
10683,550.8795609999993
10684,458.8143019999996
10685,643.4040139999996
10686,742.6129299999997
10687,466.98356200000075
10688,406.7805090000001
10689,347.4210549999992
10690,495.7977240000003
10691,508.6619550000003
10692,579.0880890000008
10693,458.0946539999993
10694,636.468511
10695,524.6955660000004
10696,642.6477559999998
10697,678.426185999999
10698,499.6543259999998
10699,368.81907700000016
10700,642.7936729999998
10701,567.3728889999996
10702,621.288436000001
10703,381.3130240000001
10704,539.7658110000004
10705,384.0388999999995
10706,566.4602540000003
10707,338.6414539999995
10708,705.5871450000012
10709,360.6189600000001
10710,575.5698680000002
10711,342.30402299999963
10712,384.2433930000001
10713,557.3673759999997
10714,406.05249300000025
10715,491.0447000000002
10716,344.68210400000004
10717,697.467570000001
10718,493.58281899999986
10719,581.5336370000008
10720,529.3602029999995
10721,562.0137079999995
10722,572.641591
10723,641.0337779999988
10724,462.5950690000004
10725,556.6221009999999
10726,490.0766270000004
10727,504.6803560000002
10728,425.3893720000002
10729,466.52593700000006
10730,455.13551999999925
10731,550.9548729999999
10732,396.22480000000064
10733,523.1966480000009
10734,347.36875500000036
10735,511.62998000000016
10736,516.3882340000005
10737,525.1856170000001
10738,492.36579800000015
10739,671.1449800000009
10740,463.8110440000004
10741,521.7913469999996
10742,565.3985639999997
10743,347.90326099999925
10744,469.1451210000007
10745,272.7978460000003
10746,453.09582
10747,492.90867200000014
10748,474.51267000000064
10749,673.0591600000008
10750,725.9762999999999
10751,332.6405519999998
10752,550.6149230000004
10753,597.6441289999993
10754,557.2831730000008
10755,330.17356099999944
10756,593.6374259999998
10757,455.89857699999976
10758,531.1404949999998
10759,506.60238100000026
10760,427.46045200000043
10761,591.0783869999999
10762,391.0125820000002
10763,436.02457699999997
10764,347.8917550000002
10765,473.3673000000004
10766,426.6205140000001
10767,563.6161799999993
10768,471.15657900000014
10769,571.0354580000002
10770,343.50639999999925
10771,577.9615469999994
10772,467.812517
10773,388.2417280000003
10774,396.22480000000064
10775,572.4370980000009
10776,543.6417639999996
10777,488.398843
10778,483.40837700000026
10779,449.15239999999926
10780,592.9538650000002
10781,668.2371000000006
10782,642.0870999999987
10783,709.253898
10784,613.4355910000002
10785,543.8828670000009
10786,553.543723
10787,415.04600100000033
10788,474.8505280000003
10789,485.09139099999976
10790,581.469831
10791,507.84712100000075
10792,718.5784650000014
10793,753.0635160000004
10794,768.1750779999998
10795,581.5875060000002
10796,534.8851750000006
10797,683.2890400000001
10798,392.6683999999995
10799,543.9022179999995
10800,512.8558920000008
10801,536.506475
10802,706.83973
10803,421.3288
10804,564.2646999999998
10805,434.04397600000055
10806,323.03617999999983
10807,340.6696480000005
10808,532.4035400000008
10809,417.060597
10810,442.62902100000036
10811,464.6593499999997
10812,478.6391400000006
10813,535.5708280000006
10814,441.0924469999999
10815,557.3093230000005
10816,567.706039999999
10817,476.84891100000044
10818,604.9718819999989
10819,537.300389
10820,425.4312120000001
10821,544.6297110000006
10822,440.9465300000003
10823,509.9506270000001
10824,684.4762500000011
10825,709.8574400000001
10826,455.3693009999998
10827,540.994861
10828,357.310462
10829,777.2826000000001
10830,447.4468969999998
10831,352.0312999999996
10832,396.22480000000064
10833,529.9281810000003
10834,738.8447150000006
10835,483.7237460000007
10836,335.46265999999997
10837,540.5560640000003
10838,743.1014119999994
10839,537.8657519999992
10840,535.1461519999996
10841,642.0870999999987
10842,738.8881239999993
10843,464.2252599999995
10844,668.4075979999999
10845,685.9160690000004
10846,587.7076520000002
10847,352.0312999999996
10848,461.78441899999905
10849,424.0672279999997
10850,532.4887890000003
10851,702.8126299999997
10852,405.2936199999999
10853,610.168932999999
10854,570.3032579999995
10855,542.2411699999997
10856,544.2306619999998
10857,548.6170629999995
10858,360.7131000000006
10859,558.3872260000003
10860,539.0958480000006
10861,309.7389049999998
10862,511.94534900000014
10863,425.9709480000003
10864,548.0396709999992
10865,565.6009650000009
10866,458.37341300000037
10867,467.11588100000046
10868,455.992717
10869,446.4160640000007
10870,474.66329400000063
10871,639.9637199999996
10872,465.82773200000076
10873,412.0805910000004
10874,451.95829499999957
10875,495.32493200000084
10876,710.2339999999984
10877,439.92720300000025
10878,510.954787
10879,436.86033100000043
10880,479.2693550000007
10881,479.47280200000046
10882,339.1445799999999
10883,396.22480000000064
10884,507.68655999999936
10885,354.6227650000003
10886,759.6051999999996
10887,456.6333919999997
10888,357.9966379999995
10889,725.9762999999999
10890,475.4096149999998
10891,501.49371699999983
10892,484.2519760000007
10893,390.4555870000001
10894,575.9877449999997
10895,454.3185940000005
10896,328.96386199999944
10897,513.6864159999991
10898,464.7179260000009
10899,388.2668320000006
10900,533.2874099999997
10901,629.2307139999998
10902,517.0723180000011
10903,748.0991999999985
10904,441.76345599999974
10905,612.8529690000009
10906,680.630631
10907,471.41964799999937
10908,442.33927900000066
10909,452.88452800000016
10910,387.0200000000001
10911,659.6421180000002
10912,324.76312600000006
10913,529.9637449999998
10914,298.7213869999995
10915,349.07530399999996
10916,591.6196920000007
10917,566.1056599999995
10918,707.8491200000007
10919,437.77453500000024
10920,552.979406
10921,687.4981440000005
10922,744.3963600000004
10923,474.20200800000015
10924,443.2132119999997
10925,768.1750779999998
10926,322.5759399999998
10927,565.5246069999998
10928,337.7638599999999
10929,567.1976839999995
10930,492.1790869999996
10931,560.131430999999
10932,430.42899999999986
10933,639.7691639999997
10934,477.64230200000014
10935,567.0470599999999
10936,528.4894079999996
10937,471.5090810000003
10938,609.530872999999
10939,683.7492800000003
10940,406.38668999999993
10941,463.2430660000002
10942,554.3475740000002
10943,396.22480000000064
10944,440.1567999999996
10945,448.68379199999936
10946,542.9011959999996
10947,697.536606
10948,429.56709599999994
10949,370.35878900000023
10950,533.5865660000006
10951,554.4736169999994
10952,551.8450189999994
10953,506.5030110000002
10954,448.0279499999997
10955,712.5733789999999
10956,504.724811
10957,286.0098719999997
10958,452.06237199999987
10959,620.5175340000004
10960,655.6924219999996
10961,549.0485380000005
10962,395.793325
10963,586.7401019999999
10964,664.6456590000007
10965,360.7047320000005
10966,509.8062790000004
10967,550.9846839999998
10968,778.5901000000009
10969,527.469558000001
10970,463.94702399999983
10971,310.5542619999999
10972,485.6860420000007
10973,466.27385100000066
10974,547.993123999999
10975,636.597692
10976,444.39153100000067
10977,709.8574400000001
10978,628.2919290000002
10979,472.57756999999947
10980,567.7426500000006
10981,518.8107700000006
10982,564.2646999999998
10983,600.5284740000001
10984,586.1470200000009
10985,428.55456800000013
10986,459.2060289999998
10987,364.08854199999996
10988,292.67079999999993
10989,389.6721330000003
10990,541.5262289999996
10991,666.3145520000003
10992,597.2707069999999
10993,467.09705300000024
10994,575.8015569999995
10995,577.474111
10996,511.39149200000037
10997,354.73573299999987
10998,581.6795540000002
10999,490.43958900000086
11000,438.0166840000001
11001,512.3715939999995
11002,371.0972650000001
11003,704.1002560000009
11004,418.4067989999998
11005,317.33129600000024
11006,521.6407229999995
11007,584.3091979999995
11008,725.9762999999999
11009,603.209371999999
11010,638.2189919999994
11011,524.0031139999995
11012,512.4291240000001
11013,537.1225689999995
11014,420.36648
11015,581.0085450000005
11016,306.69399899999985
11017,642.0870999999987
11018,281.4785999999996
11019,497.81650400000007
11020,360.7131000000006
11021,668.903924999999
11022,458.6443270000002
11023,534.3857100000006
11024,722.9429000000007
11025,299.50640999999973
11026,331.7807399999998
11027,354.37434000000025
11028,431.6972750000001
11029,643.7701140000007
11030,546.2787300000003
11031,435.3645509999999
11032,756.0048680000001
11033,502.731657999999
11034,575.0588969999999
11035,433.89648999999963
11036,614.7964369999999
11037,477.41479700000053
11038,565.204008000001
11039,666.3542999999994
11040,414.99265500000024
11041,559.6298739999994
11042,569.4413539999999
11043,525.8639480000003
11044,584.6826199999997
11045,321.31027999999964
11046,691.526812999999
11047,646.5849000000012
11048,461.1578649999998
11049,600.288417
11050,564.6627030000009
11051,604.1994109999999
11052,382.6482430000005
11053,473.838
11054,511.3250709999998
11055,499.9194869999998
11056,564.3483800000007
11057,589.7494440000006
11058,564.2646999999998
11059,582.8489819999999
11060,308.39897899999943
11061,715.150200000002
11062,646.5849000000012
11063,513.8234420000009
11064,642.3836409999997
11065,473.8855930000006
11066,679.6045050000009
11067,548.2765900000004
11068,580.9065599999999
11069,442.52180599999997
11070,354.04223499999966
11071,467.9176400000007
11072,713.8149810000002
11073,570.5406999999993
11074,395.8116300000004
11075,269.1880999999996
11076,493.333871
11077,666.9112950000007
11078,278.70669999999967
11079,318.07657099999943
11080,411.3123040000005
11081,637.4784239999991
11082,456.19041099999953
11083,424.4218220000002
11084,468.7502560000005
11085,436.61242899999996
11086,366.4870200000002
11087,526.1683340000003
11088,382.05150000000066
11089,532.0499920000003
11090,560.0712859999994
11091,480.12341400000037
11092,308.9674799999998
11093,594.5050829999998
11094,760.6276650000004
11095,327.52613499999967
11096,578.8699979999997
11097,582.2370720000006
11098,455.0586390000006
11099,559.6889729999999
11100,461.7781430000002
11101,489.4328140000003
11102,771.6943450000009
11103,710.7627529999997
11104,575.9710089999996
11105,724.9496509999993
11106,742.8822750000006
11107,612.8153130000006
11108,778.5901000000009
11109,460.30746699999924
11110,587.9398640000004
11111,643.4108129999995
11112,667.5796889999999
11113,419.57675
11114,349.08837899999986
11115,556.2277589999994
11116,441.1572989999999
11117,531.6483279999998
11118,645.3276079999999
11119,465.97469499999977
11120,485.66721400000046
11121,415.13438800000023
11122,610.5821029999989
11123,619.8120070000006
11124,549.2221739999993
11125,602.602691999999
11126,653.154303
11127,558.9651409999992
11128,411.31125799999995
11129,563.0016549999993
11130,459.7530870000002
11131,725.9762999999999
11132,460.72482099999996
11133,514.409202
11134,332.651012
11135,541.3201670000003
11136,725.9762999999999
11137,697.088394999999
11138,582.6544259999996
11139,603.2360449999998
11140,536.9740369999997
11141,482.2211669999997
11142,546.1448420000007
11143,452.66172999999975
11144,699.1500609999999
11145,483.80271900000093
11146,588.9947549999996
11147,578.596992
11148,474.57229199999995
11149,700.0009819999984
11150,715.150200000002
11151,620.9746359999991
11152,370.51778100000064
11153,708.650356
11154,725.9762999999999
11155,373.48737500000016
11156,370.0564950000002
11157,398.6211859999998
11158,471.049887
11159,318.07657099999943
11160,664.9238950000009
11161,432.11933600000003
11162,382.05150000000066
11163,689.3663000000009
11164,650.3740350000002
11165,546.5757939999993
11166,360.46258299999977
11167,439.3325519999998
11168,383.0901779999999
11169,312.5594440000004
11170,422.3188390000001
11171,521.9424940000007
11172,553.0463499999995
11173,387.3944680000001
11174,599.9552659999994
11175,369.4723040000001
11176,396.22480000000064
11177,376.850788
11178,404.3835999999999
11179,516.4326890000006
11180,383.45837000000023
11181,276.09483799999964
11182,425.37734300000034
11183,470.94110300000057
11184,478.155365
11185,642.0870999999987
11186,507.42087600000093
11187,446.2759000000003
11188,322.5759399999998
11189,426.4589069999997
11190,613.8817100000006
11191,318.6910960000001
11192,642.2037290000004
11193,434.5999250000005
11194,473.426922
11195,461.6275189999995
11196,663.4819839999998
11197,563.2981959999997
11198,499.1951319999996
11199,584.9974660000003
11200,529.3225469999994
11201,711.0645239999999
11202,572.9240110000001
11203,435.54446300000035
11204,569.2206480000011
11205,575.0123499999995
11206,455.14336500000076
11207,404.1409280000004
11208,370.23169999999953
11209,598.2900340000003
11210,452.1334999999999
11211,642.2633509999998
11212,290.1431409999994
11213,589.4471500000001
11214,603.6816410000004
11215,474.2658140000001
11216,487.1195850000007
11217,336.8433799999999
11218,456.08581100000004
11219,505.81369700000073
11220,346.92995799999994
11221,529.6666810000003
11222,323.9566599999998
11223,687.7240800000009
11224,675.8697620000004
11225,567.1495680000008
11226,481.0899180000007
11227,739.248994000001
11228,479.1825369999996
11229,401.0322160000002
11230,671.6386919999995
11231,467.52852799999994
11232,564.2646999999998
11233,328.4450460000005
11234,404.3835999999999
11235,583.0560900000002
11236,468.1404379999997
11237,433.95297399999976
11238,612.9026539999999
11239,457.1726049999995
11240,518.848949
11241,664.4756840000003
11242,575.0437299999995
11243,604.455158
11244,385.7647999999995
11245,352.0312999999996
11246,373.534968
11247,620.8600990000004
11248,667.396638999999
11249,369.4519070000001
11250,444.78535000000045
11251,481.56950900000004
11252,443.45170000000013
11253,569.5360169999997
11254,427.4295950000002
11255,722.6814000000012
11256,563.2134700000003
11257,315.6571729999995
11258,456.325345
11259,576.5070840000006
11260,595.2221160000012
11261,556.6257620000001
11262,307.38802000000015
11263,436.75311600000003
11264,520.0345900000002
11265,330.8037760000005
11266,676.7567700000004
11267,523.145916999999
11268,715.8928599999999
11269,641.5536399999999
11270,581.7946140000008
11271,557.4688380000003
11272,647.1853039999996
11273,557.7601489999994
11274,568.4466080000008
11275,477.7913570000003
11276,299.9310859999995
11277,459.7509949999999
11278,627.0461430000006
11279,656.4533869999995
11280,572.0009159999995
11281,607.007921
11282,694.344214
11283,722.9429000000007
11284,404.38360000000046
11285,646.4290459999996
11286,588.99214
11287,575.5766669999995
11288,550.8936820000001
11289,711.6680660000001
11290,473.97450300000014
11291,342.3955480000001
11292,481.7007820000009
11293,322.8855560000002
11294,476.6140840000003
11295,564.7892689999999
11296,356.56727899999976
11297,565.9843239999996
11298,382.05150000000066
11299,476.30969800000065
11300,504.64426900000007
11301,521.3671939999995
11302,690.7114560000005
11303,342.552971
11304,458.5350200000004
11305,438.3367599999999
11306,476.36409000000015
11307,532.7471510000005
11308,522.0052540000005
11309,432.9801940000005
11310,460.1835160000003
11311,758.9462199999999
11312,544.9304360000007
11313,455.77985600000085
11314,530.9260649999994
11315,479.2771999999999
11316,689.3663000000009
11317,677.9805900000008
11318,466.05576
11319,306.8760029999999
11320,460.11343400000027
11321,757.1680200000013
11322,715.1502000000021
11323,447.18905799999925
11324,573.7262929999998
11325,495.621473000001
11326,381.08081199999987
11327,556.7790009999999
11328,347.622933
11329,457.73483000000016
11330,427.33807000000013
11331,683.8711390000007
11332,449.4515560000007
11333,467.5175450000008
11334,646.9044530000004
11335,434.06751099999985
11336,313.07616800000005
11337,633.9324840000003
11338,742.966478
11339,541.4770669999997
11340,747.5626019999997
11341,386.6000310000004
11342,446.7152200000007
11343,630.2516099999995
11344,482.43664300000086
11345,620.2764310000006
11346,593.3021830000007
11347,291.46319299999954
11348,419.64526300000006
11349,399.32252900000015
11350,734.8071550000006
11351,612.8268189999993
11352,759.5026919999998
11353,527.6248890000007
11354,489.1116920000001
11355,505.11653799999976
11356,340.5755080000006
11357,353.1594109999996
11358,568.9821599999996
11359,360.5347570000004
11360,352.0312999999996
11361,725.9658400000008
11362,513.853253
11363,329.5600819999995
11364,468.7701300000006
11365,484.86807000000016
11366,562.866198
11367,434.7699000000002
11368,336.38313999999997
11369,577.0567569999998
11370,496.11257000000006
11371,356.9851560000001
11372,536.6806339999998
11373,471.53261599999945
11374,502.888035
11375,566.4356729999995
11376,600.6660229999998
11377,739.5063100000011
11378,483.2676900000003
11379,561.4206260000001
11380,456.344173
11381,558.4520779999999
11382,716.3766349999996
11383,562.5184030000005
11384,477.81332299999957
11385,607.5560250000003
11386,576.5332339999995
11387,520.6496380000007
11388,484.1264559999999
11389,599.2816419999992
11390,433.50057899999985
11391,547.8090279999998
11392,555.3402279999996
11393,482.30013999999983
11394,305.9795809999995
11395,662.5599350000005
11396,713.7804629999998
11397,395.2467899999996
11398,514.1220750000007
11399,447.4385289999993
11400,527.2436219999995
11401,381.88989300000014
11402,564.2646999999998
11403,604.6936459999998
11404,710.2339999999983
11405,538.6031820000003
11406,497.9958930000007
11407,343.50639999999925
11408,351.7174999999995
11409,684.0719709999992
11410,613.3262839999992
11411,618.6650679999993
11412,415.3985030000002
11413,623.5786529999995
11414,748.9386150000005
11415,310.21640399999995
11416,552.2587119999996
11417,603.191589999999
11418,545.5627430000001
11419,430.02524400000067
11420,510.9516490000007
11421,452.609953
11422,546.2049869999992
11423,572.2770599999997
11424,473.5425050000007
11425,657.9523049999998
11426,479.72070400000064
11427,725.9762999999999
11428,506.60499599999986
11429,725.9762999999999
11430,305.92466600000034
11431,477.92053800000036
11432,396.22480000000064
11433,429.61782700000003
11434,696.8833789999993
11435,417.8822300000003
11436,352.7023090000005
11437,396.22480000000064
11438,574.6127780000003
11439,650.2239340000006
11440,741.8728850000007
11441,670.5555589999998
11442,672.580615000001
11443,546.8723349999993
11444,445.6221500000002
11445,454.3039500000001
11446,370.47855600000054
11447,499.4514020000001
11448,468.0975520000008
11449,666.3600529999993
11450,441.32779699999986
11451,777.2826000000001
11452,463.0584470000004
11453,350.55068699999987
11454,368.55077800000026
11455,634.3890629999997
11456,481.963851
11457,455.14336500000087
11458,508.38633400000055
11459,465.49144300000023
11460,566.6783449999994
11461,522.5915369999998
11462,431.2401730000004
11463,642.0870999999987
11464,424.45215599999983
11465,420.82305900000006
11466,417.38328799999977
11467,562.4169410000004
11468,551.1421070000001
11469,519.6643059999996
11470,481.79910600000073
11471,361.72249000000005
11472,570.3027349999996
11473,351.7174999999995
11474,358.88312300000035
11475,411.6532999999997
11476,525.204968
11477,596.4553500000005
11478,527.0710320000002
11479,569.9319280000003
11480,560.5126979999998
11481,692.6538779999995
11482,559.3919089999995
11483,494.565536
11484,623.7820999999997
11485,549.7995659999992
11486,586.2364530000004
11487,579.9918330000004
11488,313.2377749999995
11489,453.3604580000008
11490,635.8006399999997
11491,342.2559070000003
11492,682.105490999999
11493,446.52537100000046
11494,688.5692480000005
11495,323.0361799999997
11496,449.15239999999926
11497,613.5150870000006
11498,308.30902300000037
11499,437.1626249999997
11500,713.5288999999995
11501,668.7522550000009
11502,361.31664199999994
11503,605.1669610000004
11504,512.9458479999995
11505,348.26360799999946
11506,391.7735469999996
11507,588.2698769999995
11508,777.2826000000001
11509,587.0633160000009
11510,347.2845519999997
11511,551.291162
11512,574.4731369999997
11513,545.7635749999997
11514,638.7064280000004
11515,542.7322670000001
11516,477.6632220000007
11517,445.53533200000027
11518,484.10815100000036
11519,593.2906769999993
11520,396.22480000000064
11521,564.0037229999999
11522,481.28761200000065
11523,627.9017709999998
11524,559.7862510000007
11525,377.5401019999998
11526,374.6918440000003
11527,494.76898299999976
11528,305.9795809999994
11529,702.4716339999997
11530,673.1852029999994
11531,478.87187499999976
11532,579.6089969999992
11533,360.7131000000006
11534,324.4336360000002
11535,624.2004999999994
11536,442.5008859999998
11537,611.837826000001
11538,595.1431430000006
11539,673.0591600000008
11540,574.1656129999997
11541,561.437884999999
11542,362.2899450000001
11543,529.860714
11544,485.44441600000056
11545,352.0312999999996
11546,679.6045050000008
11547,475.4509320000003
11548,680.9402469999998
11549,644.6508460000003
11550,366.69203600000014
11551,705.5207240000004
11552,561.4054589999998
11553,700.7154000000013
11554,523.2698680000001
11555,725.9762999999999
11556,575.2414240000004
11557,565.8995980000003
11558,636.3623420000005
11559,373.75776599999995
11560,512.631525
11561,606.1308499999994
11562,732.2836800000008
11563,492.3809649999998
11564,308.8325460000004
11565,290.25349399999953
11566,568.9764069999998
11567,580.1544859999998
11568,574.976263000001
11569,400.3303500000002
11570,722.6814000000012
11571,599.670230999999
11572,504.8947860000009
11573,408.7244999999997
11574,460.6903030000001
11575,526.9496959999997
11576,681.7231780000001
11577,563.7605279999998
11578,580.4735160000012
11579,594.9454490000002
11580,386.905986
11581,446.3386600000009
11582,718.9158000000011
11583,308.39897899999943
11584,457.83419999999984
11585,544.9027169999999
11586,470.5430999999999
11587,586.0612479999999
11588,454.3039500000001
11589,307.77085599999964
11590,660.0385520000011
11591,546.4246470000007
11592,522.8101510000001
11593,371.7243420000003
11594,734.3024600000007
11595,380.4181709999999
11596,542.6376039999994
11597,422.62531700000005
11598,569.2399989999997
11599,629.4540349999996
11600,518.7511480000003
11601,436.46755800000057
11602,641.8789460000005
11603,521.895424
11604,657.0218879999987
11605,486.71530599999977
11606,342.27055099999944
11607,388.9765430000001
11608,659.5997550000004
11609,668.914907999999
11610,662.1096320000001
11611,422.3272070000008
11612,576.3114820000009
11613,567.5470479999999
11614,570.9407949999996
11615,422.7931999999999
11616,535.3166499999998
11617,533.791582
11618,537.0148310000005
11619,573.5939739999995
11620,396.22480000000064
11621,432.44411899999983
11622,546.6516289999995
11623,722.6814000000012
11624,641.9668099999998
11625,550.404677
11626,479.21967000000006
11627,668.0535269999996
11628,583.0220949999994
11629,546.1751759999999
11630,411.3902310000002
11631,453.02783000000005
11632,551.2958689999998
11633,328.1955749999995
11634,667.2554290000011
11635,565.3190679999996
11636,620.1859520000002
11637,304.3807699999997
11638,656.9967839999999
11639,689.8767479999991
11640,475.05502100000035
11641,544.5104669999998
11642,560.1601960000002
11643,722.6814000000012
11644,424.2267430000001
11645,715.5910889999999
11646,462.7985159999999
11647,506.21745300000043
11648,531.2994869999998
11649,484.4386870000004
11650,415.5820760000001
11651,476.08637699999997
11652,454.84316300000086
11653,448.17072899999926
11654,692.6512630000004
11655,726.2273400000008
11656,545.9476709999994
11657,368.6862349999998
11658,766.8435199999999
11659,447.5881069999998
11660,561.5466690000005
11661,717.1083120000008
11662,473.80243600000017
11663,525.087293000001
11664,639.6802540000009
11665,553.7503080000005
11666,479.65009900000007
11667,677.8582080000003
11668,747.9020290000012
11669,616.1797720000008
11670,583.6214530000005
11671,457.14959299999987
11672,438.06166200000035
11673,326.1250179999995
11674,438.7499300000007
11675,395.0966889999996
11676,363.7276719999999
11677,491.668639
11678,411.8489020000002
11679,518.2851550000007
11680,642.0870999999987
11681,455.08217399999955
11682,359.17129600000027
11683,338.1665699999997
11684,648.3379959999997
11685,602.8767440000004
11686,714.6695630000004
11687,531.3810750000007
11688,740.6746919999991
11689,414.0167370000001
11690,462.7530150000008
11691,461.6275189999995
11692,688.3956119999992
11693,495.0665700000006
11694,494.0801920000002
11695,722.9429000000007
11696,662.158794
11697,456.2432340000009
11698,452.9247989999999
11699,382.67909999999995
11700,457.3786669999998
11701,395.2122719999998
11702,462.6656739999996
11703,574.8779389999992
11704,445.78428000000054
11705,711.668066
11706,312.43863099999993
11707,471.1670389999999
11708,449.0049140000007
11709,404.2727240000001
11710,666.7465499999989
11711,455.4597800000008
11712,541.3165059999995
11713,569.8759670000003
11714,408.7244999999997
11715,715.150200000002
11716,440.1567999999996
11717,665.8809850000009
11718,551.8565249999995
11719,311.47160399999984
11720,751.0844840000012
11721,321.97553599999975
11722,619.234092000001
11723,556.1932409999997
11724,442.37745799999954
11725,384.0388999999995
11726,555.3611480000002
11727,614.2132919999995
11728,313.21424000000036
11729,360.7131000000006
11730,439.99153200000006
11731,506.3821979999997
11732,499.5920889999996
11733,554.7089669999998
11734,578.2539040000004
11735,684.5871259999999
11736,495.9159220000001
11737,452.0111179999998
11738,544.7248969999991
11739,644.260688
11740,533.4798739999993
11741,586.9163530000003
11742,407.7621799999998
11743,405.97142800000006
11744,517.5330809999999
11745,293.18334000000027
11746,531.8015670000001
11747,382.66916299999997
11748,373.69500600000026
11749,764.7279849999998
11750,367.089516
11751,384.85268799999983
11752,388.15072600000065
11753,586.3828929999999
11754,688.5692480000005
11755,698.3111689999998
11756,278.70669999999967
11757,478.56278200000065
11758,488.80730599999947
11759,316.86687199999943
11760,581.3526789999996
11761,444.4380780000002
11762,361.44320799999974
11763,542.8426199999992
11764,390.465524
11765,338.85797599999984
11766,470.400844
11767,689.3663000000009
11768,460.5569379999992
11769,384.8495500000001
11770,352.8529329999999
11771,503.3487979999998
11772,674.0162499999992
11773,545.0988420000003
11774,526.2316169999996
11775,586.0052869999996
11776,707.3303039999996
11777,611.9539319999992
11778,676.2682879999988
11779,722.6814000000012
11780,475.168512
11781,566.2322259999997
11782,396.22480000000064
11783,593.5511309999998
11784,458.6506030000002
11785,575.7314750000004
11786,515.9619890000006
11787,522.4477120000006
11788,417.4062999999998
11789,597.6347150000005
11790,416.43247400000064
11791,372.69607600000023
11792,636.1358829999997
11793,352.0312999999996
11794,551.2257869999999
11795,628.841079
11796,351.7174999999995
11797,448.7214480000003
11798,677.8221209999999
11799,615.8026889999999
11800,491.6299370000004
11801,429.77838799999955
11802,356.5536809999999
11803,487.34813599999995
11804,634.3315330000006
11805,287.78911799999946
11806,553.6237420000001
11807,553.896225
11808,373.68349999999947
11809,393.53135
11810,414.061192
11811,613.006208
11812,465.7728169999994
11813,449.1607679999998
11814,624.2004999999994
11815,492.9285459999995
11816,561.4797249999999
11817,646.5969289999996
11818,470.52113399999996
11819,431.963482
11820,462.0202920000001
11821,504.65054500000025
11822,578.8443710000007
11823,484.26243600000083
11824,436.4042750000001
11825,563.0795819999994
11826,436.94034999999997
11827,490.0645980000003
11828,532.360654
11829,502.68929499999996
11830,468.12161
11831,539.2088160000001
11832,302.5167979999997
11833,475.50846200000086
11834,391.79498999999964
11835,473.84532200000024
11836,525.8555799999995
11837,412.0418889999999
11838,469.9494950000003
11839,565.0680279999993
11840,386.58538700000025
11841,382.4678079999997
11842,454.78249500000004
11843,607.7348909999996
11844,322.7835709999995
11845,365.31550000000016
11846,382.05150000000066
11847,449.40187099999923
11848,381.4014110000002
11849,718.3070280000003
11850,465.6828610000002
11851,351.02295600000014
11852,587.7756420000006
11853,551.4161590000007
11854,461.6463470000007
11855,456.06332199999974
11856,459.82944499999985
11857,525.8592410000005
11858,382.05150000000066
11859,650.2103359999994
11860,525.4319500000008
11861,583.2553530000004
11862,461.95857800000056
11863,360.7131000000006
11864,766.1782639999998
11865,453.66536699999983
11866,530.2121700000002
11867,683.9705090000006
11868,613.259863000001
11869,483.44289500000093
11870,583.4954099999997
11871,533.5170070000004
11872,673.059160000001
11873,446.1969270000004
11874,394.06690200000014
11875,423.91764999999964
11876,549.6280219999995
11877,603.8040229999999
11878,722.6814000000012
11879,343.82856799999973
11880,404.616858
11881,551.808409
11882,367.1224649999999
11883,332.313154
11884,414.6788550000001
11885,507.6797610000008
11886,640.9595119999999
11887,579.4698790000001
11888,445.57821800000073
11889,566.5690380000009
11890,357.6441359999993
11891,466.145193
11892,568.2311319999994
11893,686.8245199999993
11894,354.67872600000015
11895,349.65478800000017
11896,441.2216280000006
11897,522.7908000000008
11898,616.1473459999997
11899,734.740734000001
11900,351.2928240000001
11901,616.9637489999997
11902,722.6814000000012
11903,597.4725850000001
11904,493.86314699999997
11905,400.05159100000077
11906,687.4400910000005
11907,609.9712389999999
11908,315.2068699999999
11909,722.9429000000007
11910,630.1742060000004
11911,397.3957969999995
11912,386.75640800000014
11913,498.4247530000006
11914,527.930844
11915,597.7659879999999
11916,449.40187099999923
11917,521.5659340000008
11918,521.9158209999998
11919,715.150200000002
11920,447.4772310000001
11921,425.9081879999997
11922,746.4397209999992
11923,380.24453500000016
11924,329.47953999999976
11925,485.74043399999954
11926,605.791945999999
11927,410.62874300000016
11928,546.3655479999999
11929,309.0893389999996
11930,367.31283699999994
11931,560.5707509999999
11932,550.7958809999997
11933,748.0991999999985
11934,552.7477169999995
11935,511.4474529999997
11936,487.07826799999964
11937,350.00310599999995
11938,452.8086930000001
11939,403.42964799999993
11940,578.759122
11941,304.6621439999997
11942,361.4390239999999
11943,522.1663380000005
11944,516.7752540000005
11945,596.7440459999996
11946,540.2961330000003
11947,473.0200280000001
11948,551.1996370000011
11949,656.8696950000003
11950,553.6708120000004
11951,356.7393460000003
11952,351.7174999999995
11953,541.5936960000004
11954,350.9853000000002
11955,629.8049680000003
11956,419.68448800000004
11957,413.7249029999998
11958,346.73226400000055
11959,476.53406499999966
11960,570.2708319999996
11961,738.6810160000009
11962,608.7897819999989
11963,615.5040559999999
11964,660.7806890000012
11965,332.83929200000034
11966,756.3144840000001
11967,533.4411720000005
11968,359.57714400000043
11969,463.5087500000006
11970,574.0322479999999
11971,360.7131000000006
11972,401.4621219999998
11973,378.90460900000033
11974,385.20832800000017
11975,396.22480000000064
11976,565.1014999999999
11977,624.2004999999994
11978,586.6355019999999
11979,658.9847069999992
11980,522.5052420000004
11981,366.0262570000005
11982,511.565651
11983,314.8559369999999
11984,357.51024799999993
11985,454.6820789999998
11986,655.352995000001
11987,479.5747870000006
11988,520.2626179999995
11989,763.1249899999989
11990,445.6221500000002
11991,532.1226890000002
11992,410.8949499999998
11993,420.1682630000007
11994,777.2826000000001
11995,315.13835700000044
11996,449.15239999999926
11997,402.2131499999998
11998,556.2141610000006
11999,467.5515399999997
12000,283.15690699999965
12001,568.1171179999997
12002,640.9867079999997
12003,502.27821699999987
12004,725.9762999999999
12005,571.4909910000002
12006,684.0819080000007
12007,607.9901150000001
12008,688.5692480000005
12009,652.4440689999997
12010,622.4374669999991
12011,307.1892799999994
12012,554.9124139999999
12013,492.6586780000005
12014,574.28538
12015,425.0028750000002
12016,579.7632820000007
12017,531.8925689999992
12018,281.4785999999995
12019,769.6990999999991
12020,298.8788099999997
12021,528.2540580000002
12022,568.6939870000004
12023,754.9348100000013
12024,556.8459449999997
12025,336.4966310000003
12026,587.2923899999996
12027,533.6629239999999
12028,466.9485210000001
12029,650.9665939999994
12030,477.2181490000002
12031,480.53867600000063
12032,338.7852789999998
12033,449.15239999999926
12034,616.3837420000003
12035,591.2399940000005
12036,599.3208669999999
12037,556.8705259999998
12038,523.8075120000009
12039,460.7180220000005
12040,689.3663000000009
12041,634.4492079999995
12042,620.8517310000002
12043,571.7535369999998
12044,773.1101060000008
12045,314.25867100000005
12046,334.08194
12047,460.8153000000002
12048,519.8991330000005
12049,308.8325460000004
12050,432.119336
12051,396.22480000000064
12052,443.08873800000015
12053,462.2007270000003
12054,715.5910889999998
12055,600.4950019999998
12056,651.7228519999994
12057,671.6449679999994
12058,370.1856759999997
12059,363.7276719999999
12060,433.71762400000057
12061,530.9982389999996
12062,518.8578400000007
12063,500.8582720000008
12064,484.3931860000001
12065,526.6583849999996
12066,449.350094
12067,539.216661000001
12068,479.6082590000008
12069,545.8854340000007
12070,521.1679310000005
12071,568.5281959999996
12072,392.4827350000007
12073,595.526502
12074,468.76280800000006
12075,556.9594360000002
12076,768.0537419999997
12077,569.0836219999997
12078,434.20401399999975
12079,424.0070830000004
12080,615.2545850000005
12081,345.6350100000003
12082,590.6746309999995
12083,465.48150599999923
12084,638.110208
12085,497.9090750000003
12086,532.2450709999995
12087,419.57674999999995
12088,567.1401539999995
12089,435.6657989999998
12090,684.0907989999998
12091,327.75416299999944
12092,475.8876370000006
12093,407.32286000000005
12094,553.5112970000005
12095,657.5040940000006
12096,457.38441999999986
12097,382.05150000000066
12098,541.5534249999998
12099,490.1200360000005
12100,715.150200000002
12101,448.3783600000006
12102,573.190741
12103,612.2808069999995
12104,616.8005729999999
12105,637.2111709999994
12106,343.28674
12107,603.8291269999997
12108,416.48059000000023
12109,777.2826000000001
12110,576.3130509999997
12111,460.37754900000044
12112,525.7598709999995
12113,715.5910889999994
12114,661.6907090000001
12115,647.2276670000002
12116,377.98569800000064
12117,430.3474120000002
12118,479.20764100000054
12119,621.9845490000004
12120,278.70669999999967
12121,324.0005920000004
12122,559.7967109999996
12123,386.0576800000002
12124,424.87107900000024
12125,653.3431060000006
12126,568.0245470000004
12127,621.314585999999
12128,722.9429000000007
12129,596.4558730000001
12130,462.1332600000007
12131,550.5835430000004
12132,590.5831059999996
12133,696.4613179999992
12134,641.3329340000006
12135,737.5612729999993
12136,586.806
12137,464.0223360000005
12138,447.2695999999996
12139,517.1408310000005
12140,541.0633739999998
12141,501.203975
12142,556.191149
12143,466.4469640000004
12144,472.4965050000007
12145,568.8749449999997
12146,604.1345589999994
12147,616.250376999999
12148,278.70669999999967
12149,491.0243030000007
12150,556.8417609999997
12151,642.0870999999987
12152,611.8430560000005
12153,588.165277
12154,650.573298
12155,743.4214879999993
12156,339.85115299999956
12157,421.2597640000001
12158,491.32607400000046
12159,426.61476100000027
12160,543.4665590000001
12161,633.1118970000003
12162,408.38664200000005
12163,351.1835170000002
12164,360.2366470000006
12165,664.2931570000007
12166,516.2946170000002
12167,448.44948799999975
12168,546.7870860000004
12169,412.50265199999996
12170,496.0231369999998
12171,564.9848710000002
12172,283.9356540000003
12173,356.7278400000003
12174,391.81591000000014
12175,514.6539659999994
12176,567.5036389999998
12177,705.330875
12178,534.23404
12179,396.3775160000002
12180,725.9762999999999
12181,430.8620440000005
12182,716.7981729999999
12183,605.0058769999997
12184,312.322002
12185,607.0277949999999
12186,558.6168230000002
12187,464.3743149999999
12188,343.50639999999925
12189,534.0740020000004
12190,715.150200000002
12191,442.8136400000001
12192,552.4522219999993
12193,557.9573199999994
12194,370.4001059999996
12195,455.37610000000086
12196,490.67598500000037
12197,523.4440269999996
12198,514.8323090000004
12199,440.5500960000001
12200,760.647015999999
12201,436.9403499999999
12202,598.8977600000005
12203,552.1373760000002
12204,682.6781760000002
12205,423.66347200000024
12206,588.0936259999997
12207,415.2358499999999
12208,341.6544569999998
12209,579.8966470000001
12210,627.6920479999998
12211,370.23222300000003
12212,485.5202509999999
12213,519.4885780000009
12214,677.5297640000006
12215,647.0184670000004
12216,416.9366460000001
12217,502.5083370000003
12218,535.5509540000008
12219,669.7025459999993
12220,481.8587279999999
12221,537.0258140000004
12222,448.02794999999986
12223,497.5565730000003
12224,574.2545229999993
12225,485.8926270000008
12226,476.3133590000001
12227,482.9565050000008
12228,520.4331160000011
12229,392.9215320000006
12230,354.1091789999998
12231,739.469700000001
12232,641.13524
12233,476.10886600000003
12234,430.61100400000026
12235,325.7871600000005
12236,416.6092480000003
12237,434.08999999999986
12238,627.8609769999999
12239,606.241726
12240,460.67513599999984
12241,447.75860499999976
12242,378.86119999999954
12243,417.382765
12244,514.8610740000006
12245,428.89190299999973
12246,281.4785999999996
12247,472.4598949999996
12248,578.4327699999994
12249,587.6422769999996
12250,393.53135
12251,576.1425530000004
12252,513.3658170000007
12253,585.2981910000003
12254,441.44547199999994
12255,452.1334999999999
12256,611.0941199999996
12257,579.3234389999997
12258,547.4758770000009
12259,281.4785999999996
12260,635.2384149999997
12261,578.1111249999998
12262,486.0704469999995
12263,561.0555719999996
12264,345.20091999999977
12265,497.4148399999994
12266,447.21311600000035
12267,674.498455999999
12268,589.2871119999993
12269,479.42782400000016
12270,327.75416299999944
12271,322.4295000000004
12272,474.8086880000009
12273,483.6557559999998
12274,344.7830430000002
12275,269.1880999999996
12276,643.6874799999994
12277,295.53056400000037
12278,528.9637690000004
12279,410.2401540000002
12280,293.8825909999995
12281,492.5253129999998
12282,562.5780250000001
12283,328.7457709999997
12284,571.1672540000004
12285,411.04714299999995
12286,440.7127489999996
12287,386.3563129999998
12288,470.6544990000002
12289,521.8044219999999
12290,520.6925239999997
12291,344.47028900000055
12292,466.3151679999999
12293,657.2671750000009
12294,393.78343600000005
12295,478.9090080000006
12296,364.05193200000025
12297,777.2826000000001
12298,562.1774070000009
12299,341.90602000000007
12300,503.93403500000096
12301,584.8091859999993
12302,595.9998170000007
12303,440.3089929999996
12304,611.7933709999999
12305,523.4529180000009
12306,759.3123199999992
12307,360.7131000000006
12308,349.4335590000004
12309,512.3423060000006
12310,524.7546649999999
12311,413.019376
12312,453.4415229999997
12313,696.4937439999993
12314,433.5764139999995
12315,752.6032760000012
12316,574.4569239999996
12317,397.42979199999974
12318,684.3930929999999
12319,524.2504929999996
12320,426.8752150000002
12321,486.10130399999986
12322,514.6717479999996
12323,472.18009000000006
12324,405.0410110000003
12325,310.50091600000036
12326,579.5666339999997
12327,578.4787939999998
12328,454.848915999999
12329,585.0926520000005
12330,562.4472749999992
12331,467.07561000000015
12332,418.71432300000015
12333,529.2676320000006
12334,576.23094
12335,402.21315000000004
12336,675.2583749999997
12337,447.5975210000004
12338,710.2339999999984
12339,396.22480000000064
12340,771.7696570000008
12341,607.6831140000005
12342,778.501190000001
12343,464.7785939999999
12344,526.9308679999996
12345,577.122132000001
12346,473.6920830000006
12347,466.8617029999997
12348,557.967256999999
12349,418.3963390000005
12350,512.7831950000007
12351,728.2461200000008
12352,570.5406999999993
12353,376.16775
12354,482.71435600000063
12355,534.3438699999999
12356,582.3824660000006
12357,326.4231279999997
12358,563.7019519999998
12359,382.05150000000066
12360,644.4688420000006
12361,343.4802499999995
12362,540.8630650000007
12363,415.9670039999994
12364,547.4873829999997
12365,453.77676600000086
12366,338.87680400000005
12367,612.3294460000002
12368,611.7808190000001
12369,571.2242609999994
12370,553.2994820000008
12371,390.02515800000015
12372,538.8233649999993
12373,451.966663
12374,562.4153719999997
12375,327.2808479999997
12376,334.08193999999986
12377,655.931433
12378,332.8837469999997
12379,575.6540709999999
12380,512.8370640000003
12381,353.2980060000003
12382,576.9610479999997
12383,505.5501049999995
12384,565.6888290000003
12385,507.1091680000002
12386,328.2656569999997
12387,533.4856270000006
12388,449.15239999999926
12389,527.1003200000005
12390,347.84416199999924
12391,648.1748200000008
12392,541.6538409999996
12393,421.0285980000003
12394,347.4289000000001
12395,620.4741250000005
12396,581.5566490000008
12397,428.0221540000009
12398,396.22480000000064
12399,452.9122470000002
12400,461.99414200000007
12401,538.1774599999999
12402,547.0224360000005
12403,430.8766879999998
12404,428.6089599999998
12405,409.888698
12406,412.3771320000001
12407,310.81837699999943
12408,513.2518030000003
12409,458.20396099999994
12410,374.71014900000046
12411,474.7511580000006
12412,525.1103049999997
12413,739.8541050000007
12414,531.9767719999988
12415,740.8634950000007
12416,408.72449999999975
12417,429.11627000000016
12418,512.6310020000003
12419,510.26756500000033
12420,645.0190379999995
12421,569.9538939999999
12422,534.8867439999993
12423,474.8766779999997
12424,464.07515899999976
12425,498.02674999999965
12426,559.6596850000005
12427,614.8346160000006
12428,704.6436529999993
12429,520.6982770000006
12430,594.9041319999995
12431,611.2640950000007
12432,353.0898519999997
12433,279.79244799999964
12434,573.1624990000007
12435,476.00792700000056
12436,486.19858200000033
12437,564.2646999999998
12438,483.04750699999977
12439,477.4670969999998
12440,538.8233649999995
12441,328.0569800000004
12442,675.4806500000003
12443,361.19269100000065
12444,549.6813679999997
12445,431.6894300000002
12446,382.05150000000066
12447,519.8651380000006
12448,567.289732
12449,373.041779
12450,527.5929860000006
12451,516.3898030000008
12452,568.2013209999994
12453,587.1135240000011
12454,619.7110680000003
12455,567.2766569999994
12456,472.39870399999955
12457,298.4149090000003
12458,344.8139000000002
12459,545.5637890000004
12460,308.1882099999999
12461,297.06923000000023
12462,600.6179069999998
12463,585.2866850000005
12464,457.44456500000086
12465,445.1901519999998
12466,451.33592500000043
12467,612.2300760000005
12468,699.0914850000013
12469,642.0870999999987
12470,642.0870999999987
12471,566.788698
12472,425.0902160000005
12473,449.15239999999926
12474,532.1613909999992
12475,465.2309890000002
12476,470.98398900000035
12477,777.2826000000001
12478,563.4979819999998
12479,611.8911720000002
12480,307.7708559999997
12481,777.2826000000001
12482,544.8807509999997
12483,715.1502000000021
12484,499.99532200000016
12485,529.6870779999992
12486,508.2979469999997
12487,471.4865920000006
12488,488.90249199999994
12489,347.02095999999926
12490,333.6216999999999
12491,553.7801189999997
12492,278.70669999999967
12493,432.94044599999995
12494,690.6863519999991
12495,396.22480000000064
12496,490.3815359999999
12497,719.5141119999997
12498,527.3461300000004
12499,522.4069179999993
12500,324.12506599999944
12501,459.40947600000027
12502,577.5353020000007
12503,674.8472969999992
12504,679.823118999999
12505,516.6392739999995
12506,604.0859199999999
12507,583.048245
12508,409.4990629999995
12509,725.9762999999999
12510,437.27559299999984
12511,333.9940760000004
12512,748.0991999999985
12513,493.9599019999997
12514,449.15239999999926
12515,622.964128
12516,596.8915320000006
12517,560.2454449999993
12518,595.0788139999999
12519,748.0991999999985
12520,518.5252119999993
12521,400.281711
12522,490.2910569999996
12523,431.8207030000007
12524,508.5652000000001
12525,440.59664299999963
12526,680.6306310000001
12527,721.6265089999995
12528,557.5676849999994
12529,501.4633829999999
12530,597.3522949999999
12531,371.2463200000002
12532,674.1140509999988
12533,455.77148800000083
12534,313.42710099999994
12535,338.8579759999998
12536,511.1681710000007
12537,470.3663260000002
12538,580.5629490000009
12539,281.4785999999996
12540,369.0654100000004
12541,555.2513179999992
12542,538.1246370000001
12543,650.4671290000005
12544,694.869306
12545,571.1463339999993
12546,726.9339129999994
12547,549.7964279999993
12548,545.9183830000001
12549,509.54948599999955
12550,509.4265809999999
12551,332.20436999999976
12552,752.0556950000005
12553,330.7880860000005
12554,447.96832800000004
12555,374.6311760000002
12556,697.4675700000014
12557,496.435261
12558,492.22720300000066
12559,541.6156619999992
12560,404.60849
12561,449.15239999999926
12562,361.1152870000002
12563,349.6469430000002
12564,706.5379590000001
12565,565.5418659999999
12566,343.28674
12567,567.5386800000008
12568,534.029547
12569,611.9994329999998
12570,600.5441640000005
12571,443.99509700000056
12572,355.208525
12573,330.17356099999944
12574,490.9573589999998
12575,464.6766090000006
12576,471.6827170000007
12577,608.2908399999992
12578,421.7471999999996
12579,602.911785
12580,530.2697000000002
12581,477.2375000000001
12582,525.0585280000005
12583,410.772568
12584,722.9429000000007
12585,489.83866199999994
12586,777.2826000000001
12587,567.2468460000008
12588,753.6827480000003
12589,693.5544839999992
12590,646.5849000000012
12591,725.9762999999999
12592,466.8821
12593,380.53270800000007
12594,506.2613850000009
12595,314.89829999999984
12596,355.1164770000001
12597,725.9762999999999
12598,366.6303219999999
12599,427.05721899999975
12600,606.806043
12601,475.58586600000046
12602,433.6935659999999
12603,701.3142350000003
12604,671.9038529999999
12605,724.4569850000004
12606,454.4943219999996
12607,426.9395440000002
12608,651.6402180000006
12609,568.0182709999999
12610,375.74098200000014
12611,618.4213499999998
12612,610.7076230000009
12613,517.9180089999995
12614,584.0602500000008
12615,497.7872159999999
12616,644.4892389999997
12617,613.6991830000006
12618,582.74752
12619,396.22480000000064
12620,467.7528950000007
12621,586.7604990000007
12622,550.1620050000004
12623,673.0199350000006
12624,725.9762999999999
12625,752.5902010000005
12626,484.9674399999996
12627,609.0737709999996
12628,642.2696269999998
12629,542.8776609999998
12630,715.150200000002
12631,675.0648650000003
12632,492.20314499999967
12633,499.0622900000009
12634,503.84407900000025
12635,652.2207479999998
12636,625.945228
12637,416.70914100000016
12638,447.6628960000001
12639,419.088268
12640,530.0484709999998
12641,320.49596899999943
12642,519.0654709999997
12643,450.58385099999975
12644,568.0648179999994
12645,563.7647119999995
12646,463.0192219999993
12647,646.5849000000012
12648,606.5257149999998
12649,333.59607299999976
12650,449.15239999999926
12651,484.36808200000064
12652,537.4389839999997
12653,467.99242899999996
12654,458.7306219999997
12655,530.3680240000009
12656,671.5696559999997
12657,553.0201999999992
12658,343.50639999999925
12659,546.2834369999997
12660,590.3257900000004
12661,748.0991999999985
12662,725.2179500000007
12663,372.7546520000002
12664,660.8099770000011
12665,570.6452999999999
12666,515.9337469999995
12667,418.2566979999997
12668,436.0261460000004
12669,606.3452800000003
12670,470.5823250000002
12671,449.2282350000002
12672,537.0822980000008
12673,669.8610150000006
12674,502.81638400000105
12675,441.39944800000035
12676,574.2179129999997
12677,545.4963220000005
12678,564.5811149999997
12679,545.5104429999999
12680,725.9762999999999
12681,546.9868720000004
12682,681.4480799999999
12683,448.0760660000007
12684,511.0405590000002
12685,467.6472489999997
12686,545.0590940000006
12687,569.6102830000004
12688,355.1353050000005
12689,440.0736430000007
12690,448.2826509999997
12691,665.144077999999
12692,592.9271919999998
12693,379.2712320000001
12694,552.2445910000001
12695,482.8906070000004
12696,715.5910889999997
12697,566.6720689999996
12698,323.0361799999997
12699,603.7752579999996
12700,614.297495
12701,595.9135220000004
12702,361.10482699999994
12703,480.3493499999999
12704,609.4466700000006
12705,641.9594880000004
12706,477.1695099999999
12707,328.5590599999998
12708,741.3681900000004
12709,562.1889130000005
12710,305.06903799999986
12711,413.85983700000014
12712,313.98827999999975
12713,650.42372
12714,440.99359999999996
12715,438.2891670000005
12716,573.2801739999995
12717,401.518606
12718,689.3663000000009
12719,517.0937610000001
12720,657.0307790000007
12721,359.70527899999996
12722,708.3485850000002
12723,642.6592619999993
12724,313.62897899999973
12725,551.028616
12726,639.8816090000001
12727,466.325628
12728,499.4916730000007
12729,464.9694889999995
12730,520.0555100000008
12731,449.40762399999966
12732,519.753216000001
12733,551.5411560000003
12734,595.9093379999998
12735,739.8478290000011
12736,709.5556689999999
12737,715.150200000002
12738,579.5797090000003
12739,514.8228949999989
12740,465.99823000000004
12741,461.5014760000002
12742,651.0460900000007
12743,715.150200000002
12744,659.009288
12745,396.22480000000064
12746,512.538431
12747,493.18481599999984
12748,525.0088429999995
12749,614.6479049999995
12750,586.1015189999995
12751,532.4438110000006
12752,735.116771000001
12753,710.2339999999984
12754,439.61758699999956
12755,666.3542999999994
12756,551.2613510000001
12757,565.424191
12758,402.7654380000001
12759,529.1300830000007
12760,515.8521589999996
12761,382.05150000000066
12762,477.3347780000002
12763,464.7048509999997
12764,642.0870999999987
12765,571.7320939999994
12766,748.0991999999985
12767,602.5127360000005
12768,739.469700000001
12769,594.3889770000003
12770,561.0848599999993
12771,593.4993539999999
12772,396.22480000000064
12773,661.7435320000005
12774,528.1060489999999
12775,642.0870999999987
12776,604.8212579999998
12777,675.4210279999993
12778,679.6045050000008
12779,627.7610840000001
12780,281.4785999999996
12781,685.9966110000004
12782,713.4630019999985
12783,459.7975420000006
12784,535.2523210000008
12785,584.0482209999999
12786,759.8975570000003
12787,514.2533479999994
12788,725.9762999999999
12789,579.619457
12790,576.3873169999998
12791,348.83629299999996
12792,725.9762999999999
12793,490.74449800000036
12794,299.7752320000002
12795,281.4785999999996
12796,657.2875719999994
12797,416.6897900000003
12798,620.5175339999996
12799,557.7873449999996
12800,566.6040790000008
12801,322.58639999999974
12802,332.2409799999999
12803,534.2852939999997
12804,516.8270310000005
12805,572.5741240000006
12806,461.51245899999907
12807,392.79967300000004
12808,308.3048389999998
12809,457.44456500000086
12810,300.44676400000054
12811,472.40445700000004
12812,325.33476499999944
12813,623.1848339999998
12814,426.08809999999977
12815,365.31550000000004
12816,632.8577189999992
12817,319.28626999999943
12818,757.6737610000005
12819,601.9332520000005
12820,722.9429000000007
12821,601.7502019999998
12822,642.5933639999998
12823,507.5819600000009
12824,575.1321169999999
12825,306.42988399999956
12826,431.8520829999998
12827,543.8546250000004
12828,689.3663000000009
12829,684.2926770000009
12830,481.99000100000006
12831,660.5469080000003
12832,532.2712209999996
12833,655.24578
12834,448.24551799999955
12835,559.6011089999997
12836,614.1709290000002
12837,444.48723999999993
12838,433.2511080000004
12839,614.587237
12840,561.2401909999994
12841,678.0804830000005
12842,584.4629600000003
12843,628.679995
12844,436.7520700000003
12845,683.5086999999999
12846,294.2544440000004
12847,430.4896680000001
12848,374.5940430000002
12849,613.0156219999996
12850,491.35902300000043
12851,468.4929399999996
12852,457.12291999999997
12853,689.3663000000009
12854,487.525433
12855,362.29674400000033
12856,649.3233280000002
12857,302.11670300000026
12858,586.4911540000005
12859,476.2411849999998
12860,365.43422100000026
12861,598.8161719999993
12862,621.7842400000008
12863,750.9861600000013
12864,549.799566
12865,711.6879399999993
12866,507.26293000000027
12867,461.5705120000004
12868,385.4886560000003
12869,505.61704899999984
12870,511.1425439999997
12871,440.0762579999996
12872,758.4237430000004
12873,435.77876699999973
12874,675.3295030000005
12875,696.6166489999995
12876,402.2131499999996
12877,500.18046399999963
12878,516.7428280000007
12879,325.7976199999998
12880,458.18774799999994
12881,445.17184700000007
12882,490.63519100000053
12883,312.02807599999943
12884,591.337272
12885,541.6407659999994
12886,725.9762999999999
12887,330.4000199999999
12888,506.8743410000003
12889,563.2997649999999
12890,360.7131000000006
12891,544.7379720000005
12892,489.03115
12893,594.0851139999994
12894,521.9571380000002
12895,482.9580740000003
12896,532.2806350000001
12897,419.61545200000023
12898,324.12506599999944
12899,600.9845299999998
12900,508.55630899999977
12901,585.3525829999992
12902,609.9947739999991
12903,632.0214419999992
12904,381.70056700000043
12905,456.211854
12906,418.6724830000006
12907,689.3663000000009
12908,401.72623699999997
12909,382.05150000000066
12910,757.2433320000001
12911,361.4113050000001
12912,523.1270889999993
12913,629.0063470000001
12914,362.0488419999997
12915,608.4759820000004
12916,472.1471409999999
12917,326.57218300000045
12918,524.7457740000006
12919,500.99320599999965
12920,710.5279260000002
12921,281.4785999999996
12922,541.0142119999997
12923,456.5120560000007
12924,407.24964000000017
12925,522.5251160000001
12926,590.0538300000009
12927,322.6052279999994
12928,461.4371470000006
12929,760.9430340000014
12930,756.2647990000012
12931,688.3255300000003
12932,532.7084489999999
12933,316.5180309999995
12934,724.2085600000008
12935,459.53656500000034
12936,564.2646999999998
12937,346.96866
12938,643.6874799999994
12939,564.5753619999997
12940,644.1602719999998
12941,524.5036250000007
12942,281.4785999999996
12943,483.8743700000001
12944,528.0108629999995
12945,517.7883050000002
12946,308.007252
12947,584.7574089999995
12948,698.2091840000008
12949,523.2635920000004
12950,583.4248050000004
12951,396.22480000000064
12952,537.9661680000004
12953,594.910931
12954,471.63721599999917
12955,449.40187099999923
12956,602.9667
12957,349.51776200000023
12958,517.0571510000005
12959,739.5063100000011
12960,316.12578099999973
12961,556.8752330000003
12962,548.6662249999996
12963,512.3151100000002
12964,526.2159270000002
12965,430.42900000000003
12966,557.4337969999996
12967,769.7513999999996
12968,425.87680800000004
12969,617.8957349999996
12970,424.506025
12971,577.0865679999997
12972,560.8641539999996
12973,553.1300299999999
12974,576.6252819999994
12975,556.664464
12976,698.2091840000007
12977,377.43288700000005
12978,718.9158000000011
12979,456.37607599999996
12980,705.5871450000012
12981,382.05150000000066
12982,465.4391430000006
12983,777.2826000000001
12984,710.2339999999983
12985,343.7694689999996
12986,527.1369299999991
12987,346.872428
12988,680.8063589999999
12989,621.4882220000002
12990,737.8353250000007
12991,538.2428350000006
12992,411.5021530000002
12993,459.73373599999985
12994,710.2339999999983
12995,408.80661100000003
12996,464.2414729999995
12997,530.4569340000003
12998,548.0715740000007
12999,492.2015760000006
13000,481.8519289999993
13001,568.8838359999999
13002,563.5706789999998
13003,519.3217410000007
13004,514.512233
13005,544.5857789999994
13006,455.8363400000003
13007,556.6268079999992
13008,538.1366660000001
13009,428.6089599999998
13010,550.8973429999996
13011,735.3118500000005
13012,369.8692609999995
13013,369.8859970000001
13014,471.1597170000004
13015,518.6543930000003
13016,434.4984629999996
13017,541.4331349999997
13018,344.0497969999999
13019,563.4132559999998
13020,718.9158000000011
13021,752.9761750000005
13022,557.1435320000007
13023,668.147666999999
13024,491.756503
13025,548.797498
13026,454.91742899999963
13027,563.0325119999997
13028,721.3247379999998
13029,396.22480000000064
13030,358.0018680000002
13031,534.0692950000008
13032,411.01157900000027
13033,533.6838440000005
13034,459.44504
13035,707.2110600000013
13036,359.629444
13037,385.61469899999946
13038,777.2826000000001
13039,710.2339999999984
13040,637.3068800000001
13041,414.7039590000001
13042,451.63874200000043
13043,595.5495139999999
13044,677.9894809999996
13045,499.9184409999998
13046,513.3883060000009
13047,351.7174999999995
13048,548.6264769999992
13049,427.9510259999997
13050,451.17745599999995
13051,740.4586929999994
13052,316.86687199999943
13053,321.1952199999998
13054,315.50654899999995
13055,340.98554
13056,476.97600000000057
13057,529.8654210000009
13058,530.9841180000001
13059,360.7131000000006
13060,494.2888690000003
13061,449.15239999999926
13062,441.6923280000005
13063,551.5542309999994
13064,524.7028880000003
13065,328.39013100000057
13066,689.3663000000009
13067,352.0312999999996
13068,423.58449899999965
13069,547.8733569999996
13070,520.8536080000006
13071,323.74327600000055
13072,550.22215
13073,656.0428320000001
13074,635.9204070000002
13075,495.0670930000004
13076,725.9762999999999
13077,563.625594
13078,535.6623529999998
13079,638.6013049999997
13080,565.3635230000001
13081,501.9105480000007
13082,455.3614560000008
13083,641.9872070000006
13084,663.4882600000008
13085,411.1789390000004
13086,307.72064799999987
13087,472.80664399999995
13088,426.76799999999935
13089,345.2380530000005
13090,378.7874569999997
13091,565.2353879999997
13092,376.16775
13093,449.40762399999994
13094,360.0332000000006
13095,526.926161
13096,435.69194899999985
13097,446.48823799999974
13098,531.9882779999996
13099,384.26274399999966
13100,497.7077200000008
13101,367.7202540000007
13102,748.0991999999985
13103,412.9027470000003
13104,446.99293299999977
13105,460.91780800000015
13106,476.5476630000006
13107,449.1309570000007
13108,416.74209000000076
13109,667.830728999999
13110,530.7184340000009
13111,680.5359680000003
13112,418.37541899999997
13113,510.93125199999986
13114,390.9215799999995
13115,533.9877070000001
13116,403.80463899999995
13117,352.0312999999996
13118,337.4071739999997
13119,580.4222619999997
13120,464.4946050000002
13121,583.0058819999999
13122,500.9210320000007
13123,397.7592819999999
13124,416.83099999999985
13125,345.11985500000037
13126,556.6142559999994
13127,391.580037
13128,413.4885070000003
13129,642.0870999999987
13130,573.8920840000002
13131,455.86772000000076
13132,584.9483039999994
13133,598.9469220000005
13134,526.3947929999991
13135,312.8355879999997
13136,710.2339999999984
13137,563.1067779999997
13138,437.08678999999984
13139,371.4089730000003
13140,490.8830930000008
13141,477.8431340000006
13142,517.9577570000001
13143,416.6291220000005
13144,530.4103869999999
13145,449.0002069999997
13146,580.0728979999998
13147,553.0201999999994
13148,406.7208869999997
13149,556.9081819999999
13150,483.8241620000003
13151,681.2284200000009
13152,443.453269
13153,452.62721199999976
13154,451.5639530000003
13155,548.8398609999995
13156,304.7719739999997
13157,292.67079999999993
13158,553.3810699999997
13159,687.8250189999989
13160,545.7442239999996
13161,436.9403499999999
13162,493.0551119999998
13163,599.0112509999994
13164,401.11328099999974
13165,527.0250079999995
13166,525.9104949999997
13167,753.8375560000003
13168,598.2189060000002
13169,494.3490140000006
13170,681.6070720000005
13171,689.7653490000008
13172,557.3166450000001
13173,360.0332000000006
13174,424.5959809999999
13175,636.6578369999995
13176,443.06677200000064
13177,612.7447080000005
13178,629.6831089999997
13179,449.40187099999923
13180,630.545536000001
13181,452.9054480000006
13182,441.51764599999973
13183,741.3681900000005
13184,425.1670970000004
13185,360.0332000000006
13186,333.5856130000006
13187,443.93861299999946
13188,433.21502099999964
13189,584.0450829999999
13190,631.4539870000001
13191,336.23617700000045
13192,520.4671109999995
13193,556.1085150000002
13194,722.6814000000012
13195,605.3704079999995
13196,681.1044690000006
13197,409.05398999999966
13198,314.26076300000045
13199,777.2826000000001
13200,368.5057999999995
13201,603.1173239999998
13202,674.1993000000008
13203,543.8415499999991
13204,715.1502000000021
13205,584.9064639999998
13206,658.0260480000004
13207,624.2465239999997
13208,341.4248599999995
13209,305.09100400000057
13210,554.9532080000002
13211,429.5268250000008
13212,596.9375560000003
13213,748.0991999999985
13214,458.10249899999997
13215,499.9247170000006
13216,656.6249309999994
13217,419.5767499999996
13218,461.10347300000075
13219,698.7708859999993
13220,425.9364300000001
13221,460.7734599999996
13222,600.3715739999996
13223,685.4066670000007
13224,483.57364500000006
13225,336.00605700000017
13226,448.84905999999967
13227,304.28976799999987
13228,578.8590150000006
13229,421.3999279999997
13230,323.56964000000045
13231,660.138445000001
13232,526.4502310000003
13233,751.9259910000012
13234,400.6383970000004
13235,538.0932569999998
13236,328.6322799999995
13237,540.0382940000009
13238,412.81540600000017
13239,580.6926530000001
13240,681.7121949999997
13241,338.90609200000034
13242,550.4250739999993
13243,428.15813400000013
13244,557.1885099999998
13245,720.5423300000002
13246,482.9575510000008
13247,462.1975890000003
13248,507.46219299999984
13249,663.841807999999
13250,439.2211529999996
13251,742.3775800000008
13252,671.4849300000008
13253,391.9968680000007
13254,447.18905799999925
13255,555.8794409999996
13256,580.4248770000006
13257,480.82894099999976
13258,518.9033410000008
13259,376.9574800000001
13260,548.4700999999992
13261,531.1561849999996
13262,446.7094670000003
13263,670.3657100000001
13264,549.1573219999999
13265,511.3344849999991
13266,344.9284369999998
13267,405.85846000000004
13268,432.49171200000023
13269,547.0386489999997
13270,608.7719999999989
13271,378.60336099999984
13272,593.4695429999994
13273,614.8032360000005
13274,454.36409500000013
13275,326.2777340000002
13276,647.8280709999998
13277,414.049686
13278,366.5691310000005
13279,650.2103359999996
13280,560.0838379999994
13281,457.29237200000085
13282,610.151150999999
13283,517.2825640000007
13284,517.2470000000003
13285,337.7858260000004
13286,441.39212599999996
13287,449.15239999999926
13288,373.180897
13289,503.6286030000003
13290,446.1712999999998
13291,340.5253
13292,317.4071309999998
13293,689.3663000000009
13294,410.33272499999987
13295,689.3663000000009
13296,619.824036
13297,466.533259
13298,592.2572289999996
13299,547.6662490000003
13300,372.9900020000001
13301,406.19422600000007
13302,587.0303669999995
13303,598.9312319999999
13304,625.2998460000009
13305,472.7679419999997
13306,410.34580000000017
13307,472.79409200000026
13308,339.6524130000003
13309,429.1873980000005
13310,398.6018349999998
13311,666.554085999999
13312,350.8707629999998
13313,457.9628580000001
13314,472.736562
13315,442.56939899999975
13316,392.4979019999999
13317,473.39501899999937
13318,710.8092999999991
13319,555.1320739999994
13320,516.5048629999998
13321,457.6694550000001
13322,545.6976769999993
13323,725.9762999999999
13324,528.0542719999997
13325,575.0217640000005
13326,315.8365620000005
13327,401.10229800000013
13328,319.2344930000004
13329,421.0411500000004
13330,597.1948720000005
13331,635.0977279999997
13332,641.4741439999995
13333,398.528615
13334,540.9211179999998
13335,384.84954999999997
13336,304.7698819999995
13337,660.1044499999998
13338,715.150200000002
13339,538.0388650000006
13340,454.46974100000006
13341,531.6174709999997
13342,470.38620000000066
13343,559.3694200000006
13344,596.5144489999998
13345,514.7245709999997
13346,588.2374509999997
13347,669.7778579999991
13348,377.9511800000003
13349,756.3144840000001
13350,499.53508199999953
13351,464.1515170000007
13352,432.5774840000007
13353,352.06320299999993
13354,482.5501340000001
13355,644.91653
13356,523.3812669999995
13357,402.16189599999996
13358,411.9895890000002
13359,646.5849000000012
13360,675.2568060000001
13361,467.9406519999996
13362,515.8903380000004
13363,368.94512
13364,343.1884160000003
13365,360.0332000000006
13366,589.3817749999997
13367,429.88926399999974
13368,501.9994580000007
13369,651.7228519999994
13370,730.5431360000011
13371,669.8254509999991
13372,722.681400000001
13373,503.0140780000002
13374,564.2646999999998
13375,777.2826000000001
13376,526.5710439999996
13377,314.2063709999999
13378,475.5257210000008
13379,434.4817270000004
13380,330.6562899999997
13381,498.26523800000075
13382,467.46106100000054
13383,634.5689750000005
13384,457.8959140000006
13385,744.3963600000004
13386,399.69752000000017
13387,718.9158000000011
13388,600.6011709999998
13389,561.4650809999996
13390,608.8703239999995
13391,439.3780529999996
13392,756.6481580000013
13393,551.4412630000007
13394,561.7726050000001
13395,689.3663000000009
13396,476.88185999999945
13397,615.870155999999
13398,528.9015320000009
13399,418.4067989999996
13400,420.8675140000003
13401,636.5166270000002
13402,334.1708499999996
13403,541.4336579999992
13404,489.532707
13405,444.1451979999998
13406,594.3298780000001
13407,421.8570300000003
13408,467.6252830000007
13409,357.8491520000001
13410,455.1606240000008
13411,481.6019350000006
13412,409.98126900000034
13413,338.21311699999956
13414,537.8437860000001
13415,465.1405100000001
13416,566.7782379999998
13417,579.354296000001
13418,705.029104
13419,472.87620300000003
13420,487.3334920000007
13421,630.0873879999994
13422,660.459566999999
13423,422.79320000000007
13424,342.95777300000054
13425,446.9751509999996
13426,437.41157300000043
13427,713.1769209999995
13428,316.9249250000004
13429,683.7262679999995
13430,351.7174999999995
13431,439.4329679999996
13432,741.5674529999995
13433,558.9766470000004
13434,496.84686199999965
13435,738.4529879999992
13436,537.4175409999999
13437,731.8197790000012
13438,426.4918560000004
13439,305.2186160000004
13440,490.4563250000007
13441,447.5928140000004
13442,661.0955350000008
13443,449.15239999999926
13444,396.22480000000064
13445,603.1795610000001
13446,663.7602199999998
13447,396.2640249999999
13448,601.4499999999998
13449,749.2989620000012
13450,525.4047539999999
13451,697.7949679999998
13452,535.5520000000002
13453,582.1193970000003
13454,616.7210769999997
13455,449.15239999999926
13456,378.3146649999999
13457,579.4975979999999
13458,546.9010999999992
13459,585.167441
13460,769.3968059999992
13461,717.0999439999998
13462,579.5075350000008
13463,751.9955500000012
13464,502.769314000001
13465,534.3156279999994
13466,336.3831399999999
13467,292.67079999999993
13468,618.6948789999994
13469,562.9216359999998
13470,660.3837320000001
13471,706.2790739999997
13472,397.2341900000003
13473,347.6124730000005
13474,435.42051200000054
13475,465.2330810000003
13476,712.0828050000015
13477,392.46913699999976
13478,662.0217679999997
13479,725.9762999999999
13480,360.7131000000006
13481,610.9565710000002
13482,708.952127
13483,651.3447229999995
13484,555.3391820000011
13485,349.9105350000001
13486,528.8926410000008
13487,449.40187099999923
13488,413.55545099999995
13489,483.18819400000086
13490,556.7162410000004
13491,408.37565900000004
13492,569.8853809999994
13493,646.4290459999997
13494,679.4648640000003
13495,461.0668630000005
13496,412.7380020000005
13497,519.6883640000002
13498,379.33190000000036
13499,358.88887600000066
13500,413.1694769999998
13501,403.4605049999998
13502,668.3453610000007
13503,314.3904669999997
13504,357.96682700000025
13505,450.96616400000056
13506,465.23308100000025
13507,459.05592799999994
13508,438.93977900000027
13509,332.24097999999975
13510,649.145508
13511,588.2175769999996
13512,768.5286260000009
13513,574.636313000001
13514,558.0702879999999
13515,530.4710550000003
13516,452.39813799999996
13517,407.1063380000004
13518,311.93184399999996
13519,347.2918739999999
13520,710.6843030000005
13521,646.8071749999998
13522,440.3074240000006
13523,510.5138979999998
13524,574.3465709999998
13525,399.62743800000027
13526,548.9172649999997
13527,396.22480000000064
13528,416.4575780000001
13529,435.5591070000007
13530,332.4292600000002
13531,694.9958720000005
13532,566.3420560000004
13533,461.628041999999
13534,730.2649000000009
13535,648.6978199999995
13536,395.16154099999994
13537,606.3029170000003
13538,641.8914979999997
13539,331.7807399999998
13540,308.5297290000003
13541,321.0194919999996
13542,478.6475080000006
13543,690.1643980000009
13544,435.93043700000004
13545,564.0900179999996
13546,550.5265360000006
13547,463.06367699999976
13548,483.907319
13549,656.044923999999
13550,323.0361799999997
13551,451.3489999999999
13552,509.7555479999995
13553,301.3907789999999
13554,748.0991999999985
13555,754.4567880000001
13556,375.6243530000003
13557,534.8700079999995
13558,583.401793
13559,526.485795000001
13560,638.7043360000004
13561,382.05150000000066
13562,543.9607939999997
13563,417.3717819999997
13564,593.273418
13565,747.4904280000006
13566,412.33006200000057
13567,425.1362399999999
13568,464.0134450000002
13569,560.6732589999993
13570,356.9297180000005
13571,729.9458700000017
13572,278.70669999999967
13573,463.3811380000001
13574,307.1495320000005
13575,601.2852549999993
13576,571.9841800000008
13577,470.96725300000026
13578,451.25695200000024
13579,579.239236
13580,646.5849000000012
13581,305.67414900000034
13582,589.6009119999995
13583,528.2012349999992
13584,333.26292200000006
13585,517.6664460000006
13586,563.0382650000007
13587,472.0514319999995
13588,335.9323139999995
13589,475.0461300000007
13590,448.1210439999996
13591,701.2729180000007
13592,455.14336500000087
13593,710.4609820000001
13594,417.246261999999
13595,484.78177500000015
13596,522.4858910000007
13597,573.3068470000009
13598,616.3690980000006
13599,455.4697170000002
13600,406.4201620000005
13601,490.57138500000053
13602,593.2352389999998
13603,474.7213470000004
13604,278.70669999999967
13605,707.1545759999993
13606,580.5310460000005
13607,441.17612699999955
13608,449.15239999999926
13609,686.6979539999998
13610,498.55027299999995
13611,341.03260999999975
13612,345.3426530000004
13613,536.6466389999999
13614,514.933771000001
13615,468.28217100000023
13616,649.0759489999996
13617,480.0041700000004
13618,394.8456489999999
13619,758.7914119999998
13620,281.4785999999996
13621,695.3488970000004
13622,497.8593899999997
13623,460.55693799999926
13624,538.5304850000005
13625,641.7288450000001
13626,624.3668139999996
13627,688.7695570000001
13628,456.5199009999997
13629,522.3452040000003
13630,564.9032830000001
13631,328.70550000000003
13632,370.04760400000043
13633,572.1656610000008
13634,688.5692480000005
13635,672.7892920000004
13636,537.6790410000002
13637,642.0870999999987
13638,777.2826000000001
13639,550.4240279999993
13640,549.2634909999998
13641,641.3036460000006
13642,671.24958
13643,292.67079999999993
13644,568.2253790000003
13645,515.2235130000008
13646,462.89997800000026
13647,396.13902799999966
13648,770.7717730000008
13649,654.2609709999994
13650,653.9173600000009
13651,404.8605760000002
13652,570.6662199999994
13653,292.35700000000026
13654,435.81589999999983
13655,473.39501899999937
13656,736.8259350000006
13657,637.131675
13658,580.642968
13659,570.9523009999991
13660,442.0877159999998
13661,525.889052
13662,712.2716080000001
13663,557.5263680000002
13664,709.7334889999997
13665,572.3675389999995
13666,364.0550700000004
13667,316.16605200000015
13668,392.5182989999996
13669,363.25383400000004
13670,637.6447379999997
13671,464.96321299999977
13672,673.3834199999997
13673,545.9105380000002
13674,471.6466300000006
13675,502.4330250000003
13676,354.46325000000024
13677,737.3306300000005
13678,481.031865
13679,320.6821570000004
13680,379.6912009999999
13681,562.5701800000002
13682,472.11157699999984
13683,777.2826000000001
13684,330.71068199999957
13685,421.74772300000006
13686,380.81931199999997
13687,418.6981099999997
13688,471.4196479999994
13689,281.4785999999996
13690,478.7552460000006
13691,530.2712690000004
13692,667.9426510000005
13693,613.9564989999999
13694,281.4785999999996
13695,427.2716490000002
13696,652.4817250000008
13697,415.20499299999994
13698,521.1585170000003
13699,693.9315670000001
13700,401.87215400000036
13701,459.1751719999996
13702,542.5126069999994
13703,673.537705000001
13704,616.1327020000006
13705,570.8633909999988
13706,546.6040360000001
13707,581.5121940000009
13708,440.18608800000044
13709,433.7709700000001
13710,481.96960400000063
13711,738.8881239999994
13712,537.5048820000004
13713,651.3447229999996
13714,488.64360700000043
13715,474.68787500000036
13716,596.6682110000005
13717,454.8625139999999
13718,516.4013090000009
13719,605.2684230000002
13720,698.6584409999996
13721,725.9762999999999
13722,677.3608350000009
13723,511.32088700000037
13724,410.5994550000001
13725,470.15085000000045
13726,663.9668050000009
13727,670.5759559999997
13728,648.3196909999997
13729,458.6563560000005
13730,697.3729070000003
13731,461.59979999999973
13732,449.15239999999926
13733,725.9762999999999
13734,601.5038690000001
13735,536.4379619999999
13736,653.1218770000005
13737,661.666651
13738,560.6842420000007
13739,539.0179209999992
13740,475.8536419999996
13741,575.2100439999992
13742,715.150200000002
13743,414.75835100000035
13744,452.6125680000007
13745,450.77160799999996
13746,321.4394610000004
13747,630.4377979999987
13748,400.3198900000004
13749,587.1720999999999
13750,517.3484620000005
13751,578.1147859999994
13752,638.5354070000003
13753,460.4753499999998
13754,430.0173989999998
13755,686.2806000000004
13756,549.7331449999998
13757,360.0332000000006
13758,454.3698479999996
13759,626.3563060000006
13760,530.0024470000011
13761,487.55262900000025
13762,320.28519999999935
13763,449.4766599999994
13764,436.0271920000004
13765,453.7767660000008
13766,668.0964129999996
13767,436.70395400000075
13768,422.5798160000008
13769,311.06418699999983
13770,321.65545999999966
13771,573.4260909999995
13772,777.2826000000001
13773,669.9122689999992
13774,410.89495000000005
13775,452.86569999999944
13776,448.56245600000045
13777,753.9923640000002
13778,566.0988610000003
13779,638.6243169999991
13780,463.66198900000035
13781,674.7369439999997
13782,739.9519060000005
13783,527.0469739999996
13784,620.3046730000001
13785,468.3093670000002
13786,469.2607039999997
13787,743.8822510000011
13788,536.4463300000006
13789,561.3573429999993
13790,511.70267700000056
13791,375.7059410000002
13792,547.1578930000001
13793,707.7884519999998
13794,382.05150000000066
13795,582.194709
13796,705.029104
13797,689.3663000000009
13798,280.1648239999996
13799,461.7143369999998
13800,540.3149609999994
13801,575.928646
13802,628.310757
13803,588.5622339999998
13804,704.7273329999998
13805,393.3666050000001
13806,451.80976299999975
13807,642.0870999999987
13808,708.6503559999998
13809,426.6890270000001
13810,544.7568000000007
13811,600.8265839999995
13812,665.8412370000004
13813,553.8983170000001
13814,382.05150000000066
13815,364.7266020000004
13816,417.5945799999999
13817,658.3989469999996
13818,504.0302670000004
13819,717.631835
13820,511.52538000000067
13821,360.7131000000006
13822,449.15239999999926
13823,387.0200000000001
13824,315.7659569999999
13825,507.45277899999985
13826,480.2818830000006
13827,753.9923640000001
13828,642.0870999999987
13829,725.9762999999999
13830,499.65380300000055
13831,433.10048399999994
13832,354.1897209999999
13833,552.2069350000006
13834,458.3572000000003
13835,449.40187099999923
13836,514.6633799999996
13837,553.6880709999995
13838,505.63796900000057
13839,521.1867589999995
13840,582.039378
13841,505.71589600000044
13842,657.2875719999994
13843,330.4000199999998
13844,385.1220330000002
13845,777.2826000000001
13846,506.96534299999985
13847,463.07099899999974
13848,488.4459130000003
13849,698.7123099999997
13850,451.58801099999954
13851,429.6999379999997
13852,436.94034999999997
13853,497.29873399999997
13854,690.9902149999994
13855,500.67940600000094
13856,454.78301800000014
13857,346.2348910000001
13858,776.508037000001
13859,564.48436
13860,404.7496999999996
13861,509.6153839999993
13862,351.65264800000034
13863,466.9004050000003
13864,540.3311739999998
13865,473.244918000001
13866,308.3989789999995
13867,310.8795679999997
13868,604.1528639999995
13869,411.0889830000003
13870,538.7370699999997
13871,407.43112100000036
13872,569.3660419999997
13873,531.3894429999997
13874,485.5877180000002
13875,757.4148760000005
13876,530.9035759999995
13877,580.4029110000001
13878,458.2165130000009
13879,480.46650199999954
13880,453.8463249999997
13881,578.2518119999997
13882,442.37745799999954
13883,725.9762999999999
13884,438.3623869999997
13885,295.33600799999965
13886,594.3131419999992
13887,332.6405519999998
13888,535.3689500000003
13889,469.1974210000003
13890,412.2537040000002
13891,679.2096399999992
13892,677.2070729999994
13893,549.7974739999993
13894,353.5286489999997
13895,348.77771700000005
13896,433.72390000000007
13897,520.7542380000007
13898,454.3672330000001
13899,279.30448899999953
13900,449.15239999999926
13901,738.9718040000013
13902,434.637058
13903,566.2259499999996
13904,693.1679869999998
13905,446.7518300000005
13906,587.9461399999999
13907,529.8016149999999
13908,748.0991999999985
13909,722.9429000000007
13910,527.6060609999994
13911,433.55392499999994
13912,623.9745639999998
13913,524.090455
13914,269.1880999999996
13915,630.7013900000011
13916,471.6513370000006
13917,524.0758110000004
13918,413.7735419999998
13919,413.3650789999995
13920,540.2025159999995
13921,541.4566699999997
13922,551.3005760000003
13923,407.77839300000016
13924,508.9370530000007
13925,593.5924480000009
13926,528.1583490000003
13927,395.4340240000007
13928,580.1989409999998
13929,382.850121
13930,495.26949399999967
13931,344.76735300000024
13932,427.6900490000002
13933,725.9762999999999
13934,349.9487140000003
13935,356.41613200000046
13936,748.0991999999985
13937,400.0270100000001
13938,404.82919600000014
13939,630.0711749999998
13940,675.4518850000009
13941,473.39501899999937
13942,625.5540239999992
13943,553.6117130000001
13944,724.2085600000008
13945,586.6846640000008
13946,378.3382000000001
13947,661.9684219999998
13948,597.5682940000002
13949,339.2057710000003
13950,751.065655999999
13951,405.7240490000001
13952,528.8131450000002
13953,617.056843
13954,769.3126030000008
13955,628.3954829999997
13956,660.138445000001
13957,388.82591900000006
13958,532.8156639999991
13959,360.61896
13960,421.5897770000001
13961,524.068489
13962,535.1707329999995
13963,672.41064
13964,445.1232079999998
13965,356.69070700000043
13966,346.70715999999925
13967,398.54848899999956
13968,412.50578999999954
13969,668.2873079999989
13970,516.8866529999998
13971,567.6092849999998
13972,449.61159400000025
13973,766.3968779999997
13974,735.3118500000007
13975,440.89213799999953
13976,762.600943999999
13977,612.2326909999999
13978,532.4736219999987
13979,354.7922169999997
13980,605.9357709999995
13981,396.22480000000064
13982,480.8833329999994
13983,722.9429000000007
13984,777.2826000000001
13985,420.0626170000001
13986,700.2614359999995
13987,349.4408809999999
13988,528.0380590000001
13989,689.3663000000009
13990,603.0843749999996
13991,386.698355
13992,542.8964889999992
13993,440.9815710000005
13994,365.3055630000006
13995,583.320727999999
13996,471.8223580000003
13997,458.86607899999996
13998,444.2633960000005
13999,542.4100990000004
14000,492.58075100000025
14001,476.83531299999953
14002,380.9845799999998
14003,525.3487930000001
14004,561.0759690000001
14005,616.4872959999993
14006,350.5083240000004
14007,442.45643100000046
14008,547.1050699999997
14009,628.7955779999998
14010,331.7697570000005
14011,572.3466190000004
14012,712.8751499999998
14013,557.5739609999994
14014,513.945824
14015,467.47204399999987
14016,521.2113399999998
14017,332.64055199999973
14018,756.8348690000004
14019,638.7053820000002
14020,500.23747099999963
14021,338.8579759999999
14022,591.6829750000003
14023,521.0251520000005
14024,269.1880999999996
14025,471.295697
14026,629.1083320000007
14027,508.25610699999976
14028,436.0899519999995
14029,307.4220149999999
14030,488.2445580000006
14031,523.0502080000002
14032,583.8500039999998
14033,400.9694559999999
14034,278.70669999999967
14035,457.7228009999994
14036,413.89697000000007
14037,583.4948869999996
14038,512.5666730000005
14039,353.07573100000053
14040,422.7932
14041,380.93489500000027
14042,578.2878990000004
14043,374.74309800000015
14044,460.14481400000005
14045,433.2307110000005
14046,536.8066770000003
14047,667.7951650000009
14048,433.17945700000035
14049,300.9404760000002
14050,364.43686000000054
14051,567.5114840000003
14052,335.5683059999998
14053,412.9362190000001
14054,399.0824720000002
14055,722.6814000000012
14056,382.3799439999999
14057,627.6407939999993
14058,489.81564999999966
14059,426.5504320000003
14060,570.5469759999994
14061,482.64793500000013
14062,501.4900559999996
14063,455.29817300000053
14064,528.8084379999998
14065,327.17833999999976
14066,281.4785999999995
14067,557.7397519999998
14068,402.80570900000004
14069,642.0870999999987
14070,711.0645239999999
14071,360.0332000000006
14072,584.6627460000003
14073,748.0991999999985
14074,340.9520680000003
14075,644.5692579999993
14076,311.6091530000004
14077,307.1354109999998
14078,395.6698969999995
14079,432.36409999999984
14080,546.9277729999995
14081,591.1416699999995
14082,521.424724
14083,461.6238579999991
14084,588.4827380000005
14085,490.24869400000074
14086,746.9130359999991
14087,573.9449069999998
14088,581.2789360000002
14089,507.1264270000006
14090,686.9625920000004
14091,438.1563249999999
14092,709.5556690000002
14093,626.7663380000004
14094,362.87099800000004
14095,605.8290789999995
14096,579.6048129999996
14097,454.8007999999999
14098,634.5705440000011
14099,480.95864499999954
14100,389.1904499999999
14101,549.9512360000003
14102,488.8413009999998
14103,430.4880989999997
14104,408.34741700000035
14105,563.1177610000007
14106,543.9231379999998
14107,344.28305500000045
14108,767.3241570000008
14109,538.7679270000001
14110,458.57842900000054
14111,673.0989080000006
14112,573.7660409999996
14113,391.1041070000003
14114,459.31272100000047
14115,449.3527089999999
14116,397.183982
14117,491.7334909999998
14118,298.4447199999997
14119,650.0884769999993
14120,670.4859999999991
14121,494.48499400000037
14122,497.4713240000006
14123,493.13460800000047
14124,777.2826000000001
14125,423.0719590000001
14126,455.77148800000083
14127,358.37215200000014
14128,643.6874799999994
14129,688.1628769999995
14130,488.21160900000064
14131,677.0773689999992
14132,323.9566599999998
14133,374.67824600000023
14134,507.01502799999935
14135,638.4716009999997
14136,507.67819199999997
14137,456.9890319999998
14138,602.458867
14139,599.9228399999994
14140,564.2646999999998
14141,759.6051999999996
14142,538.6057969999997
14143,617.8387280000004
14144,550.7467189999992
14145,564.1538239999994
14146,599.0839480000005
14147,426.11425000000025
14148,512.4531820000004
14149,536.3244709999999
14150,436.9157689999996
14151,559.2522680000001
14152,711.0645240000001
14153,529.8811110000001
14154,443.2241949999997
14155,426.807748
14156,307.13488800000033
14157,460.5569379999994
14158,382.05150000000066
14159,558.2502000000007
14160,648.1748200000008
14161,427.7120150000004
14162,428.55456800000013
14163,438.29230500000057
14164,396.25670300000075
14165,358.4108540000006
14166,351.50202400000023
14167,348.55910299999994
14168,404.580771
14169,477.4142740000006
14170,379.6849250000004
14171,476.97600000000057
14172,707.4626229999994
14173,462.67665700000003
14174,576.9364669999995
14175,527.6986319999995
14176,398.8089430000003
14177,702.6212119999993
14178,396.22480000000064
14179,331.3204999999998
14180,715.150200000002
14181,550.8288299999997
14182,596.7246949999998
14183,462.2122329999997
14184,396.22480000000064
14185,481.7441910000008
14186,415.23584999999963
14187,508.823039
14188,413.4304539999999
14189,364.43686000000054
14190,536.2868149999996
14191,567.4288500000006
14192,777.2826000000001
14193,417.0841320000001
14194,470.4107809999995
14195,432.0727890000003
14196,607.9210790000001
14197,689.347995000001
14198,517.2836100000004
14199,278.19782099999964
14200,405.8459079999998
14201,685.8914880000005
14202,451.84846500000043
14203,311.789065
14204,435.4058680000003
14205,374.56057100000055
14206,360.903472
14207,551.643664000001
14208,681.5516340000006
14209,652.8896650000005
14210,541.568592
14211,592.5040850000012
14212,470.33390000000014
14213,605.9342019999998
14214,520.001118
14215,449.9630499999997
14216,484.7179690000009
14217,456.2050549999996
14218,360.7131000000006
14219,675.0041969999999
14220,532.1619140000008
14221,529.2236999999994
14222,524.6207769999995
14223,602.9850049999995
14224,447.9254419999997
14225,519.3928689999997
14226,478.3514900000006
14227,504.46854099999985
14228,511.34965200000033
14229,385.59325600000005
14230,423.7377380000001
14231,366.83638399999995
14232,593.2200719999996
14233,516.8406290000005
14234,689.0211199999992
14235,408.20149999999956
14236,536.0650629999998
14237,301.55343199999965
14238,490.10382300000094
14239,501.8708000000006
14240,458.25260000000003
14241,714.9624429999992
14242,586.131853
14243,643.0258849999998
14244,418.0720790000001
14245,519.342661
14246,673.5225380000005
14247,420.0202539999998
14248,422.68807700000013
14249,503.81792899999976
14250,530.6598579999999
14251,449.15239999999926
14252,516.9122800000007
14253,404.952624
14254,664.6210779999996
14255,481.35612500000053
14256,516.4311199999996
14257,710.2339999999983
14258,360.7131000000006
14259,548.7645490000002
14260,764.2368879999998
14261,281.4785999999996
14262,308.5297290000003
14263,485.27078000000097
14264,488.44957400000095
14265,564.2646999999998
14266,329.4580969999998
14267,512.420233
14268,718.9158000000011
14269,459.5130300000008
14270,585.6182670000002
14271,542.5094690000002
14272,644.0295220000006
14273,374.5940430000002
14274,666.6367199999997
14275,469.69165599999934
14276,562.2265689999995
14277,540.6067949999996
14278,520.5743260000002
14279,350.9853000000002
14280,672.2662920000006
14281,511.7748510000003
14282,530.8826560000005
14283,489.94326199999995
14284,458.3524930000001
14285,494.80506999999983
14286,461.60032299999983
14287,558.1304329999998
14288,320.73864099999975
14289,563.952992
14290,373.053808
14291,476.6459869999997
14292,471.0263519999994
14293,518.4064909999994
14294,449.15239999999926
14295,561.4572359999997
14296,460.8153
14297,667.1659959999998
14298,493.20625900000067
14299,501.5073150000007
14300,552.3695880000007
14301,464.26448499999975
14302,767.7603389999998
14303,467.96209500000026
14304,423.7288469999998
14305,692.3181120000005
14306,612.4581040000011
14307,653.3624570000004
14308,336.74924
14309,443.8768990000007
14310,500.51099999999985
14311,590.8880150000006
14312,465.0620600000002
14313,591.8696860000002
14314,349.7301
14315,471.9295730000001
14316,718.9158000000011
14317,328.05698000000035
14318,542.040338
14319,674.0042209999992
14320,359.2727580000004
14321,648.3442720000002
14322,500.45242400000024
14323,578.1785920000002
14324,582.1685589999995
14325,634.3827870000005
14326,371.9126220000004
14327,618.9030330000004
14328,418.9915130000005
14329,373.9397700000002
14330,646.5849000000012
14331,566.0925850000006
14332,465.6807689999998
14333,404.59959899999944
14334,519.00428
14335,613.8074440000004
14336,657.7457200000007
14337,567.8613710000004
14338,651.3447229999994
14339,669.9985640000002
14340,441.1269649999999
14341,378.3381999999999
14342,643.6874799999993
14343,722.6814000000012
14344,629.2845829999995
14345,694.0900360000004
14346,547.9732499999991
14347,667.7951650000009
14348,768.3094889999998
14349,642.0870999999987
14350,580.5059420000005
14351,619.4689189999996
14352,331.7802169999996
14353,689.3663000000009
14354,474.81653300000033
14355,364.04513299999945
14356,439.4763770000004
14357,575.6969570000001
14358,507.96322700000024
14359,534.3109210000009
14360,617.5495089999997
14361,476.48176499999977
14362,449.15239999999926
14363,551.721068000001
14364,603.2214009999998
14365,485.27705600000064
14366,612.5423069999997
14367,608.0769330000007
14368,382.05150000000066
14369,427.31610399999977
14370,566.177834
14371,723.4502100000016
14372,689.3663000000009
14373,765.2671979999998
14374,441.99828300000064
14375,360.83443600000015
14376,510.3596130000003
14377,434.20244500000007
14378,382.05150000000066
14379,580.0833579999997
14380,671.1449800000009
14381,490.44848000000087
14382,714.930539999999
14383,542.0021589999996
14384,323.33585900000065
14385,616.4872959999994
14386,493.6712060000007
14387,509.7131849999995
14388,523.9110660000008
14389,601.5875490000003
14390,485.1447370000009
14391,328.1328149999996
14392,485.9679390000001
14393,507.7388600000002
14394,473.9227260000002
14395,403.36845699999964
14396,769.2278769999997
14397,521.2631170000003
14398,393.0088730000001
14399,505.5490590000003
14400,542.5021470000004
14401,571.489945
14402,722.9429000000007
14403,717.5748279999991
14404,746.4329220000013
14405,504.38486100000017
14406,396.22898399999997
14407,535.4772109999999
14408,341.90602
14409,576.1676570000001
14410,533.0091739999996
14411,382.05150000000066
14412,697.8368079999997
14413,320.49596899999943
14414,449.15239999999926
14415,652.960270000001
14416,749.549478999999
14417,466.02385699999996
14418,450.9489050000003
14419,455.84784600000086
14420,453.0748999999999
14421,490.40193299999964
14422,455.6867619999999
14423,728.8527999999997
14424,352.18453899999986
14425,278.70669999999967
14426,484.9674399999998
14427,502.5684819999995
14428,608.2877019999997
14429,642.0870999999987
14430,569.4099739999998
14431,478.7500159999998
14432,566.990053
14433,577.3961840000007
14434,762.943508999999
14435,725.9762999999999
14436,625.7260909999997
14437,570.7373479999997
14438,592.9993659999999
14439,313.89570899999967
14440,466.2597300000006
14441,609.8750069999995
14442,555.3956659999999
14443,419.5767499999997
14444,597.3721689999995
14445,619.1891140000006
14446,710.2339999999984
14447,292.67079999999993
14448,430.3191700000004
14449,636.9099230000011
14450,529.2990120000006
14451,573.5034949999994
14452,718.3070279999997
14453,401.46735199999995
14454,478.2458439999998
14455,308.76978600000047
14456,377.49198600000057
14457,529.3157480000002
14458,337.328724
14459,725.9762999999999
14460,282.9011599999996
14461,743.8027549999993
14462,422.77646400000043
14463,396.22480000000064
14464,338.85797599999967
14465,585.0021729999994
14466,488.923935
14467,642.0870999999987
14468,506.35604800000044
14469,448.17072899999926
14470,457.6464429999994
14471,376.32674200000025
14472,331.70176699999973
14473,528.7990240000003
14474,497.0351420000003
14475,488.0327430000002
14476,567.938252
14477,428.26116499999966
14478,528.6426469999999
14479,440.7043810000001
14480,412.93883399999993
14481,671.6486289999992
14482,450.27946499999956
14483,573.9700110000006
14484,717.4017150000001
14485,304.8943559999997
14486,582.2538079999999
14487,410.73961900000023
14488,317.9008429999995
14489,287.83409599999953
14490,533.6566479999996
14491,551.6943950000009
14492,315.7832160000003
14493,544.213926
14494,454.4012279999994
14495,528.8481860000002
14496,470.7685130000003
14497,353.5919320000001
14498,722.9429000000007
14499,334.102337
14500,472.62568600000054
14501,685.7957789999997
14502,551.7184529999992
14503,480.6302010000005
14504,520.7082140000001
14505,741.0653729999991
14506,551.1379229999995
14507,382.6791000000001
14508,758.9462199999999
14509,393.3681740000005
14510,481.86238900000075
14511,521.8368480000007
14512,502.808016
14513,451.349
14514,329.83204200000057
14515,316.052561
14516,527.3874469999997
14517,562.3233239999994
14518,387.8248970000001
14519,373.05380800000023
14520,565.9728180000009
14521,593.389001
14522,705.5871450000012
14523,426.47093600000017
14524,482.51979999999986
14525,472.6215019999999
14526,601.3605669999993
14527,682.9088190000002
14528,559.7951420000004
14529,764.3655459999992
14530,407.1063380000004
14531,598.3538399999993
14532,693.9247680000007
14533,619.7335570000002
14534,664.4212920000002
14535,544.2191560000007
14536,679.9580529999995
14537,490.0164820000002
14538,621.6974220000006
14539,487.60911299999947
14540,428.8871959999995
14541,649.0759489999996
14542,429.847947
14543,423.32456799999994
14544,359.8255690000002
14545,567.2588750000004
14546,414.05700800000005
14547,659.6661760000009
14548,404.140928
14549,500.63495099999983
14550,470.47667900000073
14551,707.7450429999996
14552,380.59233
14553,462.1379670000001
14554,325.6088169999996
14555,725.9762999999999
14556,577.4913700000006
14557,422.2032560000001
14558,472.3945200000008
14559,596.3946820000008
14560,658.2242650000009
14561,296.2962360000002
14562,559.7642850000008
14563,321.8939480000006
14564,686.9416719999998
14565,632.4382730000002
14566,420.552668
14567,722.9429000000007
14568,646.6089579999998
14569,580.0383799999998
14570,529.0375120000004
14571,668.237100000001
14572,367.68102900000054
14573,584.5738360000005
14574,577.2539279999997
14575,534.7115390000007
14576,497.746945
14577,466.9657799999993
14578,472.0373110000004
14579,712.8678279999995
14580,382.1461630000001
14581,715.7171319999995
14582,658.5448639999996
14583,292.67079999999993
14584,377.5955400000001
14585,400.94382900000005
14586,353.87382899999994
14587,481.9094590000002
14588,686.6111359999994
14589,555.2392889999996
14590,303.5601829999995
14591,545.1835679999997
14592,606.6025960000001
14593,533.3350030000003
14594,625.5874959999996
14595,512.3224319999996
14596,757.4347499999989
14597,453.1209240000005
14598,715.150200000002
14599,541.108875
14600,448.09437099999974
14601,318.5331499999997
14602,456.3901969999998
14603,503.0852060000006
14604,574.169274000001
14605,449.15239999999926
14606,424.8538199999996
14607,639.2597620000003
14608,682.3382259999998
14609,587.9916409999998
14610,336.57978800000035
14611,498.0790500000002
14612,533.2795650000003
14613,403.00078800000006
14614,360.5509699999999
14615,352.0312999999996
14616,464.9867480000006
14617,714.384005
14618,482.88590000000005
14619,315.97411099999994
14620,539.1748210000005
14621,459.89168199999995
14622,544.5204039999994
14623,396.22480000000064
14624,698.9591659999999
14625,430.9002230000003
14626,476.9409590000006
14627,458.3713210000007
14628,572.7608349999996
14629,396.22480000000064
14630,417.5318200000002
14631,644.5561829999992
14632,689.3663000000009
14633,628.6491379999995
14634,547.6191789999998
14635,529.2409590000005
14636,477.9984649999999
14637,527.8900499999991
14638,320.49596899999943
14639,421.0244140000001
14640,362.40605100000016
14641,689.5148319999992
14642,623.9327239999997
14643,571.7519680000001
14644,458.41211500000065
14645,678.323155000001
14646,697.2358809999996
14647,641.36013
14648,567.5935950000008
14649,625.5032929999995
14650,356.07513600000004
14651,585.0947440000002
14652,572.2247599999995
14653,511.74347100000034
14654,463.8900170000002
14655,299.9310859999995
14656,591.5799440000004
14657,511.88101999999947
14658,425.89354400000013
14659,504.2745080000002
14660,710.2339999999984
14661,476.1538440000002
14662,565.0523379999993
14663,382.05150000000066
14664,512.8004539999995
14665,455.1920040000008
14666,585.4059289999996
14667,456.2918730000001
14668,463.97369699999973
14669,444.1676869999998
14670,499.30600800000053
14671,480.7672269999997
14672,535.0101719999999
14673,535.5603679999996
14674,524.4717219999995
14675,701.4224960000007
14676,658.2242650000007
14677,619.3392150000004
14678,647.2177300000008
14679,409.9985279999999
14680,455.4247390000004
14681,725.9762999999999
14682,374.10451499999976
14683,370.0606790000001
14684,503.58362500000095
14685,585.5120979999997
14686,498.58217600000086
14687,422.3418510000003
14688,516.9807929999994
14689,489.3229840000007
14690,649.2600450000008
14691,548.284958000001
14692,361.86265399999996
14693,649.3934100000002
14694,524.1113750000002
14695,502.69452499999954
14696,461.8890190000002
14697,429.63717800000035
14698,614.6264619999998
14699,549.9784320000002
14700,526.3194810000009
14701,770.6216719999992
14702,400.8575340000001
14703,351.81320899999974
14704,538.8563139999999
14705,590.7180399999997
14706,689.3663000000009
14707,662.168208
14708,385.04933600000027
14709,685.2827159999993
14710,576.4647210000002
14711,352.82835199999994
14712,500.1632049999998
14713,473.82492499999955
14714,390.2076850000002
14715,476.33532500000075
14716,699.1767340000006
14717,754.7836630000013
14718,550.9334300000006
14719,537.5686879999995
14720,600.9646560000001
14721,720.8503769999994
14722,661.855454000001
14723,541.6663929999993
14724,350.7384439999995
14725,749.9961209999991
14726,688.9411009999998
14727,455.60255900000004
14728,416.5145850000001
14729,538.5132259999995
14730,374.95072899999985
14731,571.8811489999998
14732,499.0199270000005
14733,470.9196600000003
14734,415.2358499999999
14735,524.7039340000002
14736,525.3534999999991
14737,301.75478700000053
14738,416.46751500000005
14739,432.7150330000004
14740,467.3078219999996
14741,504.08413600000097
14742,532.3925570000007
14743,492.5242670000005
14744,559.4531000000009
14745,522.0000240000007
14746,386.77052900000024
14747,561.4933230000007
14748,715.150200000002
14749,619.6843949999993
14750,460.52712699999904
14751,458.1772880000005
14752,588.6197640000005
14753,427.9274910000008
14754,609.0355920000006
14755,338.4102879999998
14756,557.7298150000006
14757,756.5336210000012
14758,468.53164199999947
14759,466.54267299999987
14760,555.8464919999993
14761,427.94004300000023
14762,518.1397610000004
14763,512.1550719999997
14764,447.6137340000002
14765,594.5741190000003
14766,599.8757700000012
14767,549.849251
14768,456.1961639999998
14769,567.1291710000002
14770,500.5109999999996
14771,412.53037100000006
14772,356.2330820000001
14773,352.0312999999996
14774,710.0546110000001
14775,539.9791950000003
14776,588.9450699999993
14777,440.29434899999956
14778,629.6632350000001
14779,631.730654000001
14780,573.8277549999998
14781,549.2101449999992
14782,691.6084009999996
14783,566.7018800000002
14784,339.7465530000003
14785,502.0726780000009
14786,427.66023799999994
14787,465.02701899999994
14788,598.0531150000002
14789,352.9538720000001
14790,646.9572759999996
14791,738.8881239999993
14792,427.97822199999973
14793,368.920016
14794,411.50947500000024
14795,459.39012499999956
14796,508.3089299999997
14797,340.59224400000005
14798,499.07327300000014
14799,380.00866200000024
14800,548.6348449999998
14801,341.98970000000025
14802,527.0082720000005
14803,428.7857340000003
14804,394.03343000000007
14805,592.1113119999997
14806,304.17680000000036
14807,502.1516510000004
14808,552.4035830000003
14809,575.1995840000005
14810,378.28276200000005
14811,589.0365949999992
14812,380.62161800000035
14813,307.1892799999995
14814,419.61702099999997
14815,539.3071400000001
14816,502.08418400000005
14817,385.488656
14818,568.6903260000008
14819,560.5827799999993
14820,567.7803060000008
14821,613.5255470000004
14822,416.3749440000001
14823,469.80514700000043
14824,575.8648399999994
14825,475.6988340000002
14826,492.19686900000045
14827,616.507693
14828,307.305386
14829,754.611596
14830,667.755417
14831,649.1674739999997
14832,340.06506
14833,582.5869590000007
14834,675.8064790000001
14835,561.2684329999994
14836,480.1307360000005
14837,509.418213
14838,410.81545400000016
14839,602.07237
14840,572.8418999999994
14841,585.0361679999999
14842,487.90670000000085
14843,655.6202479999994
14844,549.8712170000005
14845,618.5018920000006
14846,674.300761999999
14847,376.5594770000005
14848,351.7174999999995
14849,329.43874599999964
14850,457.44456500000086
14851,335.9229
14852,468.0640800000003
14853,522.7039820000001
14854,581.8500520000003
14855,722.6814000000012
14856,651.9995190000005
14857,508.9344379999997
14858,612.3158480000009
14859,417.84039000000047
14860,382.18591100000054
14861,554.6833400000002
14862,482.49678800000004
14863,560.8264979999998
14864,475.07280299999996
14865,517.4624759999999
14866,716.4964019999996
14867,604.2245150000003
14868,493.9902360000009
14869,321.70566799999943
14870,515.1999779999994
14871,605.3913279999995
14872,631.7107800000005
14873,681.6070720000004
14874,451.67796699999997
14875,497.5754009999997
14876,330.81475899999964
14877,674.057567
14878,590.1082219999996
14879,642.0870999999987
14880,316.7418750000007
14881,343.50639999999925
14882,530.2697000000003
14883,425.1011990000002
14884,595.3016119999992
14885,413.3629870000001
14886,352.0312999999996
14887,484.1562670000006
14888,465.0829800000005
14889,504.8759580000007
14890,651.6062229999994
14891,573.8026510000003
14892,324.7547580000005
14893,629.7134430000004
14894,506.90833599999957
14895,272.42651599999965
14896,565.6475120000007
14897,554.1906740000001
14898,506.9559289999998
14899,470.40241299999985
14900,563.9033069999995
14901,546.2259070000002
14902,651.9979500000002
14903,326.54446399999944
14904,327.89694200000037
14905,396.22480000000064
14906,534.5708519999993
14907,592.5391259999997
14908,343.50639999999925
14909,564.2646999999998
14910,505.27396099999953
14911,563.9943090000002
14912,494.6235890000002
14913,542.0539360000004
14914,639.2189679999997
14915,327.73428900000033
14916,354.697031
14917,320.20570399999974
14918,560.3061130000001
14919,632.1741579999997
14920,532.2811579999999
14921,508.54584900000043
14922,370.3394380000001
14923,435.4665360000004
14924,526.5187440000002
14925,365.31550000000016
14926,409.05189800000005
14927,562.4551199999994
14928,463.21325500000086
14929,416.2358259999998
14930,339.24133500000005
14931,458.91210300000085
14932,601.6879650000001
14933,396.22480000000064
14934,582.0786029999998
14935,310.2022829999998
14936,725.9762999999999
14937,633.6725529999998
14938,515.4374199999995
14939,450.8652250000006
14940,718.3070279999997
14941,551.4872870000004
14942,492.94528200000025
14943,488.91556700000046
14944,573.9443839999999
14945,696.5151869999993
14946,476.9953510000004
14947,454.6465149999998
14948,591.2300569999996
14949,655.5041419999994
14950,428.33072400000003
14951,460.4523380000004
14952,321.90650000000045
14953,735.116771000001
14954,347.47649300000035
14955,713.8824479999994
14956,487.8889180000002
14957,682.1515150000009
14958,310.255629
14959,347.10934699999956
14960,610.599884999999
14961,659.1813550000007
14962,573.2540240000005
14963,413.8179970000003
14964,447.5619570000001
14965,597.2079469999991
14966,595.0312209999997
14967,725.9762999999999
14968,497.78093999999976
14969,514.6649490000009
14970,313.8083679999998
14971,310.81837699999943
14972,725.2179500000009
14973,544.0805609999995
14974,453.2349380000007
14975,518.788804
14976,584.6428720000005
14977,679.0647690000002
14978,449.4505099999996
14979,535.6016849999992
14980,666.018010999999
14981,577.4683579999994
14982,398.18291199999993
14983,441.27026700000016
14984,696.039257
14985,604.3976280000002
14986,545.575295
14987,600.3815110000007
14988,594.749846999999
14989,410.9838600000003
14990,512.4286010000001
14991,576.5656599999998
14992,350.32684300000017
14993,403.4824709999999
14994,629.654867
14995,722.9429000000007
14996,534.8522260000003
14997,474.11937399999954
14998,539.1627920000005
14999,724.9459899999995
15000,475.36777500000056
15001,605.7119270000001
15002,518.8290749999996
15003,326.7180999999998
15004,317.2334950000002
15005,769.6990999999991
15006,322.1156999999998
15007,758.791412
15008,354.61805799999945
15009,524.4905500000004
15010,463.0903500000004
15011,281.4785999999996
15012,481.85872799999976
15013,579.9186130000004
15014,458.102499
15015,547.2609239999992
15016,354.3738170000004
15017,335.8857669999998
15018,491.8579650000001
15019,468.3041369999999
15020,398.8220179999994
15021,631.7479130000006
15022,538.2193000000004
15023,519.8729830000007
15024,460.1442910000002
15025,375.7310450000002
15026,659.420889
15027,360.7131000000006
15028,568.0622029999996
15029,632.4780209999994
15030,453.8803200000007
15031,688.5368220000001
15032,476.84734200000025
15033,762.5810699999998
15034,570.5406999999993
15035,448.97981000000055
15036,482.79908200000034
15037,596.9950860000004
15038,456.20296300000007
15039,454.73594800000086
15040,393.4628370000002
15041,654.3959050000008
15042,581.1236050000006
15043,604.4368530000002
15044,422.85857500000014
15045,512.9672910000004
15046,512.8218970000004
15047,513.7669579999995
15048,592.1259560000005
15049,642.0870999999987
15050,559.8422119999993
15051,601.4243730000002
15052,349.1286499999998
15053,517.8657090000005
15054,360.7131000000006
15055,535.1409220000005
15056,765.4889499999997
15057,572.3377280000001
15058,695.5314240000007
15059,459.33521
15060,553.8334649999994
15061,389.73384699999997
15062,402.11691799999994
15063,477.83162799999974
15064,473.07232799999997
15065,364.108939
15066,753.568733999999
15067,526.3529529999996
15068,405.52844700000014
15069,599.9960599999999
15070,537.5498600000001
15071,308.8257469999999
15072,642.0870999999987
15073,715.150200000002
15074,504.01405399999953
15075,477.7348729999997
15076,396.22480000000064
15077,620.1995500000003
15078,379.2712320000001
15079,567.5643069999998
15080,535.3935309999999
15081,615.5150390000006
15082,473.4117549999999
15083,373.72011000000026
15084,343.3740809999997
15085,558.7161930000009
15086,396.07522200000017
15087,521.9529540000008
15088,480.7839630000007
15089,438.70913599999955
15090,527.5736350000002
15091,448.17072899999926
15092,423.39255800000007
15093,371.78605600000003
15094,564.2646999999998
15095,563.2338670000001
15096,491.99342200000035
15097,380.5870999999996
15098,716.2213039999993
15099,578.0222149999996
15100,522.5340070000003
15101,541.6637779999998
15102,460.5731510000007
15103,378.57825700000035
15104,486.88005100000055
15105,643.7345500000001
15106,718.9158000000011
15107,713.0482629999996
15108,316.53215200000017
15109,352.0312999999996
15110,756.7292229999989
15111,574.5385120000005
15112,432.8473519999999
15113,586.7672979999996
15114,677.3226560000003
15115,561.8552389999993
15116,440.3994720000005
15117,556.9264869999996
15118,611.5543600000009
15119,348.3190459999995
15120,653.5554439999997
15121,479.16736999999995
15122,525.8801609999997
15123,637.5024819999996
15124,541.1951700000004
15125,396.22480000000064
15126,511.00761000000074
15127,474.5330669999995
15128,473.5425050000007
15129,662.019676
15130,358.09182400000003
15131,325.0173040000004
15132,454.5000750000008
15133,612.3440900000002
15134,458.64484999999985
15135,759.6051999999996
15136,528.6180659999995
15137,419.56315200000006
15138,386.92376800000056
15139,710.5190350000001
15140,462.83983299999977
15141,624.2004999999994
15142,569.8503399999994
15143,588.0889189999996
15144,518.9022949999995
15145,507.45120999999983
15146,597.4521880000001
15147,608.0513059999997
15148,580.7161879999994
15149,488.4150560000005
15150,412.9644610000003
15151,427.299368
15152,716.2213039999993
15153,559.6178449999996
15154,548.9716569999996
15155,467.2900400000006
15156,539.9148660000006
15157,679.3555569999993
15158,594.5437850000008
15159,511.4071820000004
15160,468.3224420000003
15161,558.8558340000005
15162,413.0659229999999
15163,721.1877119999995
15164,345.0288529999993
15165,484.14110000000016
15166,603.8819499999997
15167,607.5555019999996
15168,632.5946500000009
15169,420.73258000000015
15170,326.4231279999998
15171,695.8436550000011
15172,460.704424
15173,587.0988799999997
15174,725.9762999999999
15175,612.9758740000002
15176,377.49198600000057
15177,773.1195200000008
15178,289.5150180000003
15179,486.25454300000007
15180,701.4366169999997
15181,560.6601840000003
15182,639.1541159999994
15183,524.1919169999995
15184,453.7553230000009
15185,362.51640400000025
15186,599.856419
15187,487.5154960000002
15188,407.09274000000005
15189,537.4138800000004
15190,357.22364399999975
15191,477.92629100000056
15192,580.762212
15193,478.3650880000009
15194,321.6554599999998
15195,495.6382089999999
15196,435.63546499999984
15197,545.8697439999995
15198,331.88534
15199,631.4257449999994
15200,417.94603600000033
15201,457.52510700000016
15202,452.92846000000077
15203,560.0545500000004
15204,462.32886200000013
15205,589.9936849999998
15206,489.7466139999997
15207,453.4765640000003
15208,465.83400800000027
15209,460.3895780000004
15210,675.9769769999991
15211,659.0270699999998
15212,576.3585520000006
15213,460.92722200000054
15214,701.5134979999998
15215,538.2491109999999
15216,480.3352289999994
15217,562.6052210000005
15218,544.1020039999999
15219,424.37893600000024
15220,417.82260800000057
15221,386.7490860000003
15222,699.8404209999997
15223,383.63828200000006
15224,597.8732030000009
15225,422.9265650000009
15226,453.44727599999976
15227,591.7070330000003
15228,322.3405900000004
15229,713.9300409999996
15230,461.40367500000013
15231,583.5205139999994
15232,518.2396540000007
15233,453.0864059999998
15234,315.65717299999943
15235,523.3033399999994
15236,673.8060040000007
15237,662.0432110000003
15238,281.4785999999996
15239,449.15239999999926
15240,418.5568999999996
15241,552.9600550000005
15242,399.8852770000001
15243,513.6168569999998
15244,496.18317500000006
15245,654.9738200000002
15246,330.4000199999998
15247,458.1527070000004
15248,660.6169900000008
15249,564.2646999999998
15250,511.5123049999997
15251,453.64601599999975
15252,532.083464
15253,460.492608999999
15254,748.0991999999985
15255,517.148152999999
15256,620.9171060000004
15257,440.6499890000007
15258,588.2740610000008
15259,512.3464900000004
15260,598.3632540000002
15261,683.9119329999999
15262,548.0564069999997
15263,382.05150000000066
15264,431.54037500000027
15265,467.43020399999995
15266,451.0540280000002
15267,507.6091559999995
15268,564.7008819999999
15269,445.2408830000002
15270,483.132233
15271,343.74698000000006
15272,573.0929399999994
15273,366.6297989999995
15274,569.7739819999994
15275,537.489715000001
15276,725.9762999999999
15277,459.56219200000055
15278,572.2765369999996
15279,670.6664350000009
15280,425.06197400000013
15281,652.7542079999993
15282,496.5341080000004
15283,759.6051999999996
15284,438.31270199999955
15285,578.8773200000007
15286,392.8509270000002
15287,405.2230150000001
15288,514.0818040000001
15289,485.87170699999973
15290,568.5810190000007
15291,398.37171500000017
15292,561.8761589999995
15293,470.65031500000026
15294,566.1145509999997
15295,315.9275640000004
15296,507.95172099999996
15297,725.9762999999999
15298,697.0805500000001
15299,444.3026209999996
15300,715.150200000002
15301,703.0030019999998
15302,501.5810580000005
15303,561.9211370000008
15304,381.7078890000005
15305,555.4437819999996
15306,493.60007800000017
15307,723.0909090000001
15308,458.9460980000002
15309,416.23582599999975
15310,541.1988310000003
15311,559.9928360000001
15312,354.06054000000023
15313,322.3751080000003
15314,521.2380130000006
15315,534.7612239999997
15316,709.6623609999994
15317,748.0991999999985
15318,585.9461879999994
15319,548.4533640000008
15320,609.5952019999999
15321,559.5597919999994
15322,548.6866219999999
15323,535.2533670000003
15324,352.21644200000014
15325,608.6276520000006
15326,609.568529
15327,611.8828040000006
15328,550.0343930000003
15329,505.51977100000016
15330,551.8057940000002
15331,395.6531610000001
15332,489.06357600000024
15333,628.3301079999998
15334,396.12019999999956
15335,554.8522689999999
15336,489.8695190000002
15337,427.3521910000003
15338,687.4981440000005
15339,449.15239999999926
15340,456.6574500000003
15341,471.8364790000003
15342,501.29131600000017
15343,608.928376999999
15344,524.8796620000003
15345,312.9428029999995
15346,492.90135000000055
15347,562.0717609999998
15348,455.77985600000085
15349,679.9543919999993
15350,722.6814000000012
15351,527.1620339999996
15352,335.01235699999955
15353,584.7877429999995
15354,376.16252000000003
15355,595.8052609999999
15356,582.4854970000004
15357,568.5485929999996
15358,351.7174999999995
15359,506.993062
15360,541.9608419999998
15361,411.60832199999976
15362,595.4428220000005
15363,623.9201720000005
15364,710.4609820000002
15365,342.0017290000004
15366,489.8689960000001
15367,545.835226000001
15368,471.16808500000064
15369,459.1364700000002
15370,709.3710500000004
15371,394.78132
15372,715.150200000002
15373,463.7221339999999
15374,568.993666
15375,345.24746700000003
15376,725.9762999999999
15377,470.52374899999995
15378,464.39628100000016
15379,568.5763120000007
15380,666.3542999999994
15381,416.75464200000056
15382,485.21848000000057
15383,386.4494070000001
15384,483.68347500000016
15385,294.0933600000003
15386,662.0526250000008
15387,765.0956539999997
15388,470.1576490000002
15389,592.4397559999994
15390,454.4012279999994
15391,504.77135800000025
15392,774.0384310000009
15393,451.42065100000013
15394,550.8507959999997
15395,556.4934429999998
15396,476.2307249999996
15397,617.2942850000004
15398,456.989032
15399,416.6908359999998
15400,459.1050900000001
15401,546.8895940000004
15402,519.0984200000004
15403,483.0312940000009
15404,553.2864070000005
15405,563.1794749999999
15406,459.38228000000066
15407,651.0460900000007
15408,409.9864989999998
15409,689.3663000000009
15410,764.0339639999999
15411,376.16774999999996
15412,669.8610150000006
15413,636.143205
15414,563.237528
15415,464.67660899999964
15416,593.8926499999999
15417,558.6895200000005
15418,470.1707240000001
15419,750.7413960000003
15420,558.4102379999999
15421,497.62456300000076
15422,504.89740099999995
15423,490.53529799999995
15424,769.6990999999991
15425,360.0332000000006
15426,757.7668550000012
15427,563.5769550000008
15428,381.736654
15429,373.25150199999996
15430,512.4176180000001
15431,494.01586299999985
15432,385.0744400000003
15433,278.70669999999967
15434,565.3065159999995
15435,577.3658499999999
15436,527.059526000001
15437,602.2130570000011
15438,326.2578599999998
15439,460.3095589999999
15440,501.08368499999966
15441,456.8964609999997
15442,646.2606400000008
15443,692.0288929999992
15444,584.9451659999994
15445,534.9944820000002
15446,672.295057
15447,524.0559370000003
15448,390.9424999999995
15449,479.7343020000008
15450,374.98210900000015
15451,564.4127089999996
15452,715.150200000002
15453,413.1705230000001
15454,769.4036049999999
15455,363.72767200000015
15456,470.5023060000006
15457,489.7596890000005
15458,643.4871710000008
15459,474.7982280000001
15460,667.7951650000009
15461,685.3559360000004
15462,292.2272959999997
15463,714.9070050000004
15464,618.2299319999998
15465,418.521336
15466,472.3767380000001
15467,351.7174999999995
15468,680.7237250000003
15469,545.9314580000002
15470,579.5315930000011
15471,452.41435099999995
15472,568.21335
15473,346.5481680000002
15474,672.1826120000011
15475,694.4137729999999
15476,399.0322640000002
15477,718.9158000000011
15478,563.0105459999999
15479,454.3039499999999
15480,360.7131000000006
15481,359.30413800000053
15482,458.7086560000009
15483,344.77153699999957
15484,445.93804200000073
15485,507.5144930000006
15486,549.4909959999999
15487,396.22480000000064
15488,489.21367700000076
15489,438.90526100000045
15490,652.0528649999995
15491,447.79260000000016
15492,370.0141320000002
15493,502.2855390000007
15494,596.1378889999999
15495,560.6282809999996
15496,473.903898
15497,470.10064199999937
15498,591.0119659999996
15499,475.69778799999983
15500,343.73128999999994
15501,660.913008
15502,550.2875250000001
15503,645.2946589999997
15504,476.81700799999993
15505,515.0880559999998
15506,449.0828410000002
15507,539.2626850000006
15508,486.7053690000002
15509,672.4075020000005
15510,281.4785999999996
15511,432.2265510000003
15512,564.2646999999998
15513,337.3036199999999
15514,396.22480000000064
15515,442.8764000000007
15516,476.4095909999998
15517,681.7404369999994
15518,399.38372
15519,469.01071000000064
15520,575.0777249999995
15521,686.5227489999997
15522,536.4269790000008
15523,696.2866359999997
15524,415.23584999999986
15525,386.63768699999986
15526,544.8504169999995
15527,691.6209529999994
15528,481.45654100000036
15529,493.70781600000095
15530,559.142961
15531,478.4890390000009
15532,452.5817110000002
15533,495.6099670000005
15534,545.1914129999999
15535,722.9429000000007
15536,710.4588900000016
15537,615.6823989999997
15538,400.5641310000003
15539,722.6814000000012
15540,605.8955000000004
15541,451.75955500000055
15542,590.8127029999999
15543,533.3433710000004
15544,403.377871
15545,414.63962999999995
15546,534.9364289999997
15547,632.8896219999998
15548,697.1380800000006
15549,338.85797599999984
15550,430.08225100000067
15551,587.6197880000004
15552,301.5889960000003
15553,560.1455519999997
15554,428.25855
15555,530.4480429999996
15556,479.7567910000005
15557,281.4785999999996
15558,631.1548310000007
15559,343.50639999999925
15560,457.1025230000008
15561,278.70669999999967
15562,581.3584319999994
15563,417.66256999999973
15564,609.0936449999999
15565,517.3343410000002
15566,431.40073400000045
15567,552.3397770000004
15568,498.2605310000007
15569,657.8712400000001
15570,490.7926140000001
15571,292.67079999999993
15572,397.5469440000005
15573,360.7131000000006
15574,337.60068400000023
15575,409.635566
15576,715.2893180000001
15577,479.4738479999998
15578,584.485972
15579,554.1922429999988
15580,479.44822099999976
15581,421.8585989999997
15582,633.2672279999996
15583,334.5421799999999
15584,602.5122129999993
15585,636.4883849999992
15586,480.84149300000036
15587,561.3777399999993
15588,670.8876639999994
15589,390.56384800000023
15590,538.8793260000001
15591,580.8181730000003
15592,557.8694560000007
15593,756.5064250000012
15594,466.2503160000008
15595,378.8611999999994
15596,558.1727959999994
15597,662.863274999999
15598,534.8653010000005
15599,350.86187199999983
15600,463.0192219999992
15601,520.5241180000004
15602,515.3197449999998
15603,518.8818980000001
15604,562.5037590000002
15605,428.8809199999998
15606,513.059339000001
15607,668.8171069999999
15608,577.7173060000008
15609,735.3118500000007
15610,427.70992300000006
15611,648.6387209999997
15612,515.9661729999999
15613,449.15239999999926
15614,428.62831099999994
15615,348.9801179999997
15616,509.05891199999985
15617,477.621905
15618,640.0406009999996
15619,718.9158000000011
15620,422.06989100000015
15621,456.6909220000008
15622,692.3181120000005
15623,516.1167970000006
15624,378.7110989999994
15625,643.347007
15626,707.1545759999993
15627,460.13749199999967
15628,303.2699179999996
15629,777.2826000000001
15630,499.3577850000001
15631,475.7019720000002
15632,461.72636599999913
15633,419.684488
15634,569.0888520000001
15635,488.7654660000003
15636,416.3419950000001
15637,689.3663000000009
15638,441.38898800000055
15639,544.6731200000004
15640,355.0882350000005
15641,438.3100870000007
15642,609.596248000001
15643,409.9273999999997
15644,406.31713099999996
15645,395.8315040000002
15646,337.4819630000004
15647,658.2833640000005
15648,516.73446
15649,718.9158000000011
15650,422.7084739999998
15651,487.389453
15652,554.3763389999996
15653,568.0402369999993
15654,459.32579599999923
15655,642.0870999999987
15656,411.04818899999964
15657,423.8920230000004
15658,532.3998789999996
15659,480.24265800000023
15660,542.2547679999994
15661,476.62140600000066
15662,579.3051339999994
15663,508.06887299999966
15664,495.2961670000002
15665,528.2085570000004
15666,499.7123789999998
15667,445.2769699999998
15668,308.11080599999985
15669,552.4004450000006
15670,335.0149720000001
15671,411.39650700000027
15672,666.967778999999
15673,581.3139769999996
15674,538.603182
15675,465.72627000000006
15676,366.7798999999995
15677,710.2339999999984
15678,566.5371349999999
15679,624.0462149999998
15680,508.7587100000003
15681,385.7647999999995
15682,417.0234639999999
15683,494.3903310000008
15684,734.3547599999994
15685,353.6374330000002
15686,676.7034240000004
15687,469.2831930000003
15688,612.0538250000006
15689,491.01907299999993
15690,393.384387
15691,454.57434099999983
15692,624.39924
15693,327.0658950000004
15694,627.698847
15695,586.2976439999993
15696,759.1010279999999
15697,372.653713
15698,399.80316599999975
15699,347.35411099999925
15700,460.5056839999998
15701,404.41550300000034
15702,578.237168
15703,304.17680000000036
15704,436.8571929999999
15705,598.3538399999994
15706,322.8693429999997
15707,312.81571399999984
15708,678.323155000001
15709,554.8350100000005
15710,506.191826
15711,568.7933570000001
15712,519.0163090000002
15713,411.6135520000002
15714,408.7244999999995
15715,335.14990599999976
15716,405.7041749999999
15717,466.1211349999999
15718,602.5001839999998
15719,472.48604500000044
15720,521.7981460000003
15721,547.5794309999994
15722,362.8354339999995
15723,528.1672400000006
15724,661.0955350000008
15725,445.74348600000064
15726,638.9600829999996
15727,559.858425
15728,500.6501179999999
15729,511.8057079999995
15730,529.2090559999998
15731,359.4730670000001
15732,537.0707920000001
15733,490.67807700000077
15734,549.2744739999996
15735,476.4237119999998
15736,578.4688570000004
15737,547.0815349999997
15738,351.7174999999995
15739,447.4348679999997
15740,500.8054490000002
15741,418.40679899999964
15742,548.8712410000009
15743,394.3942999999996
15744,766.9235389999998
15745,366.86671800000005
15746,656.7886300000007
15747,415.3681690000005
15748,555.2047710000004
15749,547.7159339999988
15750,487.45273600000013
15751,543.1077809999999
15752,667.9112709999989
15753,460.3106050000004
15754,373.99729999999994
15755,316.754427
15756,497.1094080000003
15757,777.2826000000001
15758,464.42190800000003
15759,486.2833080000002
15760,512.4249400000002
15761,337.36062699999974
15762,462.9763360000004
15763,619.3454909999998
15764,589.9429539999994
15765,455.36354800000066
15766,697.3101470000005
15767,564.5601950000007
15768,528.4564589999999
15769,711.3662950000002
15770,722.9429000000007
15771,324.5764150000004
15772,428.9096850000003
15773,629.4132410000003
15774,471.5608579999995
15775,359.694296
15776,551.0197249999993
15777,459.5130300000008
15778,769.7513999999996
15779,309.6086779999995
15780,543.9696850000003
15781,464.0008929999993
15782,328.96386199999944
15783,557.3971870000001
15784,393.56952900000084
15785,455.6323699999993
15786,557.6471809999994
15787,360.7131000000006
15788,351.2928240000001
15789,503.3744250000008
15790,411.35309799999976
15791,551.6065310000008
15792,638.1102080000001
15793,475.26056000000085
15794,397.372785
15795,314.37948400000033
15796,440.1567999999996
15797,543.9822369999998
15798,606.8044740000007
15799,397.7054130000005
15800,494.64189399999975
15801,366.7798999999995
15802,439.0140449999997
15803,498.24013399999984
15804,579.1126700000003
15805,584.8457960000001
15806,531.196979000001
15807,415.23584999999986
15808,495.72136599999993
15809,561.0968890000003
15810,722.6814000000012
15811,350.64221200000037
15812,402.7309199999999
15813,475.7720539999998
15814,380.4369989999995
15815,500.91423300000076
15816,388.3306380000002
15817,621.6937609999998
15818,354.22633099999985
15819,329.0156389999996
15820,620.4307159999994
15821,572.1442179999999
15822,516.752242
15823,433.2620910000008
15824,581.3887659999997
15825,349.5151470000005
15826,539.1873729999999
15827,636.6583600000001
15828,592.2389239999997
15829,430.42900000000003
15830,562.2757310000007
15831,517.0142649999997
15832,421.41300300000034
15833,337.6916860000004
15834,643.9202149999998
15835,659.1949530000009
15836,448.4944659999998
15837,652.8065079999999
15838,752.4034900000012
15839,449.15239999999926
15840,736.0372510000001
15841,281.4785999999996
15842,338.35171200000053
15843,582.6763920000003
15844,544.2207250000001
15845,604.5759710000001
15846,430.48653000000064
15847,686.9625920000004
15848,548.4821289999995
15849,530.6551509999997
15850,531.863803999999
15851,457.65167300000076
15852,446.2073869999993
15853,360.61896000000024
15854,632.2212280000003
15855,630.940924
15856,682.1426240000004
15857,430.6381999999999
15858,459.3231810000002
15859,443.0348690000003
15860,631.8734329999993
15861,685.0510269999993
15862,553.8151599999992
15863,546.196096
15864,520.8530850000009
15865,331.39162800000014
15866,445.80572300000017
15867,647.475569
15868,446.6310169999997
15869,396.22480000000064
15870,352.0312999999996
15871,329.47483299999965
15872,360.0332000000006
15873,487.36644099999955
15874,380.073514
15875,455.0215060000009
15876,715.150200000002
15877,419.33773900000034
15878,385.5639680000001
15879,581.7851999999997
15880,557.0478229999995
15881,437.588347
15882,389.09735600000045
15883,539.0069379999998
15884,763.4346059999998
15885,628.1277069999996
15886,604.517394999999
15887,450.59221900000057
15888,471.4196479999994
15889,546.4016350000002
15890,623.1848339999996
15891,569.0810069999998
15892,399.33194300000025
15893,588.2045020000006
15894,634.954426
15895,542.5832119999995
15896,573.0359329999999
15897,426.0880999999997
15898,367.72025400000064
15899,488.4401600000004
15900,605.8400620000004
15901,316.57033100000046
15902,777.2826000000001
15903,627.2542969999998
15904,722.6814000000012
15905,599.7847679999996
15906,578.0745150000004
15907,506.1667219999991
15908,542.5089459999999
15909,317.2470930000005
15910,648.8840080000008
15911,598.2121070000005
15912,472.03417300000046
15913,489.5531039999994
15914,581.9468069999999
15915,552.5568219999989
15916,492.4510470000004
15917,586.3253630000005
15918,574.5222990000003
15919,360.0332000000006
15920,589.7860539999995
15921,539.3301519999997
15922,599.8558959999999
15923,564.9106049999996
15924,551.9590330000009
15925,504.1510800000004
15926,551.8314209999998
15927,446.33918300000005
15928,465.4145619999999
15929,612.340952
15930,435.1417529999999
15931,528.3319849999996
15932,462.46954900000003
15933,614.58776
15934,450.3610530000002
15935,563.9289339999995
15936,358.00239099999976
15937,645.0059630000005
15938,574.1101749999999
15939,352.8932040000005
15940,454.9101070000002
15941,373.53339899999946
15942,437.09254300000043
15943,624.6879360000006
15944,592.345093
15945,722.9429000000007
15946,523.2065850000008
15947,329.01929999999976
15948,351.29282399999994
15949,460.0794390000002
15950,633.9507890000002
15951,500.90795699999967
15952,338.6414539999995
15953,332.9899159999997
15954,351.94814299999945
15955,395.8367339999996
15956,676.3551059999998
15957,463.93708699999956
15958,649.8295919999997
15959,307.7457519999998
15960,710.2000050000005
15961,342.58173600000055
15962,502.3373159999999
15963,403.0237999999997
15964,461.4277329999999
15965,390.57221600000014
15966,497.80604399999936
15967,625.06345
15968,489.9484919999998
15969,585.9320670000001
15970,521.955046
15971,490.44429599999995
15972,568.8817440000003
15973,440.0469700000005
15974,445.2978899999999
15975,560.6518159999993
15976,689.6403520000005
15977,571.1536559999997
15978,616.8329990000007
15979,317.96935600000006
15980,450.5770520000006
15981,380.05050200000034
15982,403.13519900000045
15983,360.7131000000006
15984,406.32549899999964
15985,518.147606
15986,751.2628270000013
15987,436.5512380000002
15988,542.9503580000008
15989,522.9320100000008
15990,469.61111399999953
15991,690.1759040000004
15992,566.6202919999995
15993,597.3339899999997
15994,568.7468099999994
15995,383.11475900000033
15996,454.6862629999999
15997,553.8067919999993
15998,682.1426240000004
15999,761.873973999999
16000,624.1523839999995
16001,543.6020159999995
16002,423.9176500000001
16003,406.32549899999964
16004,579.314025
16005,490.7889529999996
16006,481.7954450000006
16007,546.5334309999997
16008,405.40658800000034
16009,396.22480000000064
16010,645.0258369999997
16011,646.5849000000012
16012,442.9250389999995
16013,333.10863700000004
16014,489.07037500000087
16015,488.3606639999998
16016,423.44015100000036
16017,356.78693899999945
16018,559.2371009999994
16019,710.2339999999984
16020,710.2339999999984
16021,413.4670639999998
16022,455.5476440000009
16023,646.5849000000012
16024,486.2299620000001
16025,353.999872
16026,508.77858400000105
16027,485.48625600000065
16028,551.5123909999999
16029,496.19520399999965
16030,701.9156850000003
16031,559.6894959999997
16032,482.7656100000006
16033,650.5884649999995
16034,557.8087879999995
16035,382.31299999999953
16036,742.7389729999991
16037,718.3070279999998
16038,507.63687500000015
16039,416.8309999999997
16040,671.623525000001
16041,452.18946099999977
16042,539.0273349999995
16043,334.34762400000034
16044,483.8597259999996
16045,478.1260770000008
16046,739.469700000001
16047,524.6934740000007
16048,469.17493199999916
16049,713.478692
16050,313.23777499999943
16051,629.056032
16052,632.4346119999994
16053,489.21890700000085
16054,515.2235129999997
16055,710.2339999999984
16056,439.7760559999996
16057,755.3798830000004
16058,331.507734
16059,654.1323130000002
16060,433.93989899999985
16061,366.47446799999983
16062,450.80717200000043
16063,429.6915700000004
16064,503.41678800000017
16065,669.7836109999996
16066,453.77676600000086
16067,656.837792
16068,382.40870899999993
16069,448.17072899999926
16070,426.22355700000037
16071,491.39092600000004
16072,570.7054449999993
16073,466.6650550000006
16074,570.2687399999994
16075,352.0312999999996
16076,565.7087030000005
16077,308.5297290000003
16078,465.2362190000007
16079,571.1123390000002
16080,327.96650100000005
16081,396.22480000000064
16082,470.7580529999994
16083,437.1652399999997
16084,333.5014100000004
16085,474.7490660000005
16086,564.8033899999992
16087,645.5022900000002
16088,565.6380980000006
16089,573.1520389999997
16090,441.29537100000044
16091,565.0523379999994
16092,739.248994000001
16093,540.0105749999999
16094,381.8077820000002
16095,565.5418659999991
16096,600.4254429999994
16097,625.4954479999992
16098,694.9958720000005
16099,489.68960700000076
16100,437.81062200000014
16101,486.73047300000013
16102,603.16544
16103,452.8996949999999
16104,396.22480000000064
16105,347.4581879999997
16106,483.9350380000007
16107,684.4333639999994
16108,578.6278490000005
16109,471.67068800000044
16110,532.5384739999992
16111,441.59714199999956
16112,527.9826210000003
16113,599.211037000001
16114,663.1310509999996
16115,538.4776619999998
16116,541.0978920000002
16117,417.8116250000001
16118,586.575880000001
16119,467.8130400000001
16120,382.6790999999999
16121,406.3757070000003
16122,296.3129720000005
16123,343.50639999999925
16124,307.1892799999994
16125,710.2339999999984
16126,604.967175
16127,514.3610860000007
16128,464.94490799999915
16129,633.7211920000001
16130,556.1383259999998
16131,615.5396200000006
16132,692.8536640000005
16133,603.4666880000005
16134,596.2236609999999
16135,370.41474999999997
16136,328.87599800000055
16137,551.4899019999997
16138,678.3937600000004
16139,672.1020700000008
16140,642.0870999999987
16141,627.3212410000003
16142,469.0185549999996
16143,441.02916400000066
16144,594.6583219999998
16145,426.4902870000002
16146,485.7289280000002
16147,442.51082299999956
16148,307.30538599999994
16149,570.4700950000002
16150,568.6709749999993
16151,464.8350780000001
16152,392.8090870000005
16153,455.60622000000023
16154,750.7319820000002
16155,558.7627400000002
16156,521.2782840000008
16157,462.079390999999
16158,535.3825479999991
16159,576.0719479999996
16160,389.19044999999977
16161,537.5702570000002
16162,382.379944
16163,559.2423309999998
16164,759.6051999999996
16165,542.7720149999998
16166,537.4834390000009
16167,397.92350400000004
16168,573.5291220000003
16169,457.3478099999998
16170,754.7277020000005
16171,517.5864270000003
16172,606.1601380000005
16173,631.9816939999997
16174,552.932336
16175,341.90706599999976
16176,360.0332000000006
16177,460.16050399999995
16178,587.0575629999998
16179,517.67063
16180,448.69791299999974
16181,543.0659410000001
16182,530.0908340000007
16183,469.58339499999994
16184,769.6990999999991
16185,615.4705840000006
16186,350.3247510000004
16187,556.3674000000004
16188,516.7051719999996
16189,627.4974920000005
16190,553.6017760000002
16191,548.0741890000007
16192,561.3542049999993
16193,508.945421
16194,626.7318199999995
16195,731.259123000001
16196,468.9045410000006
16197,496.1381970000008
16198,702.3393150000012
16199,417.75671000000034
16200,452.13349999999986
16201,577.1284079999998
16202,367.2798879999999
16203,758.6366039999998
16204,661.0400970000011
16205,457.1752200000005
16206,440.36286200000023
16207,571.9078220000005
16208,685.7565540000003
16209,517.7992879999998
16210,586.4048589999998
16211,422.4276230000009
16212,612.1192000000007
16213,480.4246619999997
16214,718.9158000000011
16215,352.0312999999996
16216,565.4775370000001
16217,522.6213480000001
16218,735.116771000001
16219,455.7798560000008
16220,524.451325
16221,328.55905999999976
16222,440.4502030000006
16223,417.46644499999996
16224,407.24964000000006
16225,585.8065469999999
16226,389.2165999999995
16227,500.72176900000056
16228,578.4013899999998
16229,580.0373339999998
16230,533.8538190000005
16231,530.6326619999996
16232,483.87750800000055
16233,360.77324499999986
16234,416.4382270000004
16235,516.0493300000005
16236,609.2740800000007
16237,347.4728320000003
16238,306.35038800000007
16239,612.0255830000003
16240,627.7370259999998
16241,380.24296599999997
16242,715.3306350000014
16243,466.3904800000002
16244,707.1545759999993
16245,418.2420540000001
16246,435.69770199999965
16247,504.6087049999997
16248,649.04823
16249,524.6777839999993
16250,530.0489940000007
16251,722.681400000001
16252,647.1262050000001
16253,722.6814000000012
16254,441.4454720000002
16255,598.9296629999997
16256,589.8498599999999
16257,421.74719999999996
16258,370.56223600000044
16259,480.78814700000015
16260,486.86017700000014
16261,397.1149460000002
16262,473.6036960000001
16263,532.4459030000007
16264,561.2417600000007
16265,686.4207640000001
16266,506.94965299999984
16267,557.981901000001
16268,570.5406999999993
16269,459.3284110000002
16270,758.8175619999988
16271,545.055433
16272,269.1880999999996
16273,476.57276700000045
16274,584.5503010000008
16275,490.35172500000016
16276,712.87515
16277,450.7679469999996
16278,446.85538400000036
16279,308.8325460000004
16280,624.8249619999995
16281,650.3740350000004
16282,310.7221449999999
16283,597.3397429999999
16284,297.3767539999999
16285,455.2270450000007
16286,441.99671399999954
16287,616.661455
16288,645.2946589999999
16289,558.8328220000006
16290,519.6465240000001
16291,722.6814000000012
16292,560.4776570000008
16293,754.1471720000002
16294,484.80531000000053
16295,555.1142919999999
16296,319.4065600000003
16297,327.52979600000026
16298,637.0370120000003
16299,506.5160860000006
16300,553.2074339999998
16301,330.17356099999944
16302,513.815597
16303,648.3196909999996
16304,607.5314439999999
16305,580.9285259999998
16306,463.0192219999993
16307,538.065015
16308,352.434533
16309,460.78444300000064
16310,571.7666120000009
16311,714.0822339999999
16312,568.1939989999994
16313,590.6474350000003
16314,373.3231530000005
16315,689.3663000000009
16316,560.1554890000003
16317,458.0067900000007
16318,533.3815499999993
16319,507.87588599999975
16320,532.7058340000003
16321,360.0332000000006
16322,472.3244379999989
16323,545.9916030000007
16324,732.7883750000007
16325,348.1914339999998
16326,511.50602900000064
16327,409.9702860000002
16328,745.295397
16329,560.1732710000005
16330,438.7656200000001
16331,341.9666879999999
16332,400.68389799999983
16333,695.5314240000006
16334,668.0603259999999
16335,450.93530700000025
16336,417.9340069999998
16337,387.03359800000004
16338,448.2601620000002
16339,589.2871119999993
16340,450.70780199999933
16341,681.1123140000007
16342,379.2712320000001
16343,395.7269040000005
16344,560.5168819999992
16345,592.2049289999995
16346,468.826091
16347,606.1758280000004
16348,485.7608309999996
16349,383.1654899999996
16350,628.1690240000001
16351,722.6814000000012
16352,662.5311700000009
16353,269.1880999999996
16354,385.38667100000004
16355,403.9212679999998
16356,563.4326070000004
16357,739.469700000001
16358,580.9761189999992
16359,479.96389900000037
16360,520.2683710000009
16361,396.22480000000064
16362,546.8477539999998
16363,396.22480000000064
16364,637.7681659999997
16365,509.9490579999996
16366,545.3268700000004
16367,460.5757659999996
16368,609.5784660000006
16369,336.3831399999999
16370,409.66642300000075
16371,338.64145399999944
16372,530.775964
16373,712.1989109999995
16374,701.4245879999996
16375,535.0865299999995
16376,281.4785999999996
16377,469.58496399999984
16378,520.6574830000006
16379,490.23143500000026
16380,341.966688
16381,346.9859189999997
16382,641.348101
16383,543.1192870000002
16384,363.30822600000045
16385,569.5522299999999
16386,567.9968279999997
16387,629.2071789999994
16388,718.9158000000011
16389,410.9974579999999
16390,591.023995
16391,537.7810260000008
16392,440.8199640000006
16393,758.636604
16394,503.3880230000001
16395,532.2492549999995
16396,647.5634329999996
16397,684.2037669999996
16398,587.9330649999996
16399,734.8071550000005
16400,347.6203180000006
16401,517.4577690000004
16402,529.0275750000002
16403,650.6350120000002
16404,600.3794190000007
16405,426.08810000000005
16406,347.5157180000002
16407,550.9810230000002
16408,610.1527199999989
16409,530.7926999999994
16410,515.4839669999996
16411,574.6399739999996
16412,681.6070720000004
16413,555.7894849999998
16414,408.7244999999997
16415,341.06085199999944
16416,615.1390020000001
16417,710.2339999999984
16418,715.150200000002
16419,403.34439899999995
16420,614.8602430000003
16421,300.0471920000004
16422,563.4995510000007
16423,364.8991920000001
16424,459.07632499999943
16425,719.2123409999997
16426,588.5889069999993
16427,642.0870999999987
16428,292.67079999999993
16429,640.3470790000006
16430,476.7322820000004
16431,341.04202399999986
16432,605.2004330000003
16433,437.0412890000004
16434,535.0117410000006
16435,690.9719100000011
16436,758.4838880000013
16437,427.76170000000013
16438,453.07489999999996
16439,389.9801799999996
16440,370.4979070000001
16441,440.5694469999999
16442,465.68861400000065
16443,360.0332000000006
16444,723.1076449999995
16445,402.540025
16446,616.7273530000003
16447,564.2646999999998
16448,456.05913800000076
16449,576.7330200000008
16450,587.2280609999997
16451,535.5901790000001
16452,601.2889160000002
16453,558.0985299999998
16454,384.8495500000003
16455,604.9666520000001
16456,706.236188
16457,481.2274670000009
16458,535.7957180000002
16459,601.5415250000004
16460,322.91536699999943
16461,574.8836919999997
16462,466.0792950000003
16463,421.23256799999996
16464,531.2388190000008
16465,536.0697700000007
16466,508.7294220000003
16467,326.5643380000005
16468,555.0818659999999
16469,480.1459030000001
16470,596.3287839999998
16471,489.60069700000054
16472,292.67079999999993
16473,696.0852809999993
16474,536.9708990000008
16475,489.4134629999998
16476,596.9814879999999
16477,580.6162949999999
16478,590.3179449999994
16479,278.70669999999967
16480,432.2406719999996
16481,464.883194
16482,658.6013479999997
16483,539.6795159999995
16484,638.0103149999999
16485,469.42388
16486,577.4035060000007
16487,536.2402680000006
16488,493.10636599999964
16489,365.08538000000016
16490,657.7457200000009
16491,449.15239999999926
16492,439.9742730000003
16493,492.4568000000009
16494,352.0312999999996
16495,499.9702180000009
16496,322.91536699999943
16497,461.3874619999998
16498,479.0444650000006
16499,561.8343190000003
16500,360.7502330000002
16501,577.7220130000002
16502,531.3742759999996
16503,581.5048719999999
16504,529.8539149999993
16505,531.3214530000008
16506,413.6223949999995
16507,354.4747559999999
16508,422.8172580000004
16509,537.719312
16510,539.6554579999997
16511,521.1156310000008
16512,455.1920040000008
16513,410.4132670000001
16514,562.9090839999998
16515,584.1167339999996
16516,698.2117990000006
16517,669.9907189999993
16518,588.6997829999995
16519,572.8403309999995
16520,281.4785999999996
16521,700.0402070000001
16522,598.0489310000011
16523,432.25060900000034
16524,651.1187869999994
16525,741.3681900000007
16526,471.3919290000006
16527,336.2220559999995
16528,400.2320259999999
16529,458.38334999999955
16530,673.1763119999993
16531,318.2177810000004
16532,560.5372789999998
16533,537.6288329999992
16534,553.6389089999989
16535,665.1880100000005
16536,380.50865
16537,562.3515660000003
16538,530.5270160000005
16539,545.1647400000003
16540,467.2450619999995
16541,405.85793700000045
16542,488.3988429999994
16543,528.0673469999995
16544,587.547091
16545,461.9627620000002
16546,579.6529290000003
16547,434.66477699999973
16548,541.721308000001
16549,760.3682570000004
16550,548.1746049999997
16551,402.21315000000004
16552,708.0468140000002
16553,768.1750779999998
16554,338.47095600000006
16555,551.7472180000005
16556,593.1876459999996
16557,453.0984350000007
16558,360.0332000000006
16559,447.43852899999933
16560,642.0870999999987
16561,492.9442360000007
16562,384.0388999999995
16563,567.291301
16564,410.4796879999996
16565,547.4230540000009
16566,493.38407900000084
16567,480.0460099999998
16568,450.37465099999963
16569,457.44456500000086
16570,764.5737000000008
16571,555.6378150000008
16572,586.1548649999997
16573,510.20741999999956
16574,485.0014350000001
16575,574.4977179999995
16576,438.6981530000007
16577,549.6745689999992
16578,629.94304
16579,621.1383350000007
16580,463.23679000000067
16581,509.1954150000006
16582,480.7002830000008
16583,626.5911330000001
16584,722.9429000000007
16585,352.0312999999996
16586,333.8026579999995
16587,460.55693799999926
16588,365.10316199999994
16589,393.5088610000001
16590,536.7433940000002
16591,661.0861209999989
16592,769.6990999999991
16593,479.45972699999993
16594,636.9758210000002
16595,352.0312999999996
16596,382.05150000000066
16597,390.086872
16598,599.7021339999994
16599,365.75534300000015
16600,612.321077999999
16601,750.2293789999993
16602,522.1788899999998
16603,476.80393300000003
16604,549.721116
16605,572.7252710000008
16606,501.6009319999999
16607,463.08302800000024
16608,673.6909440000001
16609,523.5810530000007
16610,490.17128999999966
16611,560.4441849999996
16612,595.0500489999994
16613,412.459766
16614,416.46803800000066
16615,347.28978199999966
16616,363.71564300000006
16617,357.9966379999995
16618,713.8395619999993
16619,473.45045700000037
16620,425.6357049999998
16621,525.8895749999999
16622,536.077092
16623,448.17072899999926
16624,484.9386750000007
16625,540.5586789999999
16626,507.9229559999998
16627,363.61993399999994
16628,583.6340049999995
16629,600.1775409999998
16630,717.0999439999997
16631,522.4973970000005
16632,617.3858099999994
16633,568.4999539999999
16634,558.9677559999991
16635,646.8542450000009
16636,393.4529000000005
16637,668.0603260000005
16638,424.20320800000013
16639,579.0776289999995
16640,602.3019670000004
16641,596.7299249999998
16642,435.9340979999995
16643,541.7568720000003
16644,673.6077869999998
16645,514.9709039999997
16646,531.3162230000003
16647,533.8104100000003
16648,393.384387
16649,506.8868930000002
16650,510.960017
16651,554.1535410000005
16652,708.3846720000008
16653,743.0836300000003
16654,351.7174999999995
16655,511.8752670000004
16656,454.30395000000004
16657,432.02048900000017
16658,608.0152190000007
16659,475.18367900000027
16660,496.08589700000056
16661,590.5810139999996
16662,481.9031830000006
16663,325.56540800000005
16664,653.2353679999994
16665,505.7200799999997
16666,722.6814000000012
16667,556.4338209999996
16668,281.4785999999996
16669,533.1786260000003
16670,748.0991999999985
16671,379.2712320000001
16672,538.7355010000005
16673,745.0945650000003
16674,311.0359450000001
16675,580.8260180000003
16676,688.9860789999999
16677,659.6599000000009
16678,570.2624640000006
16679,509.5275200000004
16680,710.2339999999984
16681,711.6680659999998
16682,485.0317690000002
16683,602.9782060000005
16684,567.914194
16685,411.50319899999965
16686,573.1949249999993
16687,457.3300279999995
16688,601.0640260000002
16689,593.8858510000005
16690,393.55279299999995
16691,396.22480000000064
16692,579.1090089999997
16693,475.36777500000056
16694,278.70669999999967
16695,497.0591999999995
16696,683.9365139999987
16697,568.3278869999998
16698,343.50639999999925
16699,478.56173600000034
16700,397.59767500000015
16701,592.2687350000003
16702,672.646513
16703,717.4017149999996
16704,531.7325310000003
16705,535.9688310000003
16706,467.30677600000075
16707,451.74961800000085
16708,296.4421529999997
16709,470.6314870000001
16710,491.87888499999974
16711,506.20908499999985
16712,442.7194999999999
16713,656.7384220000001
16714,340.41180899999983
16715,455.5727479999997
16716,595.5343469999996
16717,715.150200000002
16718,518.9002029999997
16719,542.8515109999996
16720,667.505422999999
16721,575.8894210000002
16722,456.7657110000008
16723,522.2829670000006
16724,458.9853229999995
16725,428.2585499999998
16726,535.4358940000009
16727,551.9726310000009
16728,459.1328090000001
16729,458.01725000000005
16730,648.6978199999996
16731,545.0345129999998
16732,465.6431130000003
16733,734.9290139999991
16734,558.7224690000004
16735,472.758005
16736,555.6440910000002
16737,704.1002560000009
16738,371.75938300000007
16739,708.4924100000004
16740,430.2307829999998
16741,540.5942430000002
16742,435.3410160000001
16743,294.9202229999999
16744,422.1650770000001
16745,526.6913340000003
16746,557.6555489999988
16747,564.0434709999998
16748,369.4519070000003
16749,455.31490899999983
16750,759.6051999999996
16751,432.7401370000004
16752,382.05150000000066
16753,499.64961900000065
16754,355.2451350000005
16755,682.2791270000005
16756,579.7700809999995
16757,583.3573379999999
16758,484.16568100000006
16759,642.0870999999987
16760,591.6756530000001
16761,564.4524570000008
16762,474.3960409999997
16763,564.2646999999998
16764,546.9455550000008
16765,496.4258470000006
16766,570.5856780000007
16767,562.9258199999997
16768,536.2261470000005
16769,640.606487000001
16770,391.70607999999993
16771,458.6678620000002
16772,650.4864799999996
16773,593.588264
16774,539.0948020000008
16775,475.6355510000004
16776,769.7513999999996
16777,750.8962040000002
16778,549.0025139999995
16779,445.2047959999993
16780,562.730741
16781,420.18081499999965
16782,490.4144850000008
16783,748.0991999999985
16784,418.6965410000001
16785,444.81568399999975
16786,645.9008160000001
16787,476.823284
16788,558.0467530000009
16789,561.5173810000003
16790,447.2763990000001
16791,549.0019910000004
16792,752.2894760000003
16793,545.8289500000001
16794,412.80703800000026
16795,722.6814000000012
16796,503.4241100000009
16797,643.222533
16798,607.3306119999999
16799,533.7570640000008
16800,542.4273580000007
16801,686.8851880000001
16802,607.4613619999997
16803,561.640809
16804,341.7177400000001
16805,298.62672400000025
16806,581.3824900000002
16807,577.9678230000003
16808,642.1890850000007
16809,371.102495
16810,396.22480000000064
16811,593.9177539999994
16812,722.9429000000007
16813,659.8879279999995
16814,521.0575780000004
16815,638.0516319999997
16816,427.2099350000002
16817,285.84669599999967
16818,536.0838910000006
16819,468.8642700000002
16820,480.4476740000001
16821,519.6423400000002
16822,390.9979380000002
16823,352.0312999999996
16824,584.6800049999995
16825,545.1893209999995
16826,358.84180600000053
16827,476.0304160000007
16828,405.29832700000077
16829,432.6988200000003
16830,383.31977499999977
16831,620.5980760000009
16832,497.301872
16833,468.5326880000003
16834,584.9535339999995
16835,540.1465549999994
16836,553.5583670000001
16837,542.9315300000005
16838,669.0582100000003
16839,478.2123720000005
16840,722.9429000000007
16841,630.1553779999999
16842,692.595825000001
16843,414.7165110000001
16844,497.1287590000003
16845,460.32158799999974
16846,536.3663110000002
16847,497.37090800000084
16848,386.52210400000024
16849,275.1910939999996
16850,450.888237
16851,531.4935200000004
16852,336.66451399999954
16853,543.7704219999998
16854,352.0312999999996
16855,593.4423469999997
16856,455.14336500000087
16857,576.1592889999997
16858,455.37610000000086
16859,630.0873879999992
16860,337.83917200000013
16861,439.09092600000025
16862,524.8754780000003
16863,482.13539500000064
16864,678.2012959999992
16865,604.0299589999996
16866,613.4722010000006
16867,421.58507000000014
16868,565.7604799999999
16869,533.4641839999997
16870,498.34577999999965
16871,446.1713
16872,679.9543919999993
16873,537.8014229999994
16874,541.8802999999991
16875,427.0185170000002
16876,591.1856019999994
16877,397.87225
16878,498.65016600000024
16879,355.5427220000005
16880,573.0688819999996
16881,302.7437800000003
16882,595.8617449999998
16883,594.44703
16884,382.348041
16885,681.5469269999999
16886,343.50639999999925
16887,485.8670000000002
16888,370.19822799999986
16889,551.2148040000002
16890,378.33820000000014
16891,463.50875000000065
16892,687.4981440000005
16893,716.496402
16894,416.07265000000035
16895,479.4581579999999
16896,387.9744749999999
16897,535.9479110000007
16898,637.9365719999997
16899,415.0250810000005
16900,278.70669999999967
16901,330.17356099999944
16902,628.2788540000005
16903,467.9155480000006
16904,669.2935599999998
16905,562.175838
16906,507.17663499999986
16907,576.634173
16908,713.4786919999999
16909,615.8272700000001
16910,568.2745410000005
16911,393.78082100000006
16912,549.3016700000002
16913,474.52731400000056
16914,593.6808349999997
16915,448.17072899999926
16916,645.2946589999997
16917,454.64023900000035
16918,507.01921200000055
16919,456.39647299999973
16920,602.3166110000001
16921,397.8460999999996
16922,376.2618899999995
16923,646.2784219999996
16924,426.5033619999999
16925,345.9791440000001
16926,345.0753999999999
16927,535.5901789999998
16928,573.2221209999993
16929,651.4032989999998
16930,473.8960530000004
16931,573.0950319999995
16932,470.53682400000065
16933,420.56626600000067
16934,353.159934
16935,599.9233630000006
16936,488.59444500000035
16937,749.6577400000003
16938,554.5698489999996
16939,712.5733790000002
16940,611.5810330000002
16941,642.0870999999987
16942,426.63515800000016
16943,534.8867439999997
16944,323.49641999999983
16945,722.6814000000012
16946,712.8589370000005
16947,495.223470000001
16948,404.6858940000004
16949,438.77817200000004
16950,498.36147000000057
16951,628.1062639999997
16952,757.0885239999998
16953,743.3869700000006
16954,457.44456500000086
16955,313.1012719999999
16956,698.9387690000002
16957,485.07883900000076
16958,474.54248100000024
16959,278.70669999999967
16960,417.59876400000024
16961,551.4935629999995
16962,534.9374749999994
16963,493.1414069999997
16964,481.34305
16965,642.4396019999995
16966,690.2109450000004
16967,607.5602089999996
16968,331.1364040000001
16969,573.416154
16970,489.0750820000004
16971,431.5388059999999
16972,465.2236670000008
16973,461.7044000000001
16974,449.53941999999995
16975,488.6341930000003
16976,642.6791360000002
16977,689.765349000001
16978,465.28956500000066
16979,515.7946290000004
16980,278.70669999999967
16981,608.7897819999989
16982,432.11933600000003
16983,450.9891760000001
16984,422.36015600000013
16985,681.6530960000007
16986,704.5725249999997
16987,347.5450059999998
16988,366.08640200000013
16989,561.0764919999993
16990,509.37689600000004
16991,428.5917010000004
16992,466.31516800000026
16993,491.1848639999998
16994,545.0794909999997
16995,393.5575000000003
16996,579.7852480000001
16997,457.97070300000087
16998,459.8367670000002
16999,457.18201899999957
17000,526.9376669999997
17001,383.6513570000005
17002,450.4578080000007
17003,333.6216999999999
17004,527.430856
17005,565.9785710000007
17006,711.969837
17007,558.3819959999993
17008,445.89254100000005
17009,602.1424520000002
17010,534.1451300000003
17011,545.3587730000002
17012,740.8634950000005
17013,636.8424559999996
17014,617.1671959999999
17015,626.9368359999996
17016,487.4014820000008
17017,689.3663000000009
17018,450.4578080000005
17019,559.5226589999994
17020,340.18168899999984
17021,494.67222800000025
17022,722.9429000000007
17023,384.8495500000001
17024,545.5376390000008
17025,315.40508699999975
17026,707.5745449999995
17027,452.90492499999976
17028,575.2738500000004
17029,427.74914800000056
17030,715.150200000002
17031,454.8431630000008
17032,383.58859700000073
17033,419.60708400000004
17034,715.150200000002
17035,612.6322630000006
17036,551.302668000001
17037,356.93756299999984
17038,387.3107880000006
17039,419.11232600000005
17040,503.8278659999999
17041,768.6897099999998
17042,489.06148400000006
17043,477.7437640000004
17044,395.77868099999984
17045,513.0598620000005
17046,726.2273400000007
17047,685.792641
17048,507.1991240000005
17049,644.8386029999998
17050,411.88394300000016
17051,687.0399960000001
17052,539.6371530000007
17053,441.5176459999997
17054,422.0066079999999
17055,430.63819999999976
17056,510.5442319999999
17057,491.88097699999986
17058,439.11079999999964
17059,567.8231920000007
17060,573.322014
17061,560.7820429999997
17062,668.7349959999989
17063,710.7392179999994
17064,629.0607390000004
17065,739.906928000001
17066,565.5899819999995
17067,414.0486400000001
17068,549.2990549999995
17069,642.0870999999987
17070,502.07633900000036
17071,510.8104389999999
17072,586.1297610000004
17073,602.2548969999998
17074,685.3559360000005
17075,543.0319460000005
17076,642.0870999999987
17077,426.64352599999984
17078,394.3942999999996
17079,648.0262879999999
17080,661.5740800000008
17081,406.78887700000007
17082,337.41920299999975
17083,389.07800500000036
17084,552.6582840000001
17085,387.9530319999998
17086,580.2402579999996
17087,411.7830040000001
17088,308.5297290000003
17089,516.1382400000008
17090,709.8501179999995
17091,718.9158000000011
17092,610.2803320000002
17093,530.268654
17094,396.22480000000064
17095,499.74114400000013
17096,717.4017149999995
17097,683.2754419999997
17098,520.3839540000004
17099,467.6357430000009
17100,616.8439819999995
17101,451.70097899999973
17102,465.56204800000063
17103,560.6905180000006
17104,457.44456500000086
17105,536.7726819999996
17106,445.62215
17107,580.029489
17108,360.8218840000001
17109,468.77065300000015
17110,718.9158000000011
17111,335.00242
17112,461.61130599999996
17113,636.889526
17114,739.5491959999994
17115,556.8851699999989
17116,429.52211800000043
17117,668.7522550000009
17118,691.2470080000005
17119,636.504598
17120,384.00804300000016
17121,305.92466600000034
17122,586.4498369999993
17123,531.6797079999994
17124,523.2437179999998
17125,321.70566799999943
17126,406.55404999999996
17127,683.0238789999994
17128,402.3114740000001
17129,608.9503430000005
17130,532.8794699999997
17131,454.2255000000005
17132,474.72448500000064
17133,413.0653999999997
17134,555.7141729999996
17135,669.6659359999991
17136,668.8866659999999
17137,409.32228899999996
17138,394.3942999999996
17139,465.98567799999995
17140,494.3919000000002
17141,359.80674100000033
17142,655.8367699999994
17143,443.0118570000002
17144,624.116297
17145,396.22480000000064
17146,557.9003130000006
17147,582.5545330000006
17148,620.7978619999992
17149,468.9280759999996
17150,281.4785999999996
17151,558.6942270000001
17152,554.1436039999999
17153,686.5698190000006
17154,459.52296699999994
17155,702.3890000000002
17156,491.20107700000057
17157,549.0987459999998
17158,467.1676580000003
17159,407.7375989999999
17160,420.170878
17161,568.1955680000001
17162,722.6814000000012
17163,714.0822339999996
17164,712.7616589999997
17165,331.2723839999998
17166,461.2765859999999
17167,642.0870999999987
17168,391.6093250000002
17169,650.8368899999996
17170,430.5121570000003
17171,399.8136260000005
17172,312.3193870000004
17173,694.1909749999991
17174,689.3663000000009
17175,562.1512569999991
17176,777.2826000000001
17177,490.7811080000006
17178,528.7692130000004
17179,587.2578720000001
17180,582.5153079999997
17181,536.5786489999997
17182,639.1541159999994
17183,524.2374180000004
17184,692.5874569999997
17185,642.0870999999987
17186,579.0734449999995
17187,622.064568
17188,359.09493799999984
17189,461.9941420000003
17190,573.9234639999995
17191,595.705368
17192,384.2904630000001
17193,321.43632300000047
17194,337.43175499999955
17195,331.28964300000035
17196,403.8496170000004
17197,474.37512100000026
17198,725.9762999999999
17199,643.2016129999997
17200,464.5981590000003
17201,447.22200700000013
17202,560.1366610000001
17203,456.43151400000085
17204,698.6291530000002
17205,389.6433680000002
17206,307.1892799999995
17207,646.8071749999997
17208,342.76530899999983
17209,515.282612
17210,529.4637570000002
17211,486.0296530000003
17212,519.5393090000003
17213,366.1413170000003
17214,601.5033460000001
17215,307.88173199999994
17216,549.8173480000002
17217,437.39169899999973
17218,368.30706
17219,351.7174999999995
17220,338.7659280000002
17221,548.5265840000005
17222,725.9762999999999
17223,508.26604400000025
17224,412.89176400000014
17225,755.5404440000001
17226,421.01918400000085
17227,554.4390989999991
17228,559.2156579999996
17229,489.29265
17230,397.76294300000023
17231,529.9904180000005
17232,703.4815470000003
17233,590.4246369999996
17234,505.45387300000084
17235,357.463178
17236,501.7677690000008
17237,431.5414209999999
17238,428.0938050000002
17239,667.7951650000009
17240,510.49193200000025
17241,686.462080999999
17242,652.4817250000009
17243,558.4682910000006
17244,757.0215799999992
17245,550.1321939999992
17246,402.6012160000004
17247,591.9763779999993
17248,457.68566799999934
17249,519.4174500000004
17250,758.2150660000012
17251,547.1076850000002
17252,674.2934399999996
17253,617.2001450000001
17254,567.7222530000009
17255,508.1117589999998
17256,427.76013100000006
17257,333.80265799999944
17258,466.20272300000005
17259,410.56441399999983
17260,454.8431630000008
17261,405.93847900000037
17262,370.03191400000037
17263,280.88133399999964
17264,513.0949030000007
17265,664.276944
17266,472.59796700000004
17267,578.0478420000001
17268,514.9614900000004
17269,647.6288079999999
17270,306.87757200000027
17271,477.95348700000045
17272,452.79404899999975
17273,426.89142800000036
17274,403.65767600000015
17275,460.78078199999965
17276,619.6765500000005
17277,547.7823549999997
17278,442.8633249999998
17279,310.27759500000036
17280,362.7935940000003
17281,457.6438280000005
17282,320.0210850000005
17283,484.50667699999985
17284,722.9429000000007
17285,338.6414539999995
17286,538.2564329999996
17287,599.9683409999993
17288,535.6273119999998
17289,473.0576840000008
17290,498.6339529999999
17291,339.60482
17292,467.1305249999999
17293,466.426567
17294,721.0229669999997
17295,777.2826000000001
17296,347.2076709999999
17297,576.5876259999995
17298,421.33612200000084
17299,419.7210979999999
17300,411.81699900000007
17301,322.66328099999936
17302,701.5443549999993
17303,554.5389920000006
17304,388.09319600000015
17305,452.3756489999996
17306,460.63695699999965
17307,491.97668600000026
17308,597.3951809999992
17309,689.3663000000009
17310,525.9941750000002
17311,393.8775760000006
17312,307.0219200000005
17313,562.3243699999994
17314,550.9454589999996
17315,582.7919749999999
17316,509.07094100000063
17317,314.090788
17318,463.8366710000006
17319,340.0158979999998
17320,455.71657300000044
17321,529.9647909999997
17322,528.7462010000007
17323,449.90081299999923
17324,717.6192829999993
17325,295.64144000000033
17326,382.36686900000007
17327,304.17680000000036
17328,449.6230999999999
17329,315.65717299999943
17330,492.83074500000055
17331,522.2515870000002
17332,685.3350159999992
17333,572.0689059999995
17334,567.1244639999993
17335,425.83549099999965
17336,421.4469980000001
17337,641.6619009999996
17338,349.22383600000006
17339,457.19143300000076
17340,604.3573570000004
17341,404.65032999999994
17342,564.5194009999993
17343,619.8167140000003
17344,428.34275299999973
17345,457.3917420000001
17346,536.5258259999998
17347,572.2943190000003
17348,558.9876300000006
17349,499.8044269999998
17350,505.09823299999937
17351,611.0888900000006
17352,367.040877
17353,440.4020869999997
17354,503.15319599999947
17355,529.7059060000006
17356,739.469700000001
17357,348.7494750000006
17358,599.733514
17359,372.8508840000003
17360,777.2826000000001
17361,668.5576990000002
17362,439.2211529999996
17363,495.16907799999984
17364,360.7131000000006
17365,465.4815059999993
17366,561.4776329999995
17367,454.2882600000009
17368,546.4539350000009
17369,320.7349799999998
17370,659.3581289999988
17371,714.8583659999994
17372,396.22480000000064
17373,403.02379999999977
17374,509.45639200000033
17375,710.2339999999984
17376,312.94646400000005
17377,445.7105369999997
17378,556.1942869999993
17379,308.8325460000004
17380,349.45814000000007
17381,565.2855959999994
17382,348.7761479999997
17383,628.654891
17384,535.9275140000004
17385,518.4671590000005
17386,557.9186179999996
17387,500.6359969999997
17388,684.4762500000008
17389,414.6344
17390,543.5570380000007
17391,684.7000939999999
17392,382.05150000000066
17393,468.6493169999995
17394,691.9044189999995
17395,566.3289809999994
17396,644.1247080000006
17397,388.0884890000003
17398,560.4431389999992
17399,655.7368770000007
17400,657.6625629999996
17401,766.5930029999997
17402,301.5534319999997
17403,748.0991999999985
17404,525.823677
17405,331.32049999999987
17406,579.7512530000005
17407,455.0215060000009
17408,642.0870999999987
17409,353.8372190000002
17410,396.42824700000034
17411,672.7155489999996
17412,352.63641100000007
17413,357.51024799999976
17414,486.0793379999995
17415,562.0681000000002
17416,278.70669999999967
17417,432.17320500000045
17418,519.3719490000009
17419,662.8324180000001
17420,710.2339999999984
17421,462.7127440000006
17422,683.2137280000004
17423,539.4300450000003
17424,452.27209499999975
17425,396.9549080000002
17426,437.9570619999998
17427,776.989720000001
17428,766.8435199999999
17429,501.7390040000009
17430,645.2240539999997
17431,430.6381999999997
17432,402.87369899999953
17433,583.5874579999996
17434,530.2137389999996
17435,574.5050400000001
17436,385.34273900000005
17437,705.9851480000004
17438,278.70669999999967
17439,429.64868399999995
17440,449.40187099999923
17441,569.8702139999991
17442,641.0275019999999
17443,554.2079330000001
17444,328.0988199999998
17445,335.296869
17446,481.5909520000008
17447,322.5215480000004
17448,410.8949499999996
17449,739.3494100000006
17450,608.878691999999
17451,346.3258929999997
17452,465.8303469999997
17453,550.1180730000004
17454,365.31550000000004
17455,403.13519900000045
17456,548.6970819999997
17457,461.76297600000004
17458,583.4933180000008
17459,411.56543600000003
17460,725.9762999999999
17461,589.1971560000009
17462,556.6377910000003
17463,711.5979840000009
17464,548.8947760000004
17465,416.09357000000017
17466,578.7711510000001
17467,435.8765679999999
17468,541.6705769999998
17469,691.3322569999993
17470,568.7886499999993
17471,474.7333759999998
17472,339.29102000000006
17473,465.28747300000026
17474,618.1572350000005
17475,461.52658
17476,519.2950679999997
17477,623.093832
17478,360.0332000000006
17479,523.3781289999997
17480,441.44547199999994
17481,635.7420639999997
17482,483.8618179999997
17483,464.8298479999999
17484,595.7932319999996
17485,425.4604999999999
17486,281.4785999999996
17487,595.231007
17488,472.8495300000006
17489,436.3368080000005
17490,532.7147249999996
17491,581.4724459999999
17492,476.0492439999999
17493,443.6954180000003
17494,493.8113699999998
17495,484.96220999999986
17496,710.2339999999984
17497,471.4907760000008
17498,477.4336250000005
17499,552.6148750000001
17500,459.32579599999934
17501,316.86687199999943
17502,491.94844400000096
17503,554.0986259999994
17504,571.6531209999993
17505,404.38360000000046
17506,531.4992729999997
17507,345.9817590000003
17508,520.0089630000009
17509,584.4603449999996
17510,514.2836820000002
17511,469.16394900000006
17512,497.27624500000036
17513,498.89388400000047
17514,405.9620139999999
17515,360.0332000000006
17516,491.49186500000076
17517,674.9733400000009
17518,351.07891699999993
17519,536.9813589999998
17520,269.1880999999996
17521,738.9006759999994
17522,532.1399480000008
17523,455.01522999999986
17524,673.894914000001
17525,523.1218590000001
17526,539.4321370000008
17527,676.4089750000007
17528,281.4785999999996
17529,757.862564
17530,315.10331599999995
17531,584.1643270000006
17532,481.3263139999999
17533,669.56552
17534,516.1366710000001
17535,715.1502000000021
17536,403.887273
17537,523.9999760000001
17538,680.5631639999999
17539,460.32838699999905
17540,559.324442
17541,471.301973
17542,578.392499
17543,521.3546420000001
17544,549.2321109999997
17545,477.0664790000002
17546,507.7304919999995
17547,327.6265510000004
17548,348.3493800000001
17549,497.09737900000005
17550,576.4783189999998
17551,470.5844169999996
17552,611.4288400000008
17553,630.1668840000006
17554,322.91536699999943
17555,577.0128249999999
17556,365.1512779999999
17557,489.0865879999998
17558,577.4233799999995
17559,416.084156
17560,580.5048960000006
17561,579.2052410000011
17562,390.0690899999995
17563,543.6731439999995
17564,413.55858900000004
17565,739.8541050000002
17566,323.9566599999998
17567,292.67079999999993
17568,304.7698819999994
17569,643.9986649999998
17570,620.6739110000003
17571,304.17680000000036
17572,360.7131000000006
17573,523.9220490000001
17574,347.35411099999925
17575,455.6637500000008
17576,574.8544040000008
17577,705.7069120000009
17578,345.1277000000001
17579,613.0009780000006
17580,500.9524119999988
17581,509.96317900000025
17582,411.1794620000002
17583,631.7447749999995
17584,667.3166200000009
17585,361.88095899999973
17586,461.56946599999907
17587,552.7660220000001
17588,670.4859999999991
17589,516.8385369999997
17590,537.0613779999999
17591,312.95901600000036
17592,593.1541739999998
17593,542.5701369999997
17594,618.2733409999994
17595,455.1088470000005
17596,355.3533960000001
17597,482.93872300000004
17598,493.8845900000006
17599,515.9792479999995
17600,609.6678990000005
17601,578.0305830000004
17602,310.65781599999985
17603,567.997351000001
17604,729.2555100000008
17605,601.2523059999997
17606,539.6993900000003
17607,459.6437799999998
17608,681.7404369999992
17609,449.15239999999926
17610,546.5988060000001
17611,422.2053480000002
17612,488.5484209999995
17613,381.6508820000002
17614,436.23691499999995
17615,655.8660580000011
17616,564.8248330000004
17617,376.7430499999998
17618,612.6118659999998
17619,431.09059500000075
17620,441.0741420000005
17621,480.6903460000007
17622,362.4782250000004
17623,715.2893180000001
17624,534.7664539999998
17625,432.9519520000005
17626,718.9158000000011
17627,705.3287830000004
17628,376.24567699999966
17629,417.48161200000004
17630,278.70669999999967
17631,413.4670640000001
17632,582.4551629999996
17633,616.7974350000006
17634,616.176633999999
17635,734.8071550000006
17636,707.443272
17637,563.9289339999996
17638,579.2669549999993
17639,728.8527999999997
17640,725.9762999999999
17641,619.0771920000007
17642,458.1228960000006
17643,422.94643900000034
17644,515.0279109999994
17645,476.33114100000057
17646,511.0677550000001
17647,498.1930639999997
17648,544.6861949999995
17649,367.67318400000056
17650,548.6086950000001
17651,528.7754890000003
17652,407.7961750000005
17653,449.15239999999926
17654,631.9754179999995
17655,537.8966089999996
17656,443.6520090000004
17657,568.9220149999994
17658,693.0205009999997
17659,642.0870999999987
17660,331.59925900000036
17661,312.1065260000005
17662,505.3911129999996
17663,564.2646999999998
17664,458.44977100000017
17665,657.6013719999993
17666,421.65933600000005
17667,351.2080979999995
17668,571.9480929999997
17669,428.580195
17670,619.4432919999996
17671,727.8611920000002
17672,444.13212299999947
17673,502.97328400000055
17674,469.31875700000023
17675,466.47259099999974
17676,597.326668
17677,566.6328440000001
17678,734.740734000001
17679,341.61941600000006
17680,361.6084760000003
17681,564.9315250000001
17682,456.83631600000035
17683,507.3513169999997
17684,537.0059399999998
17685,575.5091999999993
17686,532.6357519999995
17687,473.7731480000004
17688,457.44456500000086
17689,511.82924300000093
17690,423.3318900000008
17691,671.651766999999
17692,505.61548000000033
17693,609.1553590000004
17694,318.07657099999943
17695,422.79320000000007
17696,423.8559360000004
17697,643.4040139999998
17698,372.368678
17699,532.3517630000008
17700,587.4090190000002
17701,414.59308300000004
17702,602.7632530000005
17703,476.1161880000008
17704,561.5555600000012
17705,566.7165239999997
17706,281.4785999999996
17707,487.7790879999996
17708,455.5387530000008
17709,662.0039859999998
17710,534.714154
17711,579.6853550000001
17712,569.5009759999998
17713,553.1284610000005
17714,374.40314800000044
17715,601.3736419999996
17716,442.71950000000004
17717,355.57723999999956
17718,512.491884
17719,725.9762999999999
17720,710.2339999999983
17721,743.3895849999992
17722,570.5406999999993
17723,482.23999500000076
17724,543.219703
17725,457.27772799999997
17726,433.01209699999976
17727,410.1224789999999
17728,630.9733500000003
17729,322.91536699999943
17730,360.31143599999996
17731,474.9085809999994
17732,481.54754300000087
17733,777.2826000000001
17734,553.2252160000006
17735,415.0308340000001
17736,526.1892539999999
17737,553.5431999999997
17738,353.3482140000004
17739,339.55565800000045
17740,658.0229099999997
17741,525.6761909999996
17742,433.83739099999997
17743,544.7724899999995
17744,692.4232349999991
17745,310.4250810000004
17746,722.9429000000007
17747,313.284322
17748,642.0870999999987
17749,474.4483410000008
17750,476.6810279999998
17751,497.46870900000084
17752,530.2592400000001
17753,327.6574080000002
17754,534.4259810000003
17755,470.30984200000034
17756,628.3290619999996
17757,469.01071000000064
17758,705.9014679999997
17759,564.2646999999998
17760,617.131109000001
17761,570.5406999999993
17762,671.6235250000008
17763,584.3808489999997
17764,464.11281500000024
17765,521.5936530000009
17766,621.8851790000003
17767,444.2518900000007
17768,339.71360400000043
17769,524.0554140000003
17770,494.13824500000004
17771,576.531142000001
17772,400.14154700000023
17773,777.2826000000001
17774,712.5733790000002
17775,481.76458800000023
17776,392.2107750000003
17777,571.9078219999997
17778,399.8502360000003
17779,439.6275239999995
17780,672.7976599999992
17781,550.228949
17782,527.9162000000008
17783,470.94110300000057
17784,552.8836969999999
17785,347.4817230000006
17786,710.2339999999984
17787,438.3942899999999
17788,356.085596
17789,597.9851249999996
17790,509.44017899999955
17791,409.9237390000008
17792,304.17680000000036
17793,388.60521300000016
17794,494.79670200000095
17795,472.51847100000015
17796,448.32867499999963
17797,575.0123500000002
17798,282.90115999999966
17799,448.66339499999975
17800,617.5050540000008
17801,323.79296100000045
17802,713.1769210000001
17803,470.31611799999956
17804,478.00997100000075
17805,285.41469799999953
17806,601.9499879999992
17807,564.9848710000007
17808,364.2475340000003
17809,443.4757580000002
17810,326.7180999999997
17811,456.4702160000008
17812,552.9156000000007
17813,457.26046900000006
17814,567.2729959999994
17815,644.5384009999997
17816,665.1969010000005
17817,540.2328500000001
17818,455.40486500000037
17819,394.21125000000023
17820,574.3591230000004
17821,600.3527460000005
17822,592.0176950000008
17823,651.5795500000007
17824,549.571538
17825,589.6349069999992
17826,526.938713
17827,530.8078669999991
17828,351.80588700000027
17829,620.4919070000003
17830,718.9158000000011
17831,617.5369569999999
17832,431.88869300000033
17833,603.6387550000004
17834,639.7932219999998
17835,547.2593549999992
17836,371.374455
17837,405.32395400000036
17838,402.8538250000001
17839,563.6904460000006
17840,309.39320199999975
17841,706.1090989999994
17842,768.2435910000008
17843,556.3553709999998
17844,647.7951219999995
17845,490.22359000000085
17846,545.6500840000002
17847,430.45985700000006
17848,444.2952989999998
17849,404.7293029999998
17850,382.05150000000066
17851,358.7947360000004
17852,557.308277
17853,561.4760639999996
17854,559.7998490000008
17855,553.6655819999996
17856,536.179077
17857,412.57848700000017
17858,537.5529980000009
17859,544.2348459999997
17860,489.298403
17861,422.996124
17862,420.57411099999985
17863,480.8932700000005
17864,308.6243919999997
17865,567.9042569999991
17866,624.2004999999994
17867,402.23093199999994
17868,543.195645
17869,453.4708109999997
17870,474.69310499999983
17871,497.1883810000008
17872,649.2563840000005
17873,488.59810600000077
17874,437.49368400000014
17875,358.982493
17876,536.2454980000007
17877,665.8809850000008
17878,525.7975270000003
17879,304.17680000000036
17880,550.1646200000002
17881,558.7256069999994
17882,775.9275070000009
17883,456.4482499999999
17884,541.8055109999997
17885,348.1820200000002
17886,686.100165000001
17887,575.173957
17888,299.9310859999995
17889,413.06539999999984
17890,567.524559
17891,491.24134799999973
17892,664.9238950000009
17893,505.1813899999997
17894,369.9450959999999
17895,605.7459219999995
17896,487.31309500000077
17897,560.6063150000002
17898,689.3663000000009
17899,590.7101950000001
17900,396.22480000000064
17901,549.3189289999996
17902,474.31759100000033
17903,436.81796799999967
17904,480.8430620000005
17905,681.6264229999995
17906,610.597793
17907,292.67079999999993
17908,406.83647000000013
17909,512.6419850000007
17910,613.8581750000001
17911,436.9403499999999
17912,602.526334
17913,579.2920590000004
17914,478.2500279999994
17915,725.9762999999999
17916,515.6581259999996
17917,542.470767
17918,584.606262
17919,548.4429040000002
17920,709.7397650000005
17921,757.6941580000012
17922,656.2928259999994
17923,469.27430200000026
17924,555.3313370000002
17925,605.981794999999
17926,332.9831169999996
17927,575.9610720000001
17928,397.4512350000004
17929,599.8496200000006
17930,686.7664669999999
17931,465.8000130000005
17932,465.49667300000016
17933,558.4729980000002
17934,579.7690350000003
17935,524.4141920000004
17936,468.12736300000057
17937,352.0312999999996
17938,370.0512650000002
17939,449.15239999999926
17940,353.77655100000004
17941,564.224429
17942,392.9905680000004
17943,417.47115200000013
17944,637.1149389999995
17945,598.7633489999993
17946,717.4017149999994
17947,669.1099869999989
17948,521.6768099999997
17949,596.7131889999994
17950,335.20377500000046
17951,766.6311820000009
17952,465.3141459999995
17953,366.9906689999999
17954,532.137856000001
17955,439.5783620000005
17956,278.70669999999967
17957,536.9039550000007
17958,596.8209269999993
17959,277.99489699999964
17960,352.2928000000003
17961,455.9691819999995
17962,711.0697539999998
17963,537.7883480000008
17964,492.14613800000035
17965,421.0249370000002
17966,531.8460220000002
17967,596.1661310000001
17968,446.41606400000063
17969,545.5632659999995
17970,482.2164599999998
17971,460.0773470000004
17972,755.8317550000003
17973,658.054290000001
17974,401.2126509999998
17975,269.1880999999996
17976,393.96857799999975
17977,468.6252589999995
17978,694.7056070000002
17979,422.7931999999999
17980,397.84609999999964
17981,476.7176380000003
17982,705.3308750000001
17983,432.3002939999999
17984,402.48929400000014
17985,638.7665729999994
17986,671.6648419999989
17987,425.1205500000005
17988,337.3036199999999
17989,395.9925879999997
17990,460.0046500000006
17991,556.6262849999996
17992,574.5923810000004
17993,641.8914979999997
17994,396.7247879999999
17995,515.9232870000001
17996,640.0976080000004
17997,337.0735000000002
17998,710.2339999999984
17999,421.91665200000034
18000,670.0147769999999
18001,423.91765
18002,326.14123100000046
18003,550.0532209999998
18004,448.96045899999984
18005,642.0870999999987
18006,756.3144840000002
18007,651.3447229999995
18008,445.2999820000003
18009,665.285810999999
18010,277.4718969999996
18011,382.05150000000066
18012,521.4461669999995
18013,385.2878240000002
18014,456.0167750000003
18015,597.5771849999999
18016,469.5012839999996
18017,693.8363809999993
18018,725.9762999999999
18019,502.64222499999966
18020,448.29990999999967
18021,724.4392029999998
18022,453.1209239999999
18023,395.3105960000001
18024,386.1988900000001
18025,514.9698580000007
18026,524.8843690000001
18027,641.1352399999998
18028,570.9036620000004
18029,601.4196660000013
18030,541.4226750000007
18031,467.7790449999996
18032,396.22480000000064
18033,367.21085200000016
18034,722.6814000000012
18035,467.91868600000015
18036,641.8914979999997
18037,409.9273999999997
18038,751.9667850000004
18039,447.66289600000016
18040,336.38313999999997
18041,671.4111869999996
18042,461.4517909999998
18043,382.6247079999999
18044,684.7299050000005
18045,360.7131000000006
18046,310.81837699999943
18047,385.0859460000002
18048,754.6115959999998
18049,466.91295700000063
18050,449.81085699999994
18051,490.9767100000006
18052,573.6713779999998
18053,639.6169709999997
18054,652.4660350000001
18055,532.3883730000005
18056,539.8228179999988
18057,562.1287679999996
18058,545.4931840000002
18059,736.614120000001
18060,399.91247299999975
18061,494.34639900000036
18062,543.9953119999997
18063,325.2092449999996
18064,643.7753440000005
18065,413.06539999999984
18066,548.3508560000002
18067,335.01235699999944
18068,391.18987900000025
18069,461.58672499999955
18070,708.3485850000001
18071,547.1463869999988
18072,493.7407649999995
18073,654.2421429999994
18074,556.3972109999995
18075,493.31451999999933
18076,420.68080299999997
18077,666.3595300000009
18078,567.6751830000005
18079,461.5605750000003
18080,480.1343970000006
18081,439.97950300000025
18082,403.13519900000045
18083,457.4419499999997
18084,458.80436500000013
18085,500.2521150000001
18086,653.2353679999994
18087,389.2165999999995
18088,717.0999439999998
18089,585.6930560000004
18090,460.1688719999995
18091,386.61728999999946
18092,463.6619890000005
18093,468.8930350000001
18094,461.3775249999996
18095,499.97126400000036
18096,553.932835
18097,584.4901560000002
18098,748.0991999999985
18099,576.8224529999999
18100,549.1139130000003
18101,370.9408880000005
18102,679.9543919999993
18103,349.12864999999977
18104,563.7244410000008
18105,725.9762999999999
18106,540.8275009999994
18107,345.8515320000001
18108,398.1787280000002
18109,599.0865629999998
18110,476.61199199999965
18111,513.3998119999995
18112,486.9736680000007
18113,411.947226
18114,690.8903219999997
18115,351.7174999999995
18116,416.82786200000004
18117,342.27055099999944
18118,696.0073539999996
18119,292.67079999999993
18120,662.5311700000009
18121,548.3074469999999
18122,725.9762999999999
18123,425.90191200000004
18124,358.42236000000014
18125,466.4396420000007
18126,610.7222670000006
18127,705.9501069999995
18128,646.5849000000012
18129,485.1541510000008
18130,607.4205679999993
18131,506.3408809999995
18132,276.3945169999996
18133,382.86058100000054
18134,336.2220559999995
18135,564.6621800000003
18136,482.2462709999997
18137,650.2323019999999
18138,385.6680449999999
18139,605.0451019999999
18140,500.9848379999998
18141,567.3885789999995
18142,718.9105699999999
18143,515.9787250000004
18144,551.5207589999994
18145,382.05150000000066
18146,480.3263379999998
18147,544.609837000001
18148,462.38691500000044
18149,346.70715999999925
18150,397.92350400000026
18151,465.95795900000013
18152,538.6366539999992
18153,508.85075800000027
18154,453.2982210000006
18155,427.6801120000005
18156,661.1996119999998
18157,589.1474709999995
18158,531.5944590000001
18159,509.64467200000007
18160,715.150200000002
18161,647.6999360000001
18162,427.02113200000014
18163,491.22827300000046
18164,422.7194569999998
18165,357.215276
18166,629.349958000001
18167,352.2823399999999
18168,571.873304
18169,335.74926399999987
18170,328.96386199999944
18171,585.0801000000007
18172,344.81651499999975
18173,562.4090959999993
18174,339.45367299999975
18175,508.69438100000093
18176,360.462583
18177,345.07539999999995
18178,358.5081320000001
18179,482.7216780000009
18180,772.3433880000008
18181,361.8155839999999
18182,385.1874080000001
18183,734.3547599999994
18184,574.2832880000007
18185,607.4205679999993
18186,648.6936359999996
18187,461.04594299999997
18188,353.9334510000001
18189,720.7211959999997
18190,545.6291639999998
18191,428.358966
18192,539.0346569999995
18193,640.9448679999996
18194,539.574916
18195,348.9994690000005
18196,442.8173009999996
18197,418.6981099999998
18198,343.50639999999925
18199,493.37204999999994
18200,670.8876639999992
18201,514.784193
18202,404.3835999999998
18203,751.6702440000005
18204,748.8837000000005
18205,458.25260000000003
18206,310.75614000000036
18207,427.3799099999999
18208,397.9323949999998
18209,344.68994899999956
18210,387.8285580000005
18211,466.1593139999999
18212,397.39579699999945
18213,415.5789380000003
18214,451.93894399999937
18215,320.07966099999953
18216,769.6990999999991
18217,553.0201999999994
18218,611.0559410000004
18219,605.964012999999
18220,463.85079200000007
18221,537.7318639999997
18222,410.44464700000003
18223,418.28546300000085
18224,686.1033030000002
18225,574.7738620000005
18226,603.3568579999996
18227,588.2071169999998
18228,452.13349999999963
18229,593.1332539999996
18230,470.96568400000064
18231,427.7617000000002
18232,604.4028579999999
18233,472.5671100000004
18234,580.1204909999994
18235,424.60434899999973
18236,701.6756279999995
18237,352.0312999999996
18238,567.8603249999996
18239,285.7483720000007
18240,399.6640480000001
18241,438.7096589999996
18242,743.8058929999991
18243,485.2158650000009
18244,475.4106609999996
18245,364.8432309999999
18246,535.4474
18247,426.7512640000002
18248,421.8653980000001
18249,473.00172300000014
18250,540.2223899999997
18251,477.1266240000006
18252,475.48858800000016
18253,490.61793199999994
18254,550.3419169999994
18255,483.59299600000037
18256,477.66636000000005
18257,398.64576700000026
18258,559.6575929999997
18259,466.41035400000067
18260,508.98935300000034
18261,353.2572120000002
18262,403.492408
18263,757.8625640000001
18264,402.3606360000003
18265,626.6021160000004
18266,560.5367559999994
18267,439.6860999999995
18268,394.4936699999999
18269,759.9137699999989
18270,402.2131500000001
18271,580.0938180000005
18272,667.3030219999999
18273,609.1433300000006
18274,448.15190100000075
18275,697.6045959999996
18276,418.32416499999977
18277,549.0861939999993
18278,571.4219549999998
18279,586.3044429999994
18280,590.5595709999997
18281,334.59029599999974
18282,409.84110500000037
18283,601.8506180000005
18284,587.6046209999997
18285,450.70780199999933
18286,473.3829899999997
18287,456.0256659999996
18288,537.9975479999998
18289,714.3840050000002
18290,560.372011
18291,319.9170080000003
18292,612.9104990000005
18293,373.99729999999994
18294,642.5944099999998
18295,467.8831219999995
18296,600.0530670000011
18297,389.5826999999999
18298,449.15239999999926
18299,558.9337609999999
18300,441.1442239999996
18301,529.6855090000004
18302,541.8557189999992
18303,441.50091000000066
18304,692.8536640000005
18305,537.0535330000002
18306,668.7522550000009
18307,481.4460810000005
18308,725.9762999999999
18309,660.4464919999988
18310,542.2688889999996
18311,644.5384009999998
18312,685.164518
18313,662.8889019999991
18314,380.14621100000016
18315,567.1908850000001
18316,684.0656950000008
18317,608.2610290000001
18318,471.3448589999997
18319,441.54693400000053
18320,582.7564109999998
18321,488.06046200000094
18322,452.77574400000003
18323,617.7466799999999
18324,462.50982000000005
18325,429.7783879999996
18326,569.8587079999993
18327,535.5729200000004
18328,438.5213790000005
18329,269.1880999999996
18330,534.0436679999996
18331,451.4797500000005
18332,353.70803800000033
18333,338.71258199999966
18334,486.0735850000001
18335,392.51568400000025
18336,668.9766219999999
18337,634.508829999999
18338,384.0388999999995
18339,330.37073200000015
18340,476.03198500000065
18341,450.3652370000002
18342,405.85793700000045
18343,511.97411399999953
18344,777.2826000000001
18345,539.0111219999992
18346,310.5641989999997
18347,458.4398339999999
18348,517.0613349999999
18349,634.4910480000005
18350,616.9145869999994
18351,725.9762999999999
18352,507.57882199999995
18353,689.7653490000008
18354,557.4149689999998
18355,563.4184859999993
18356,345.6726659999997
18357,321.3050500000003
18358,425.0954460000001
18359,390.43414399999995
18360,736.3212400000008
18361,446.7649049999995
18362,456.38862800000066
18363,725.9762999999999
18364,325.33737999999977
18365,402.21576500000026
18366,538.1309129999997
18367,558.7496649999997
18368,581.744929
18369,498.16429900000054
18370,321.09532699999966
18371,673.7034959999992
18372,490.82451700000024
18373,448.31769199999974
18374,608.3436630000009
18375,347.75786700000043
18376,343.886098
18377,689.1048000000004
18378,430.6021130000005
18379,603.978705
18380,573.7058959999999
18381,698.0020760000006
18382,514.3187230000005
18383,595.1400050000002
18384,513.2988730000005
18385,511.51387400000095
18386,451.2799640000007
18387,353.8455869999998
18388,465.82982400000014
18389,499.4508790000007
18390,725.9762999999999
18391,333.99093799999974
18392,496.1606859999995
18393,539.7919610000004
18394,542.0711949999995
18395,612.8163589999998
18396,521.0680380000009
18397,655.8315400000008
18398,514.3877589999996
18399,280.95403099999965
18400,532.3094
18401,595.5265020000003
18402,456.84311500000064
18403,444.5081600000009
18404,367.25792200000046
18405,616.6117699999996
18406,612.5093580000007
18407,417.4062999999999
18408,496.87144300000085
18409,573.0171050000002
18410,417.6840130000003
18411,670.4859999999991
18412,533.8585260000002
18413,490.5771380000002
18414,553.0426889999995
18415,556.7810930000004
18416,681.8094729999991
18417,742.8822750000005
18418,600.3030609999995
18419,425.46049999999974
18420,475.24277800000067
18421,346.34733599999976
18422,352.6887110000005
18423,419.90205600000047
18424,516.0948309999995
18425,357.54999599999945
18426,587.0099700000002
18427,410.89494999999994
18428,524.024556999999
18429,582.0378089999999
18430,458.16578199999975
18431,474.6245920000003
18432,510.8156690000007
18433,591.6008639999998
18434,495.67586499999976
18435,589.5601179999999
18436,315.7162719999996
18437,594.8649070000004
18438,524.9178410000003
18439,396.22480000000064
18440,400.93493799999976
18441,465.52439200000003
18442,333.6091480000005
18443,328.16471800000073
18444,539.6680100000002
18445,481.45915600000023
18446,513.9290879999999
18447,553.5180959999993
18448,343.50639999999925
18449,402.51962799999995
18450,645.9060459999998
18451,713.0184520000007
18452,609.0298389999994
18453,651.7228519999994
18454,398.9726420000001
18455,460.63538800000003
18456,537.1110629999998
18457,297.5143029999995
18458,403.6874870000002
18459,363.7276720000001
18460,427.18639999999965
18461,549.8529119999992
18462,551.486241
18463,689.3663000000009
18464,574.9213479999995
18465,606.8002900000002
18466,559.049343999999
18467,456.60985699999975
18468,503.46594999999985
18469,598.2963100000004
18470,482.32158299999986
18471,630.078497
18472,424.09233200000017
18473,393.5313499999998
18474,653.9701829999998
18475,748.0991999999985
18476,448.6163249999999
18477,432.1705899999999
18478,611.9539319999992
18479,561.2417599999994
18480,456.63130000000064
18481,638.1023629999994
18482,707.745043
18483,421.01447699999966
18484,710.2339999999983
18485,607.003214
18486,564.7045429999991
18487,679.3743849999997
18488,480.53763000000004
18489,278.70669999999967
18490,281.4785999999996
18491,351.55536999999987
18492,376.16775
18493,446.36951700000003
18494,733.2930700000006
18495,357.7000969999998
18496,570.1787839999998
18497,506.977895
18498,674.6877819999999
18499,558.9138870000002
18500,521.6543209999996
18501,719.7076219999991
18502,461.8006319999997
18503,710.7627530000004
18504,669.6659359999991
18505,698.0878479999993
18506,440.7153639999995
18507,494.0017420000004
18508,315.95319099999955
18509,715.150200000002
18510,542.3452469999995
18511,732.7883750000005
18512,496.4980210000002
18513,380.5870999999995
18514,498.46973100000037
18515,528.0992500000004
18516,735.6094369999996
18517,668.650792999999
18518,602.5639900000007
18519,566.1814949999994
18520,457.67625400000014
18521,526.6782590000005
18522,645.9609610000008
18523,766.0883079999992
18524,684.9307369999991
18525,488.0160070000004
18526,387.7809650000006
18527,605.3860980000007
18528,421.01918400000017
18529,585.705085000001
18530,628.3844999999998
18531,478.84520200000037
18532,552.1562039999999
18533,693.9247680000007
18534,503.82315900000026
18535,563.379784000001
18536,591.3179210000009
18537,554.6598050000003
18538,478.6124670000003
18539,438.8126900000002
18540,556.2811050000001
18541,708.8349750000015
18542,558.9572960000007
18543,457.1025230000008
18544,458.46598400000005
18545,519.2809469999996
18546,690.6314369999991
18547,627.1716629999996
18548,720.4194249999996
18549,526.2724110000006
18550,601.5158980000007
18551,386.88245100000023
18552,561.0529570000008
18553,777.2826000000001
18554,466.70009600000054
18555,411.6532999999996
18556,538.0268360000002
18557,558.456785000001
18558,645.6727879999997
18559,497.1088850000002
18560,389.2793599999999
18561,540.7966439999992
18562,722.681400000001
18563,396.22480000000064
18564,697.6856609999996
18565,628.4770709999999
18566,323.0361799999998
18567,587.8232350000004
18568,501.7923500000002
18569,491.0776490000006
18570,484.16515799999996
18571,332.526538
18572,382.05150000000066
18573,420.3722330000008
18574,582.1873869999995
18575,632.4382730000002
18576,269.1880999999996
18577,710.4609820000001
18578,595.5552669999996
18579,525.1155350000009
18580,395.70180000000016
18581,535.2512749999993
18582,454.8285190000008
18583,566.8331529999994
18584,503.1636560000001
18585,511.8569619999999
18586,316.86687199999943
18587,426.6932109999998
18588,551.873261
18589,356.78693899999956
18590,455.77148800000083
18591,296.37207099999944
18592,669.1408440000005
18593,611.6103209999995
18594,506.9637740000006
18595,548.7666410000004
18596,310.81837699999943
18597,367.8086410000002
18598,595.1855060000001
18599,459.8963890000002
18600,654.6234099999998
18601,567.0528130000006
18602,533.1054060000006
18603,607.360945999999
18604,554.7199499999998
18605,642.0870999999987
18606,435.6600460000004
18607,507.7681480000005
18608,555.5609339999996
18609,508.13372499999997
18610,278.70669999999967
18611,466.1279340000004
18612,391.1386250000001
18613,352.47271199999994
18614,581.2109459999997
18615,432.1052150000004
18616,388.40804200000025
18617,425.0180420000004
18618,529.5840470000002
18619,443.05578899999955
18620,528.5673350000009
18621,528.2022809999995
18622,483.9287619999998
18623,445.5620049999998
18624,484.4831419999996
18625,632.4978949999997
18626,527.5286570000003
18627,605.2265829999994
18628,486.55056099999973
18629,558.1199730000003
18630,533.5980720000005
18631,565.099931
18632,564.9759800000002
18633,537.2679630000008
18634,623.8793779999997
18635,766.5930029999997
18636,292.67079999999993
18637,452.8944650000001
18638,471.65761299999997
18639,297.5587579999999
18640,759.1010279999999
18641,582.3254589999997
18642,328.86135399999955
18643,404.78735600000005
18644,656.0470160000006
18645,523.3049089999997
18646,525.7222149999994
18647,468.14305299999995
18648,533.0212029999996
18649,496.1523180000007
18650,500.4419640000008
18651,437.55958200000043
18652,596.1870509999997
18653,484.37854200000055
18654,494.77735100000064
18655,589.8812399999995
18656,605.3949890000005
18657,543.9534719999992
18658,527.9852359999998
18659,289.0662840000002
18660,547.1693990000005
18661,489.9751650000001
18662,504.5401919999998
18663,602.5001840000003
18664,363.0624160000004
18665,461.49624599999987
18666,530.6420759999997
18667,587.956077
18668,473.726078
18669,426.28056400000014
18670,468.7805900000001
18671,289.04379499999953
18672,710.2339999999983
18673,453.38660799999957
18674,684.731997
18675,429.0665849999999
18676,600.7481339999997
18677,684.4762500000008
18678,474.8086879999996
18679,512.2199239999994
18680,599.189071000001
18681,664.5159549999996
18682,478.78662599999984
18683,635.3796250000007
18684,324.8771399999997
18685,581.8929380000003
18686,723.4502100000016
18687,755.1487170000012
18688,592.5040849999998
18689,601.3161119999987
18690,573.0531919999997
18691,573.0327950000005
18692,438.5966910000001
18693,449.15239999999926
18694,562.8322029999998
18695,281.4785999999996
18696,481.06586000000044
18697,487.78850200000045
18698,343.01268800000065
18699,410.05082799999997
18700,499.87503199999986
18701,620.5583280000001
18702,477.8086160000001
18703,507.23887200000064
18704,452.6418559999999
18705,530.5359070000006
18706,420.7854030000004
18707,535.6215589999999
18708,577.4244259999992
18709,282.90115999999966
18710,380.2868979999995
18711,617.0678260000004
18712,305.9795809999995
18713,459.12182600000017
18714,514.1660069999995
18715,755.0760200000001
18716,585.401745
18717,695.9979399999992
18718,582.4938649999999
18719,500.05546699999996
18720,562.7720580000005
18721,638.0542469999997
18722,681.2284200000008
18723,581.2135609999996
18724,580.2203839999993
18725,332.19077200000044
18726,609.0779549999996
18727,769.7513999999996
18728,650.5884649999995
18729,457.4952960000001
18730,480.3493499999997
18731,438.33676000000014
18732,713.1769209999998
18733,390.0492159999999
18734,452.7187370000004
18735,725.9762999999999
18736,689.5289529999992
18737,572.6321770000001
18738,604.2271300000003
18739,453.66536700000074
18740,330.02032200000036
18741,583.0409230000005
18742,495.5147810000006
18743,278.70669999999967
18744,441.65153400000077
18745,455.2694080000001
18746,594.5584290000004
18747,681.0673359999992
18748,354.66931199999976
18749,522.9042910000001
18750,687.1445959999998
18751,358.11012900000003
18752,598.1864800000003
18753,410.358352
18754,564.2646999999998
18755,396.22480000000064
18756,748.0991999999985
18757,671.9184970000001
18758,557.9672569999989
18759,308.3989789999995
18760,370.04760400000066
18761,496.07648299999966
18762,357.889423
18763,449.15239999999926
18764,418.634304
18765,562.705637
18766,564.765734000001
18767,628.2077259999996
18768,470.22982300000024
18769,459.49838600000066
18770,697.3535559999988
18771,463.7828020000006
18772,542.7087320000006
18773,439.9115130000001
18774,480.38177600000034
18775,602.1963209999996
18776,559.3652360000008
18777,415.1547850000003
18778,363.7276719999999
18779,382.379944
18780,494.4829020000002
18781,453.9404650000002
18782,481.12286699999976
18783,650.8447350000008
18784,484.65207100000015
18785,560.7768130000007
18786,560.427972
18787,457.6856679999998
18788,530.7189570000004
18789,536.7120139999992
18790,549.2781350000002
18791,487.5186340000001
18792,476.10154400000056
18793,378.86119999999954
18794,492.2925779999998
18795,558.037339
18796,546.523494
18797,704.727333
18798,396.22480000000064
18799,385.76479999999947
18800,546.3336450000004
18801,585.4017449999999
18802,715.150200000002
18803,777.2826000000001
18804,549.8612800000004
18805,314.51912500000003
18806,353.07259300000055
18807,636.3633880000007
18808,588.9958010000004
18809,355.5772399999995
18810,688.3825369999993
18811,759.4106439999999
18812,395.45180600000015
18813,728.7508150000008
18814,292.61745399999944
18815,444.90877799999964
18816,562.1601479999997
18817,575.6723760000004
18818,689.3663000000009
18819,352.0312999999996
18820,548.4868359999994
18821,328.63541799999956
18822,545.2850300000002
18823,360.1508750000001
18824,757.552948
18825,513.1492950000007
18826,526.7797209999995
18827,399.5254529999999
18828,382.76801000000006
18829,457.3122460000001
18830,571.6599200000004
18831,438.5506669999996
18832,424.0959930000001
18833,710.2339999999984
18834,543.4398859999992
18835,605.8201880000007
18836,567.3493539999993
18837,375.8377370000001
18838,405.5666259999998
18839,441.62329200000045
18840,349.8880460000003
18841,627.5639129999996
18842,608.7448040000003
18843,604.2297450000005
18844,653.4466599999997
18845,530.2194920000007
18846,663.9668050000009
18847,552.3460530000001
18848,462.73680199999995
18849,362.6848099999997
18850,436.99944900000065
18851,569.8173909999996
18852,608.0502599999996
18853,568.488448
18854,568.9842519999994
18855,365.02628100000044
18856,683.9297149999989
18857,710.2339999999984
18858,766.5930029999997
18859,522.2348510000008
18860,662.3423670000008
18861,471.2198620000002
18862,528.5098050000008
18863,375.47739
18864,623.093832
18865,511.63887100000005
18866,644.2449980000002
18867,547.9355939999998
18868,725.9762999999999
18869,658.8931819999999
18870,373.5595489999999
18871,595.0892739999995
18872,376.90047300000015
18873,663.9160739999991
18874,525.9324610000004
18875,451.71039299999984
18876,556.7089190000007
18877,638.904644999999
18878,350.9853000000002
18879,425.1022450000001
18880,419.6844880000002
18881,507.8549660000001
18882,352.0312999999996
18883,350.1919089999999
18884,414.31798499999985
18885,592.1541980000001
18886,558.38618
18887,705.1713600000008
18888,635.3064050000012
18889,554.6969380000005
18890,606.7202709999998
18891,552.8622540000003
18892,436.12237800000025
18893,689.3663000000009
18894,561.437885
18895,469.0902059999994
18896,427.2716490000002
18897,457.39383399999946
18898,474.47449100000085
18899,497.5743550000004
18900,441.2734050000005
18901,662.6990529999996
18902,523.8770709999997
18903,451.93894399999937
18904,334.23047200000036
18905,351.7174999999995
18906,480.3373210000008
18907,564.1757900000005
18908,439.9543989999996
18909,676.7159760000001
18910,454.8431630000008
18911,669.7093450000009
18912,568.9157390000001
18913,757.8060800000012
18914,445.32194799999985
18915,492.413914
18916,578.0080940000004
18917,407.9635350000001
18918,497.01108400000084
18919,431.16276899999974
18920,400.14311599999996
18921,610.2845160000003
18922,454.88081900000066
18923,691.0984759999998
18924,324.4168999999997
18925,471.8772730000003
18926,526.0700100000004
18927,516.7240000000003
18928,563.9885560000004
18929,532.3046929999996
18930,545.642762000001
18931,446.0719300000006
18932,524.8702480000003
18933,462.0825290000001
18934,337.7638599999999
18935,475.27625000000006
18936,707.6278909999994
18937,547.057477000001
18938,683.0087119999998
18939,554.090781
18940,352.0312999999996
18941,618.0291000000007
18942,751.5049760000012
18943,467.3695359999994
18944,504.3037960000001
18945,739.8687489999994
18946,281.4785999999996
18947,468.0138720000001
18948,432.73281500000036
18949,593.3774950000009
18950,604.0027630000011
18951,468.99188200000043
18952,444.2194639999995
18953,464.9014989999998
18954,525.703387
18955,314.10281699999996
18956,545.0972730000003
18957,371.44244500000053
18958,622.2622620000006
18959,483.59561100000036
18960,373.6102800000005
18961,350.4335350000006
18962,424.4369889999998
18963,392.6296980000001
18964,558.733452
18965,571.8455849999998
18966,490.2638610000006
18967,614.4894359999995
18968,695.5314240000006
18969,578.603791
18970,748.3627920000013
18971,574.0155119999996
18972,448.2455179999994
18973,755.7637649999991
18974,611.4152420000005
18975,592.23997
18976,519.4116970000009
18977,611.5475610000002
18978,483.5893350000003
18979,535.9045019999998
18980,366.8363839999999
18981,538.028405
18982,419.396838
18983,426.9071180000005
18984,554.8538379999994
18985,477.00633399999975
18986,642.0870999999987
18987,684.3946619999997
18988,615.9841700000005
18989,535.6801349999996
18990,439.1107999999997
18991,482.33622700000006
18992,468.0604190000006
18993,376.1677500000002
18994,398.24305700000025
18995,617.2963770000005
18996,333.16145999999986
18997,448.28788099999974
18998,505.5506280000008
18999,524.6657549999991
19000,352.2054590000002
19001,357.23096600000025
19002,569.8116379999994
19003,533.9955520000004
19004,386.1648949999997
19005,444.44539999999995
19006,553.0688390000001
19007,310.87956799999967
19008,710.2339999999984
19009,575.4422559999999
19010,458.27927300000084
19011,439.20964700000025
19012,360.7131000000006
19013,490.3773519999996
19014,596.5782549999998
19015,725.9762999999999
19016,583.4703060000002
19017,678.5961609999993
19018,442.37745799999954
19019,383.9269780000003
19020,355.0652229999998
19021,391.0486690000006
19022,360.2366470000006
19023,394.4471230000001
19024,740.8634950000005
19025,347.60985799999986
19026,471.24653500000056
19027,391.23956400000026
19028,662.3486430000006
19029,382.05150000000066
19030,510.73564999999996
19031,360.53684900000025
19032,679.3743849999998
19033,507.1630370000001
19034,642.0870999999987
19035,576.1451680000005
19036,529.8905250000004
19037,500.5172760000005
19038,356.01289900000046
19039,523.4759300000004
19040,473.2109230000007
19041,506.4266529999996
19042,565.7322380000008
19043,360.7131000000006
19044,604.2396819999997
19045,558.2015610000001
19046,551.5557999999994
19047,516.5697149999995
19048,725.9762999999999
19049,522.3096400000005
19050,360.94322000000034
19051,537.2684859999997
19052,403.7492009999998
19053,364.0623920000003
19054,454.4012279999993
19055,590.8200249999994
19056,315.65717299999943
19057,560.4117590000009
19058,716.4624069999998
19059,454.73594800000086
19060,458.2913019999997
19061,392.9147329999998
19062,413.4670640000001
19063,378.8611999999994
19064,556.8872619999997
19065,513.139881000001
19066,496.8850410000003
19067,485.2069740000001
19068,499.63968200000005
19069,718.9158000000011
19070,705.5871450000013
19071,432.2605460000002
19072,385.76479999999947
19073,278.70669999999967
19074,384.5446410000007
19075,447.2769219999999
19076,510.48513299999945
19077,435.4937320000006
19078,456.5627869999999
19079,753.4578580000011
19080,471.49495999999965
19081,451.61520700000005
19082,448.52532300000064
19083,681.0715200000003
19084,492.0948840000008
19085,462.1510420000003
19086,531.3585859999993
19087,564.2646999999998
19088,455.95401499999986
19089,465.0118519999999
19090,725.9762999999999
19091,637.1536409999999
19092,572.9632360000005
19093,721.0067540000001
19094,484.55845400000004
19095,512.6817330000005
19096,439.7227100000003
19097,647.3667849999998
19098,534.8318290000002
19099,401.0322159999999
19100,335.4459239999998
19101,508.4271279999997
19102,325.34365600000035
19103,436.3572049999998
19104,470.40607399999914
19105,391.1454240000001
19106,407.1507929999997
19107,424.0724580000003
19108,531.9793869999995
19109,541.7851140000002
19110,580.2637929999993
19111,560.239168999999
19112,368.3070600000003
19113,551.7890579999997
19114,442.1384469999996
19115,690.0880399999999
19116,388.00219400000003
19117,602.3490370000001
19118,519.212434
19119,513.8365169999998
19120,417.4063000000001
19121,458.4733059999996
19122,765.5313129999998
19123,695.5931380000005
19124,633.6197299999998
19125,500.50629300000037
19126,278.70669999999967
19127,579.7099359999992
19128,520.8562229999995
19129,443.4516999999999
19130,525.4058000000005
19131,502.34516100000025
19132,563.4671249999999
19133,689.765349000001
19134,449.3506169999998
19135,748.0991999999985
19136,412.09785000000045
19137,589.5004959999994
19138,704.6358080000008
19139,345.2223630000004
19140,396.22480000000064
19141,540.3411110000005
19142,536.2554349999999
19143,548.6170629999999
19144,671.3939279999997
19145,574.3444790000007
19146,478.10777200000035
19147,725.9762999999999
19148,478.5486610000004
19149,471.24810400000007
19150,778.1732690000009
19151,323.15751600000027
19152,479.0795060000008
19153,380.0447490000006
19154,473.9054670000008
19155,722.9429000000007
19156,348.65951900000056
19157,722.9429000000007
19158,348.18411199999986
19159,333.1614599999999
19160,535.9934119999995
19161,295.09228999999954
19162,464.5510889999997
19163,610.8974719999989
19164,557.8966519999993
19165,457.44456500000086
19166,512.6785949999999
19167,475.64130399999993
19168,498.17057500000044
19169,606.2683990000006
19170,725.9762999999999
19171,526.7854740000001
19172,622.3637240000004
19173,359.77745300000026
19174,698.6919129999994
19175,477.0989050000004
19176,411.6532999999996
19177,465.3779519999999
19178,502.9675310000012
19179,432.70614200000034
19180,642.0870999999987
19181,678.0527639999997
19182,463.3204700000006
19183,325.45610100000044
19184,387.04091999999997
19185,698.9973449999998
19186,616.2718199999993
19187,516.7475350000005
19188,585.2082349999996
19189,604.4990899999998
19190,703.5647040000008
19191,707.7293529999994
19192,455.77148800000083
19193,730.0923100000005
19194,533.7706620000001
19195,408.42586700000044
19196,521.9618449999995
19197,528.0417200000006
19198,767.6358649999997
19199,596.3277380000004
19200,673.8745170000005
19201,628.7139900000001
19202,337.30362
19203,548.9130810000004
19204,540.1491699999999
19205,465.2555699999995
19206,553.7220659999994
19207,376.1677500000002
19208,744.3963600000005
19209,324.12506599999944
19210,647.4468039999997
19211,455.5873920000004
19212,604.2553720000005
19213,576.2957920000007
19214,452.4561909999996
19215,559.5101069999995
19216,362.8354339999995
19217,658.9120099999996
19218,372.28342899999996
19219,753.8621370000012
19220,570.9496859999994
19221,603.8170980000003
19222,340.2967489999997
19223,777.2826000000001
19224,450.70780199999945
19225,531.164553000001
19226,505.566318
19227,594.9951340000001
19228,334.08193999999986
19229,636.5433000000003
19230,753.5488600000012
19231,570.0176999999998
19232,361.9452880000001
19233,563.1480949999994
19234,558.9928599999994
19235,555.6304929999997
19236,420.7331030000008
19237,436.6009229999996
19238,587.1072480000005
19239,453.58900900000043
19240,725.9762999999999
19241,630.1072619999986
19242,546.3995429999995
19243,473.9216799999998
19244,493.3840789999995
19245,630.4859140000007
19246,767.0323229999991
19247,716.1946310000001
19248,648.3196909999997
19249,344.86096999999927
19250,448.05043899999987
19251,552.577219
19252,456.84416100000067
19253,689.3663000000009
19254,354.6761109999999
19255,430.92951100000005
19256,508.0129119999996
19257,360.0332000000006
19258,452.8965570000002
19259,777.2826000000001
19260,455.057593
19261,393.7928499999999
19262,599.8511889999999
19263,714.2234439999999
19264,679.3084870000005
19265,533.6508950000001
19266,463.9025690000001
19267,725.9762999999999
19268,549.3346190000001
19269,486.6410399999999
19270,725.9762999999999
19271,466.5327359999999
19272,631.7186249999996
19273,618.2733409999994
19274,399.7341300000003
19275,670.416963999999
19276,455.77985600000085
19277,548.5412279999991
19278,380.68228600000026
19279,594.8539240000013
19280,537.8563379999997
19281,766.0883079999992
19282,436.19402900000057
19283,517.3709510000007
19284,359.865317
19285,395.9999100000004
19286,735.116771000001
19287,442.52808199999964
19288,438.11919200000017
19289,457.49425
19290,458.70394899999997
19291,713.7804629999998
19292,533.9992130000007
19293,422.475739
19294,383.01538899999946
19295,600.2648819999994
19296,343.50639999999925
19297,589.8587509999993
19298,587.8117290000005
19299,288.72633400000024
19300,515.286273000001
19301,751.2058200000006
19302,745.4057500000007
19303,498.7997440000002
19304,539.605249999999
19305,449.90499699999987
19306,467.6833360000002
19307,581.128835
19308,539.7945759999991
19309,457.3614080000004
19310,344.44413900000035
19311,522.2568169999997
19312,382.3799439999999
19313,578.1252460000001
19314,528.656245
19315,548.0114290000002
19316,463.7655430000001
19317,748.0991999999985
19318,428.8411720000003
19319,492.7470649999994
19320,440.95803599999977
19321,356.34866500000004
19322,363.7276720000001
19323,549.4585699999996
19324,637.3916060000001
19325,455.81437400000084
19326,580.5781160000009
19327,515.4164999999999
19328,473.36886900000025
19329,689.7653490000008
19330,430.20933999999977
19331,688.5362990000004
19332,338.2241
19333,457.990577
19334,669.902331999999
19335,505.85919800000033
19336,421.26813200000004
19337,513.4970899999996
19338,605.981794999999
19339,427.15135900000024
19340,455.1287210000008
19341,532.4736219999987
19342,722.6814000000012
19343,478.58893200000057
19344,528.5202649999998
19345,448.17072899999926
19346,417.6808750000003
19347,410.70928500000014
19348,520.7019380000005
19349,558.1602439999996
19350,302.6778819999999
19351,452.6146600000001
19352,510.6660910000004
19353,550.6520560000002
19354,609.410059999999
19355,560.4614440000006
19356,287.83409599999953
19357,467.8705699999995
19358,570.1829680000004
19359,360.7131000000006
19360,651.3447229999996
19361,509.9793919999998
19362,564.2646999999998
19363,628.4415070000007
19364,352.2922770000003
19365,352.0312999999996
19366,502.3686959999996
19367,477.8044319999997
19368,725.9762999999999
19369,581.751728000001
19370,493.04308300000065
19371,577.0180550000006
19372,650.2103359999996
19373,564.2646999999998
19374,461.12073200000015
19375,544.2086960000001
19376,475.43053499999974
19377,428.2585499999997
19378,454.4383609999999
19379,501.74580300000076
19380,343.74697999999995
19381,352.0312999999996
19382,652.4791099999994
19383,327.1783399999998
19384,564.6919909999995
19385,722.6814000000012
19386,564.3996339999998
19387,532.0714350000001
19388,548.6343220000003
19389,545.1443430000005
19390,408.7244999999998
19391,682.2430399999993
19392,479.29341300000056
19393,518.4556529999996
19394,497.5440210000007
19395,463.5181640000002
19396,367.6967190000006
19397,315.688553
19398,455.87974900000074
19399,657.3372569999996
19400,570.7734350000001
19401,470.6105670000004
19402,449.0676739999994
19403,478.1192779999999
19404,564.2646999999998
19405,304.7698819999995
19406,352.0312999999996
19407,766.9235389999998
19408,753.3731320000003
19409,549.0427849999996
19410,500.9022040000005
19411,530.4663480000002
19412,518.5529309999998
19413,585.3431689999994
19414,646.5849000000012
19415,759.3897239999991
19416,396.22480000000064
19417,461.5799260000008
19418,429.03520500000013
19419,352.21644200000014
19420,504.425132000001
19421,715.150200000002
19422,358.69850399999973
19423,410.89494999999994
19424,468.16920300000015
19425,611.9936800000005
19426,367.00322100000005
19427,582.1246269999999
19428,458.8650330000002
19429,575.4045999999995
19430,524.5015329999997
19431,391.9581659999999
19432,574.7267919999995
19433,613.4863220000005
19434,378.02126200000004
19435,463.02654400000006
19436,482.3618540000005
19437,450.76585499999993
19438,690.9719100000011
19439,559.1832319999997
19440,419.0354450000001
19441,313.98827999999963
19442,748.5013869999991
19443,505.38274500000074
19444,317.97615500000006
19445,648.7590109999996
19446,718.9158000000011
19447,590.4225449999998
19448,344.85573999999974
19449,566.2615139999997
19450,642.0870999999987
19451,493.5451630000007
19452,465.41560799999957
19453,531.3716610000005
19454,383.83545300000003
19455,417.0642580000001
19456,625.9980509999996
19457,614.2164300000007
19458,328.8226520000003
19459,419.8225600000002
19460,360.0332000000006
19461,413.93567199999967
19462,600.0478370000005
19463,672.4958890000005
19464,447.5860150000007
19465,555.8485840000005
19466,523.3540709999996
19467,391.1930170000003
19468,508.762371
19469,362.4975760000001
19470,689.3663000000009
19471,577.6623910000003
19472,480.09464900000006
19473,462.4585659999999
19474,509.65251699999965
19475,537.210433
19476,468.29943000000026
19477,580.6513359999994
19478,323.1088769999997
19479,588.7118119999997
19480,298.5310149999996
19481,493.43324099999955
19482,469.89144200000027
19483,725.9762999999999
19484,586.2798619999998
19485,584.1674649999993
19486,542.835821
19487,573.5223229999993
19488,335.24875300000036
19489,461.9266749999999
19490,542.0424299999994
19491,506.8298859999996
19492,371.82998800000007
19493,608.8075639999989
19494,351.6861200000006
19495,514.7716410000007
19496,765.0166809999998
19497,622.9505300000008
19498,456.989032
19499,452.5555609999999
19500,476.86460100000033
19501,552.5453160000001
19502,602.3741409999988
19503,642.0870999999987
19504,572.8753719999997
19505,422.19279600000016
19506,531.7748939999997
19507,473.1225359999998
19508,278.70669999999967
19509,305.03818100000046
19510,454.37612400000006
19511,585.8421110000004
19512,487.95586200000037
19513,566.1223960000003
19514,743.1840459999995
19515,429.225054
19516,568.6714980000003
19517,480.48637599999944
19518,465.37429100000014
19519,749.3711360000012
19520,561.6632980000004
19521,428.6188970000001
19522,472.36314000000044
19523,441.39003400000007
19524,471.36787099999987
19525,599.317206000001
19526,551.7874889999998
19527,644.9165299999999
19528,507.5552869999997
19529,722.9429000000007
19530,382.05150000000066
19531,333.2472320000004
19532,575.5541779999994
19533,631.66894
19534,344.5586760000001
19535,269.1880999999996
19536,522.3499110000005
19537,656.2630149999998
19538,381.1467100000002
19539,510.65144700000036
19540,617.327234
19541,432.12247400000024
19542,448.94163099999986
19543,501.6626460000001
19544,410.6512319999999
19545,578.690086000001
19546,458.675707
19547,330.8602599999999
19548,325.98694600000044
19549,593.5249809999999
19550,703.8183589999998
19551,546.5240169999998
19552,642.0870999999987
19553,390.47441499999985
19554,599.247647
19555,679.7540829999988
19556,483.8837840000005
19557,435.0193710000001
19558,691.3672980000003
19559,608.7719999999989
19560,637.4156640000002
19561,728.8527999999997
19562,324.4336360000003
19563,555.8621819999998
19564,532.4249829999999
19565,557.8218630000003
19566,494.89921000000015
19567,432.6846989999998
19568,549.221651
19569,608.1543369999995
19570,467.84285100000045
19571,460.1029739999993
19572,380.97882700000014
19573,361.7324269999998
19574,545.7677589999992
19575,563.9880329999999
19576,532.8323999999998
19577,533.8046570000005
19578,324.4168999999997
19579,551.5176210000008
19580,397.5835540000003
19581,528.9261129999999
19582,574.8177940000002
19583,480.750491
19584,321.1952199999998
19585,722.6814000000012
19586,650.652794000001
19587,506.9559290000005
19588,558.0143269999999
19589,621.1168919999999
19590,713.6863229999988
19591,314.44747399999943
19592,710.2339999999984
19593,722.6814000000012
19594,304.93828799999955
19595,410.19412999999963
19596,540.0152820000003
19597,644.7355719999997
19598,360.7131000000006
19599,625.2240109999999
19600,520.4184720000001
19601,588.9084599999996
19602,461.5197810000004
19603,444.6948709999999
19604,396.22480000000064
19605,615.9637730000007
19606,615.9303010000007
19607,682.0903240000002
19608,556.0562150000002
19609,439.7096350000005
19610,611.7593759999995
19611,412.63549399999994
19612,669.708821999999
19613,616.4569619999996
19614,620.8245350000001
19615,718.608799
19616,480.10877000000056
19617,715.150200000002
19618,620.4223479999999
19619,531.7116110000003
19620,642.0870999999987
19621,406.8035210000003
19622,450.87202399999995
19623,561.4880930000005
19624,303.53560199999987
19625,570.5406999999993
19626,631.2683220000007
19627,443.16405000000043
19628,546.1762219999993
19629,278.70669999999967
19630,354.8052919999998
19631,352.0312999999996
19632,502.3441149999998
19633,292.67079999999993
19634,655.3780989999995
19635,567.2918239999998
19636,344.68994899999956
19637,546.2421199999993
19638,476.1867930000003
19639,547.2196069999994
19640,319.3422310000004
19641,722.6814000000012
19642,584.4498849999997
19643,722.9429000000007
19644,484.93710600000065
19645,547.2771369999992
19646,587.4921760000002
19647,386.4112279999995
19648,450.9143869999997
19649,545.971206
19650,555.8705500000004
19651,500.9236469999996
19652,483.3450940000006
19653,662.794239
19654,450.11419700000033
19655,511.7052919999995
19656,513.0703220000005
19657,469.0541189999996
19658,777.2826000000001
19659,431.2338969999996
19660,333.0014220000004
19661,352.0312999999996
19662,616.0940000000006
19663,447.18905799999925
19664,518.3024140000008
19665,550.5061390000001
19666,553.0201999999994
19667,558.7993499999997
19668,379.71368999999953
19669,509.92656899999986
19670,619.9720449999998
19671,432.76890199999997
19672,455.37610000000086
19673,448.2455179999994
19674,547.4894750000002
19675,571.892655
19676,592.7446650000005
19677,406.55404999999985
19678,390.78769200000005
19679,396.22480000000064
19680,561.9629769999999
19681,468.5034000000003
19682,434.7092319999998
19683,456.9273180000008
19684,540.8803240000002
19685,651.0178479999993
19686,391.7060800000001
19687,630.0764049999997
19688,642.0870999999987
19689,567.103021
19690,544.3096350000002
19691,568.0941059999999
19692,366.1418400000004
19693,452.71298399999955
19694,534.6984640000004
19695,605.2757450000001
19696,458.71754700000076
19697,510.0285539999996
19698,471.6675500000001
19699,568.4999539999994
19700,458.9821849999999
19701,525.3409480000005
19702,620.4777860000005
19703,650.5565620000002
19704,396.22480000000064
19705,725.9762999999999
19706,360.7131000000006
19707,506.8644039999996
19708,642.0870999999987
19709,565.8750170000003
19710,590.5193000000003
19711,311.90464800000024
19712,461.7436249999997
19713,456.9942619999999
19714,343.50639999999925
19715,596.7592130000003
19716,483.4915340000001
19717,465.86434199999945
19718,457.44456500000086
19719,360.0332000000006
19720,281.4785999999996
19721,520.499537000001
19722,457.95239800000076
19723,537.9750589999991
19724,419.19548299999985
19725,711.668066
19726,343.651794
19727,463.4470359999998
19728,519.6444319999999
19729,576.3935929999993
19730,569.3770250000009
19731,628.1386900000002
19732,584.9571949999997
19733,462.84558599999997
19734,384.99128300000046
19735,556.9620509999995
19736,564.8682420000001
19737,477.05131200000056
19738,524.3582310000006
19739,535.8637080000004
19740,555.672856000001
19741,302.3504839999995
19742,457.4445650000008
19743,564.4242149999997
19744,585.9263139999998
19745,566.7986349999998
19746,607.3986020000006
19747,448.37836000000067
19748,570.6981229999996
19749,501.66892200000046
19750,589.3373199999999
19751,297.51168799999954
19752,630.9806719999988
19753,540.8688180000005
19754,641.5321969999998
19755,417.5323430000002
19756,455.3614560000008
19757,756.933716
19758,592.5438329999995
19759,341.06085199999956
19760,517.097945
19761,423.9176500000001
19762,326.25785999999977
19763,418.99465100000043
19764,585.573812
19765,410.28983900000014
19766,449.65081899999973
19767,735.7276350000004
19768,682.0333169999998
19769,506.09768599999944
19770,278.70669999999967
19771,369.00317299999983
19772,389.08323500000006
19773,340.61473300000057
19774,481.3566480000004
19775,295.33600799999965
19776,475.51160000000016
19777,504.7624669999995
19778,344.0346300000003
19779,457.4267830000002
19780,425.4186600000002
19781,539.9765799999996
19782,578.7528459999994
19783,715.150200000002
19784,437.85507699999965
19785,551.4747349999988
19786,308.8325460000004
19787,521.5277550000001
19788,551.4234809999996
19789,471.9123140000006
19790,537.2731930000004
19791,701.7896419999997
19792,654.1610780000001
19793,573.7812080000002
19794,475.29403199999985
19795,600.5912339999993
19796,560.1722249999996
19797,519.2783320000003
19798,696.7928999999995
19799,658.2242650000009
19800,436.891711
19801,533.5578009999996
19802,278.70669999999967
19803,777.2826000000001
19804,692.7846280000007
19805,404.38360000000046
19806,457.44456500000086
19807,676.9330209999998
19808,514.1848350000001
19809,433.5879200000001
19810,646.087003999999
19811,315.5870909999999
19812,463.83876300000003
19813,502.59933899999965
19814,331.99830799999967
19815,587.3813
19816,567.7405579999999
19817,660.1384450000008
19818,467.497671
19819,444.6661060000006
19820,654.3959050000009
19821,469.6262810000008
19822,401.4699669999999
19823,665.9149799999989
19824,360.7131000000006
19825,352.0312999999996
19826,469.41603500000065
19827,491.91131100000064
19828,426.8229149999999
19829,694.3714099999999
19830,470.205242000001
19831,476.19934500000016
19832,612.0815440000002
19833,657.602418
19834,563.6491289999993
19835,525.9748240000004
19836,564.978595000001
19837,471.42278600000014
19838,352.69707900000026
19839,485.6740129999999
19840,626.3866399999999
19841,314.35333399999985
19842,470.846963
19843,487.9485399999996
19844,284.98636099999965
19845,462.1892209999998
19846,650.7375199999998
19847,529.3664790000004
19848,488.84757700000074
19849,549.1416320000006
19850,598.8318619999997
19851,499.9691719999995
19852,475.1601439999995
19853,642.6519400000005
19854,365.020005
19855,524.0878400000006
19856,528.7216199999999
19857,380.9197279999998
19858,517.5215750000003
19859,449.92853200000076
19860,461.205458
19861,404.54520699999995
19862,600.201599
19863,552.5395629999996
19864,343.7469800000001
19865,463.43762200000043
19866,583.6068089999993
19867,534.1215950000002
19868,469.32607899999994
19869,498.61617099999984
19870,346.23332200000056
19871,661.6572369999993
19872,713.4786919999997
19873,339.90659099999976
19874,658.8795840000001
19875,645.1142239999997
19876,554.0954879999998
19877,722.6814000000012
19878,308.9293009999999
19879,542.3065450000001
19880,443.9244920000003
19881,578.1006650000002
19882,593.6280119999999
19883,278.70669999999967
19884,609.3797260000001
19885,428.6110520000007
19886,397.0134840000007
19887,586.8279660000003
19888,503.84564799999976
19889,419.2237250000002
19890,443.49615499999993
19891,525.7253530000002
19892,753.8809650000004
19893,547.0124990000006
19894,586.1736929999996
19895,503.8738899999999
19896,323.4964199999997
19897,401.14779899999957
19898,398.47893000000045
19899,507.47213000000016
19900,474.6680010000007
19901,586.867191
19902,347.84416199999924
19903,402.9986960000001
19904,546.6746410000007
19905,624.5414959999997
19906,466.7319990000001
19907,431.5074259999999
19908,692.4687359999992
19909,614.1358880000004
19910,533.2188970000002
19911,440.99359999999996
19912,527.5181969999998
19913,712.8751499999997
19914,709.0028580000004
19915,648.3845429999998
19916,528.5370010000005
19917,525.2353020000011
19918,292.4004089999999
19919,439.572609
19920,537.4907610000002
19921,681.9266249999991
19922,722.9429000000007
19923,640.4030400000006
19924,487.19646599999993
19925,578.283715
19926,569.4947000000003
19927,581.1356339999994
19928,459.1056129999997
19929,489.03114999999985
19930,656.2624920000011
19931,371.8268500000002
19932,703.9632300000012
19933,415.99786100000017
19934,545.3148409999998
19935,722.9429000000007
19936,619.1268770000001
19937,512.6472149999994
19938,333.16145999999986
19939,405.5974830000001
19940,574.0113279999991
19941,588.4482200000006
19942,327.42833399999967
